﻿,SKU,Produto,Quantidade,Data,Loja,Valor Unitário,Unnamed: 6
0,HL7348,SmartWatch,5,12/14/2023,São Paulo,1400,
10,HL7348,SmartWatch,1,8/3/2023,São Paulo,1400,
12,HL8851,Notebook,3,3/16/2023,São Paulo,3500,
14,HL7348,SmartWatch,2,5/12/2023,São Paulo,1400,
18,HL2714,Tablet,3,4/7/2023,São Paulo,1600,
28,HL7348,SmartWatch,2,6/1/2023,São Paulo,1400,
30,HL1918,iPhone,3,8/24/2023,São Paulo,5300,
36,HL8851,Notebook,3,12/23/2023,São Paulo,3500,
50,HL1918,iPhone,1,5/4/2023,São Paulo,5300,
55,HL1918,iPhone,4,7/7/2023,São Paulo,5300,
58,HL2714,Tablet,2,11/16/2023,São Paulo,1600,
66,HL1918,iPhone,3,1/8/2023,São Paulo,5300,
70,HL1918,iPhone,1,9/30/2023,São Paulo,5300,
87,HL1918,iPhone,5,5/14/2023,São Paulo,5300,
91,HL1148,Câmera,4,2/27/2023,São Paulo,2100,
94,HL7348,SmartWatch,3,10/19/2023,São Paulo,1400,
95,HL9962,Android,3,8/19/2023,São Paulo,3400,
100,HL1148,Câmera,1,1/29/2023,São Paulo,2100,
102,HL2714,Tablet,5,8/24/2023,São Paulo,1600,
103,HL4379,Televisão,3,12/26/2023,São Paulo,2500,
105,HL7348,SmartWatch,1,12/24/2023,São Paulo,1400,
117,HL1918,iPhone,4,5/23/2023,São Paulo,5300,
123,HL7348,SmartWatch,5,9/22/2023,São Paulo,1400,
125,HL2714,Tablet,1,5/1/2023,São Paulo,1600,
131,HL7348,SmartWatch,2,5/21/2023,São Paulo,1400,
134,HL1148,Câmera,1,3/4/2023,São Paulo,2100,
149,HL7348,SmartWatch,1,7/22/2023,São Paulo,1400,
152,HL7348,SmartWatch,4,10/9/2023,São Paulo,1400,
156,HL9962,Android,4,12/31/2023,São Paulo,3400,
158,HL7348,SmartWatch,2,5/1/2023,São Paulo,1400,
177,HL8851,Notebook,4,5/10/2023,São Paulo,3500,
180,HL7348,SmartWatch,2,9/2/2023,São Paulo,1400,
188,HL4379,Televisão,1,12/7/2023,São Paulo,2500,
190,HL1148,Câmera,4,1/30/2023,São Paulo,2100,
195,HL1148,Câmera,5,8/19/2023,São Paulo,2100,
204,HL1148,Câmera,3,9/24/2023,São Paulo,2100,
207,HL4379,Televisão,2,12/11/2023,São Paulo,2500,
218,HL9962,Android,4,7/8/2023,São Paulo,3400,
232,HL2714,Tablet,2,1/14/2023,São Paulo,1600,
240,HL2714,Tablet,4,6/2/2023,São Paulo,1600,
241,HL9962,Android,2,6/10/2023,São Paulo,3400,
242,HL4379,Televisão,4,1/22/2023,São Paulo,2500,
244,HL7348,SmartWatch,3,12/28/2023,São Paulo,1400,
264,HL4379,Televisão,1,5/22/2023,São Paulo,2500,
267,HL7348,SmartWatch,3,8/24/2023,São Paulo,1400,
277,HL2714,Tablet,5,8/15/2023,São Paulo,1600,
278,HL2714,Tablet,1,11/4/2023,São Paulo,1600,
283,HL7348,SmartWatch,3,4/20/2023,São Paulo,1400,
284,HL7348,SmartWatch,2,7/19/2023,São Paulo,1400,
287,HL7348,SmartWatch,2,9/10/2023,São Paulo,1400,
288,HL9962,Android,4,5/9/2023,São Paulo,3400,
292,HL1148,Câmera,5,7/15/2023,São Paulo,2100,
299,HL7348,SmartWatch,5,10/31/2023,São Paulo,1400,
302,HL8851,Notebook,5,5/30/2023,São Paulo,3500,
308,HL7348,SmartWatch,1,3/24/2023,São Paulo,1400,
310,HL2714,Tablet,4,8/31/2023,São Paulo,1600,
311,HL7348,SmartWatch,2,6/30/2023,São Paulo,1400,
312,HL9962,Android,5,4/19/2023,São Paulo,3400,
313,HL9962,Android,5,9/1/2023,São Paulo,3400,
318,HL2714,Tablet,2,8/13/2023,São Paulo,1600,
325,HL9962,Android,5,4/2/2023,São Paulo,3400,
330,HL7348,SmartWatch,1,10/17/2023,São Paulo,1400,
337,HL1148,Câmera,4,1/7/2023,São Paulo,2100,
338,HL1148,Câmera,3,2/20/2023,São Paulo,2100,
339,HL7348,SmartWatch,1,3/21/2023,São Paulo,1400,
340,HL2714,Tablet,1,9/17/2023,São Paulo,1600,
345,HL9962,Android,1,4/17/2023,São Paulo,3400,
348,HL7348,SmartWatch,3,4/23/2023,São Paulo,1400,
351,HL2714,Tablet,5,12/25/2023,São Paulo,1600,
353,HL7348,SmartWatch,5,9/17/2023,São Paulo,1400,
358,HL7348,SmartWatch,1,8/16/2023,São Paulo,1400,
361,HL9962,Android,2,8/28/2023,São Paulo,3400,
365,HL1148,Câmera,3,11/26/2023,São Paulo,2100,
378,HL9962,Android,4,11/11/2023,São Paulo,3400,
394,HL1918,iPhone,3,2/6/2023,São Paulo,5300,
399,HL9962,Android,3,7/26/2023,São Paulo,3400,
406,HL9962,Android,3,5/8/2023,São Paulo,3400,
408,HL9962,Android,4,9/12/2023,São Paulo,3400,
411,HL1918,iPhone,1,1/2/2023,São Paulo,5300,
415,HL8851,Notebook,1,11/9/2023,São Paulo,3500,
417,HL4379,Televisão,2,2/18/2023,São Paulo,2500,
421,HL1918,iPhone,2,1/29/2023,São Paulo,5300,
428,HL1148,Câmera,2,6/14/2023,São Paulo,2100,
431,HL8851,Notebook,5,6/24/2023,São Paulo,3500,
432,HL1918,iPhone,5,7/25/2023,São Paulo,5300,
433,HL2714,Tablet,5,3/11/2023,São Paulo,1600,
440,HL1918,iPhone,2,10/30/2023,São Paulo,5300,
441,HL1918,iPhone,2,8/6/2023,São Paulo,5300,
443,HL2714,Tablet,2,2/10/2023,São Paulo,1600,
444,HL2714,Tablet,1,4/26/2023,São Paulo,1600,
447,HL4379,Televisão,4,7/29/2023,São Paulo,2500,
451,HL1918,iPhone,5,4/7/2023,São Paulo,5300,
456,HL9962,Android,5,5/23/2023,São Paulo,3400,
457,HL8851,Notebook,2,7/18/2023,São Paulo,3500,
458,HL2714,Tablet,2,5/11/2023,São Paulo,1600,
463,HL1148,Câmera,4,11/2/2023,São Paulo,2100,
470,HL4379,Televisão,2,3/31/2023,São Paulo,2500,
477,HL4379,Televisão,5,4/5/2023,São Paulo,2500,
478,HL8851,Notebook,1,10/27/2023,São Paulo,3500,
486,HL7348,SmartWatch,5,4/13/2023,São Paulo,1400,
487,HL2714,Tablet,2,9/7/2023,São Paulo,1600,
494,HL8851,Notebook,4,6/1/2023,São Paulo,3500,
