﻿,SKU,Produto,Quantidade,Primeiro Nome,Sobrenome,Data,Loja,Valor Unitário,Unnamed: 8
14,HL4379,Televisão,4,Ylana,Teraoka,6/23/2023,Porto Alegre,2500,
34,HL1148,Câmera,1,Rubens,Netto,7/11/2023,Porto Alegre,2100,
43,HL1148,Câmera,5,Paloma,Sperandei,9/15/2023,Porto Alegre,2100,
49,HL8851,Notebook,5,Breno,Farias,6/24/2023,Porto Alegre,3500,
52,HL4379,Televisão,2,Lorena,Kohn,7/31/2023,Porto Alegre,2500,
55,HL1918,iPhone,4,Juliana,Goes,3/20/2023,Porto Alegre,5300,
68,HL8851,Notebook,3,Carlos,Melo,1/22/2023,Porto Alegre,3500,
71,HL9962,Android,4,Raphael,Machado,12/14/2023,Porto Alegre,3400,
74,HL7348,SmartWatch,2,Caroline,Aquino,4/12/2023,Porto Alegre,1400,
91,HL1148,Câmera,4,Ulisses,Filho,9/30/2023,Porto Alegre,2100,
95,HL1918,iPhone,3,Aline,Andrade,11/21/2023,Porto Alegre,5300,
113,HL4379,Televisão,5,Alexandre,Dantas,9/15/2023,Porto Alegre,2500,
120,HL8851,Notebook,3,Wilson,Vianna,10/27/2023,Porto Alegre,3500,
132,HL7348,SmartWatch,3,Carlos,Barbosa,2/26/2023,Porto Alegre,1400,
136,HL1918,iPhone,3,Roberta,Nogueira,10/17/2023,Porto Alegre,5300,
142,HL7348,SmartWatch,1,Pedro,Rodrigues,4/23/2023,Porto Alegre,1400,
160,HL4379,Televisão,2,Ravena,Bhering,11/24/2023,Porto Alegre,2500,
166,HL2714,Tablet,5,Bruna,Gomes,8/22/2023,Porto Alegre,1600,
193,HL9962,Android,3,Bianca,Paz,9/13/2023,Porto Alegre,3400,
214,HL4379,Televisão,2,Guilherme,Lima,5/31/2023,Porto Alegre,2500,
238,HL4379,Televisão,5,Clara,Bruno,1/17/2023,Porto Alegre,2500,
243,HL9962,Android,4,Giovana,Vilela,1/25/2023,Porto Alegre,3400,
282,HL4379,Televisão,4,Leonardo,Ferreira,2/5/2023,Porto Alegre,2500,
292,HL1918,iPhone,2,Gabrielle,Silva,10/1/2023,Porto Alegre,5300,
323,HL4379,Televisão,3,Iuri,Barbosa,8/18/2023,Porto Alegre,2500,
328,HL2714,Tablet,5,Bárbara,Cavalcante,6/18/2023,Porto Alegre,1600,
346,HL4379,Televisão,3,Lucas,Lima,7/18/2023,Porto Alegre,2500,
358,HL1918,iPhone,3,Rafaela,Gomes,6/2/2023,Porto Alegre,5300,
360,HL1918,iPhone,3,Arthur,Souza,12/31/2023,Porto Alegre,5300,
371,HL4379,Televisão,5,Thales,Portillo,7/23/2023,Porto Alegre,2500,
375,HL9962,Android,3,Gustavo,Azevedo,3/2/2023,Porto Alegre,3400,
398,HL1918,iPhone,1,Stefan,Nunes,11/24/2023,Porto Alegre,5300,
399,HL8851,Notebook,3,Mariana,Baptista,2/28/2023,Porto Alegre,3500,
402,HL2714,Tablet,5,Patrí­cia,Ferreira,2/3/2023,Porto Alegre,1600,
412,HL1918,iPhone,2,Ana,Júnior,10/27/2023,Porto Alegre,5300,
453,HL4379,Televisão,3,Alexandre,Dantas,1/9/2023,Porto Alegre,2500,
464,HL1918,iPhone,1,Natali,Rangel,1/9/2023,Porto Alegre,5300,
470,HL1918,iPhone,3,Victor,Firmino,3/31/2023,Porto Alegre,5300,
490,HL7348,SmartWatch,3,Paloma,Sperandei,2/9/2023,Porto Alegre,1400,
491,HL8851,Notebook,3,Guilherme,Castilho,9/16/2023,Porto Alegre,3500,
503,HL2714,Tablet,4,Jonatas,Passos,8/11/2023,Porto Alegre,1600,
506,HL7348,SmartWatch,1,Jonas,Gomes,4/10/2023,Porto Alegre,1400,
514,HL4379,Televisão,5,Carolina,Rocha,11/29/2023,Porto Alegre,2500,
523,HL8851,Notebook,5,Bruna,Rosa,6/27/2023,Porto Alegre,3500,
533,HL8851,Notebook,2,Laura,Araujo,9/9/2023,Porto Alegre,3500,
548,HL8851,Notebook,3,Thais,Rodrigues,10/11/2023,Porto Alegre,3500,
550,HL1918,iPhone,5,Joío,Junior,1/22/2023,Porto Alegre,5300,
555,HL4379,Televisão,3,Yasmim,Verly,6/17/2023,Porto Alegre,2500,
567,HL4379,Televisão,1,Wen,Santos,8/19/2023,Porto Alegre,2500,
591,HL1918,iPhone,4,Amanda,Braga,1/1/2023,Porto Alegre,5300,
599,HL1918,iPhone,1,Victor,Corríªa,4/15/2023,Porto Alegre,5300,
601,HL4379,Televisão,3,Julie,Ferreira,3/18/2023,Porto Alegre,2500,
627,HL2714,Tablet,4,Raul,Silveira,12/31/2023,Porto Alegre,1600,
651,HL8851,Notebook,1,Ananda,Dias,11/29/2023,Porto Alegre,3500,
680,HL1918,iPhone,2,Ana,Gonzaga,4/15/2023,Porto Alegre,5300,
708,HL9962,Android,1,Patrí­cia,Ferreira,11/22/2023,Porto Alegre,3400,
745,HL1148,Câmera,5,Letí­cia,Leal,7/10/2023,Porto Alegre,2100,
756,HL1918,iPhone,3,Antônio,Soares,1/14/2023,Porto Alegre,5300,
780,HL1918,iPhone,3,Matheus,Delgado,2/6/2023,Porto Alegre,5300,
789,HL1918,iPhone,3,Pedro,Bitencourt,3/10/2023,Porto Alegre,5300,
798,HL8851,Notebook,4,Bruno,Velucci,6/11/2023,Porto Alegre,3500,
808,HL1918,iPhone,1,Isabela,Chagas,9/26/2023,Porto Alegre,5300,
814,HL4379,Televisão,4,Luiza,Farias,10/8/2023,Porto Alegre,2500,
838,HL1148,Câmera,1,Raphael,Machado,3/3/2023,Porto Alegre,2100,
873,HL1918,iPhone,5,Bruno,Temporal,1/23/2023,Porto Alegre,5300,
883,HL1148,Câmera,3,Lais,Candido,11/9/2023,Porto Alegre,2100,
896,HL7348,SmartWatch,3,Larissa,Cruz,5/6/2023,Porto Alegre,1400,
904,HL1918,iPhone,5,Guilherme,Lima,9/17/2023,Porto Alegre,5300,
916,HL7348,SmartWatch,3,Ian,Almeida,10/15/2023,Porto Alegre,1400,
918,HL9962,Android,3,Paula,Cavalcanti,7/1/2023,Porto Alegre,3400,
921,HL1148,Câmera,5,Jorge,Fonseca,4/1/2023,Porto Alegre,2100,
926,HL2714,Tablet,2,Priscila,Suzano,8/14/2023,Porto Alegre,1600,
935,HL8851,Notebook,3,Bruno,Souza,8/1/2023,Porto Alegre,3500,
942,HL7348,SmartWatch,4,Felipe,Cavalcanti,2/26/2023,Porto Alegre,1400,
966,HL4379,Televisão,3,Douglas,Rodrigues,8/14/2023,Porto Alegre,2500,
984,HL7348,SmartWatch,3,Lucas,Reis,6/19/2023,Porto Alegre,1400,
987,HL4379,Televisão,5,Priscila,Garcia,3/11/2023,Porto Alegre,2500,
996,HL7348,SmartWatch,1,Leonardo,Faria,3/20/2023,Porto Alegre,1400,
1016,HL2714,Tablet,1,Antonio,Bernhardt,8/7/2023,Porto Alegre,1600,
1047,HL8851,Notebook,4,Antonio,Bernhardt,11/16/2023,Porto Alegre,3500,
1050,HL2714,Tablet,1,Marina,Delgado,3/12/2023,Porto Alegre,1600,
1067,HL8851,Notebook,4,Gabriel,Brito,5/28/2023,Porto Alegre,3500,
1104,HL1148,Câmera,3,Ulisses,Filho,9/2/2023,Porto Alegre,2100,
1119,HL9962,Android,1,Yasmim,Verly,8/8/2023,Porto Alegre,3400,
1145,HL1918,iPhone,2,Jeferson,Costa,8/3/2023,Porto Alegre,5300,
1166,HL8851,Notebook,3,Rojane,Lima,6/1/2023,Porto Alegre,3500,
1186,HL2714,Tablet,1,Lenon,Fernandes,12/19/2023,Porto Alegre,1600,
1205,HL4379,Televisão,1,Victor,Oliveira,3/17/2023,Porto Alegre,2500,
1210,HL8851,Notebook,4,Pedro,Buraco,11/26/2023,Porto Alegre,3500,
1226,HL9962,Android,1,Raul,Junqueira,11/12/2023,Porto Alegre,3400,
1241,HL1148,Câmera,5,Natalia,Guedes,8/29/2023,Porto Alegre,2100,
1253,HL1918,iPhone,5,Thais,Rodrigues,6/16/2023,Porto Alegre,5300,
1308,HL4379,Televisão,4,Thayna,Martins,11/13/2023,Porto Alegre,2500,
1342,HL4379,Televisão,1,Katharina,Barros,1/14/2023,Porto Alegre,2500,
1378,HL8851,Notebook,5,Tainah,Nogueira,5/15/2023,Porto Alegre,3500,
1396,HL8851,Notebook,2,Lí­via,Marques,1/1/2023,Porto Alegre,3500,
1401,HL4379,Televisão,3,Juliana,Huon,4/27/2023,Porto Alegre,2500,
1411,HL1918,iPhone,3,Gabriela,Cavalcanti,1/8/2023,Porto Alegre,5300,
1420,HL2714,Tablet,2,Victor,Lira,11/3/2023,Porto Alegre,1600,
1424,HL4379,Televisão,1,Joío,Júnior,8/31/2023,Porto Alegre,2500,
1451,HL1918,iPhone,5,Pedro,Pereira,4/30/2023,Porto Alegre,5300,
1514,HL4379,Televisão,4,David,Campelo,5/14/2023,Porto Alegre,2500,
1515,HL4379,Televisão,1,Mateus,Polastri,6/17/2023,Porto Alegre,2500,
1541,HL1918,iPhone,4,Henrique,Villanova,6/12/2023,Porto Alegre,5300,
1544,HL2714,Tablet,5,Rebeca,Manhíes,11/6/2023,Porto Alegre,1600,
1560,HL9962,Android,4,Stephanie,Novak,1/20/2023,Porto Alegre,3400,
1585,HL7348,SmartWatch,1,Joío,Pedrazza,7/8/2023,Porto Alegre,1400,
1591,HL1918,iPhone,5,Marcelo,Rosa,10/8/2023,Porto Alegre,5300,
1603,HL9962,Android,5,Paula,Cavalcanti,6/13/2023,Porto Alegre,3400,
1668,HL9962,Android,2,Rogério,Gentile,9/19/2023,Porto Alegre,3400,
1669,HL4379,Televisão,2,Bruno,Silva,6/25/2023,Porto Alegre,2500,
1680,HL9962,Android,1,Thomáz,Bôas,5/7/2023,Porto Alegre,3400,
1681,HL1918,iPhone,5,Lucas,Lemos,6/6/2023,Porto Alegre,5300,
1682,HL1918,iPhone,1,Rubens,Netto,11/11/2023,Porto Alegre,5300,
1683,HL1918,iPhone,2,Mariana,Barrozo,12/31/2023,Porto Alegre,5300,
1713,HL4379,Televisão,3,Juliana,Goes,8/13/2023,Porto Alegre,2500,
1717,HL2714,Tablet,5,Marcelo,Borges,6/27/2023,Porto Alegre,1600,
1725,HL4379,Televisão,1,Ulisses,Quinto,3/13/2023,Porto Alegre,2500,
1776,HL9962,Android,3,Cláudio,Aragío,11/3/2023,Porto Alegre,3400,
1786,HL1148,Câmera,1,Jéssica,Netto,1/13/2023,Porto Alegre,2100,
1819,HL4379,Televisão,5,Thales,Santos,12/3/2023,Porto Alegre,2500,
1854,HL1918,iPhone,3,Caio,Vianna,5/1/2023,Porto Alegre,5300,
1858,HL9962,Android,5,Amanda,Delgado,11/30/2023,Porto Alegre,3400,
1871,HL9962,Android,4,Fabio,Boccaletti,7/21/2023,Porto Alegre,3400,
1889,HL2714,Tablet,4,Joao,Silva,7/1/2023,Porto Alegre,1600,
1892,HL1918,iPhone,4,Patrí­cia,Amaral,7/2/2023,Porto Alegre,5300,
1910,HL1918,iPhone,4,Ana,Monte,5/19/2023,Porto Alegre,5300,
1936,HL8851,Notebook,5,Camilla,Vieira,1/23/2023,Porto Alegre,3500,
1957,HL1148,Câmera,4,Julia,Silva,10/29/2023,Porto Alegre,2100,
1959,HL1918,iPhone,2,Aline,Andrade,2/11/2023,Porto Alegre,5300,
1960,HL1918,iPhone,2,Stephanie,Novak,3/19/2023,Porto Alegre,5300,
1964,HL1918,iPhone,1,Julie,Ferreira,4/13/2023,Porto Alegre,5300,
1994,HL2714,Tablet,4,Marina,Miranda,1/11/2023,Porto Alegre,1600,
2028,HL1918,iPhone,2,Guilherme,Vianna,3/23/2023,Porto Alegre,5300,
2034,HL1148,Câmera,4,Ana,Felippe,8/25/2023,Porto Alegre,2100,
2052,HL1918,iPhone,2,Aní­zio,Carvalho,9/29/2023,Porto Alegre,5300,
2065,HL4379,Televisão,2,Juan,Barbosa,6/12/2023,Porto Alegre,2500,
2086,HL4379,Televisão,5,Julia,Leig,8/31/2023,Porto Alegre,2500,
2099,HL1918,iPhone,1,Daniel,Costa,9/13/2023,Porto Alegre,5300,
2110,HL1918,iPhone,4,Carolina,Alfradique,9/16/2023,Porto Alegre,5300,
2120,HL4379,Televisão,4,Bruno,Barcessat,11/27/2023,Porto Alegre,2500,
2121,HL4379,Televisão,1,Beatriz,Li,2/13/2023,Porto Alegre,2500,
2163,HL2714,Tablet,5,Wilson,Brandío,4/4/2023,Porto Alegre,1600,
2177,HL9962,Android,4,Natalia,Guedes,9/27/2023,Porto Alegre,3400,
2188,HL1918,iPhone,1,Arthur,Pereira,3/2/2023,Porto Alegre,5300,
2199,HL1918,iPhone,3,Cézar,Santos,12/4/2023,Porto Alegre,5300,
2202,HL4379,Televisão,5,Luiz,Almeida,8/18/2023,Porto Alegre,2500,
2205,HL9962,Android,4,Alon,Guedes,9/14/2023,Porto Alegre,3400,
2220,HL4379,Televisão,1,Thaí­s,Moura,11/7/2023,Porto Alegre,2500,
2224,HL7348,SmartWatch,5,Adriana,Carneiro,3/14/2023,Porto Alegre,1400,
2245,HL4379,Televisão,1,Caroll,Johnson,10/12/2023,Porto Alegre,2500,
2281,HL1148,Câmera,4,Matheus,Gomes,11/17/2023,Porto Alegre,2100,
2311,HL4379,Televisão,1,Bárbara,Lima,5/9/2023,Porto Alegre,2500,
2349,HL7348,SmartWatch,4,Rachel,Restum,12/24/2023,Porto Alegre,1400,
2354,HL1148,Câmera,2,Alon,Pestana,12/1/2023,Porto Alegre,2100,
2370,HL1918,iPhone,4,Breno,Caputo,1/4/2023,Porto Alegre,5300,
2407,HL1148,Câmera,3,Deysiane,Medronho,7/9/2023,Porto Alegre,2100,
2420,HL7348,SmartWatch,3,Bruna,Silva,7/3/2023,Porto Alegre,1400,
2421,HL1918,iPhone,2,Giuseppe,Bhering,9/3/2023,Porto Alegre,5300,
2443,HL9962,Android,1,Patrick,Silva,8/18/2023,Porto Alegre,3400,
2458,HL4379,Televisão,2,Thayane,Resende,3/28/2023,Porto Alegre,2500,
2473,HL8851,Notebook,1,Vitor,Campos,2/8/2023,Porto Alegre,3500,
2477,HL8851,Notebook,5,Joío,Castilho,2/20/2023,Porto Alegre,3500,
2482,HL2714,Tablet,1,Julia,Penteado,9/18/2023,Porto Alegre,1600,
2488,HL9962,Android,5,Myllena,Corríªa,7/8/2023,Porto Alegre,3400,
2491,HL4379,Televisão,5,Tadeu,Nakayama,4/10/2023,Porto Alegre,2500,
2499,HL7348,SmartWatch,1,Renan,Ventura,11/5/2023,Porto Alegre,1400,
2540,HL4379,Televisão,5,José,Seixas,11/2/2023,Porto Alegre,2500,
2551,HL2714,Tablet,5,Eduardo,Peluzo,10/23/2023,Porto Alegre,1600,
2565,HL9962,Android,5,Rachel,Restum,6/24/2023,Porto Alegre,3400,
2566,HL8851,Notebook,1,Raphael,Machado,4/9/2023,Porto Alegre,3500,
2584,HL1918,iPhone,5,Bruna,Franco,11/9/2023,Porto Alegre,5300,
2609,HL4379,Televisão,2,Fernanda,Silva,12/7/2023,Porto Alegre,2500,
2641,HL4379,Televisão,2,Mônica,Rotolo,11/29/2023,Porto Alegre,2500,
2645,HL9962,Android,2,Renan,Ventura,11/30/2023,Porto Alegre,3400,
2648,HL1148,Câmera,3,Joío,Rodrigues,1/8/2023,Porto Alegre,2100,
2649,HL4379,Televisão,2,Beatriz,Rocha,11/30/2023,Porto Alegre,2500,
2654,HL4379,Televisão,1,Luiza,Cavalcanti,4/2/2023,Porto Alegre,2500,
2681,HL7348,SmartWatch,3,Eduardo,Nunes,4/7/2023,Porto Alegre,1400,
2707,HL2714,Tablet,3,Matheus,Gomes,3/19/2023,Porto Alegre,1600,
2709,HL7348,SmartWatch,4,Amanda,Roberto,1/30/2023,Porto Alegre,1400,
2712,HL4379,Televisão,5,Matheus,Souza,6/2/2023,Porto Alegre,2500,
2741,HL1918,iPhone,3,Tadeu,Nakayama,9/7/2023,Porto Alegre,5300,
2753,HL2714,Tablet,5,Giovanna,Santos,1/15/2023,Porto Alegre,1600,
2761,HL1918,iPhone,1,Priscila,Vogel,6/11/2023,Porto Alegre,5300,
2787,HL2714,Tablet,1,Pedro,Ronfini,11/7/2023,Porto Alegre,1600,
2791,HL1918,iPhone,4,Pedro,Dalforne,4/4/2023,Porto Alegre,5300,
2796,HL4379,Televisão,3,Bruno,Mota,6/2/2023,Porto Alegre,2500,
2800,HL1148,Câmera,3,Caio,Moraes,1/8/2023,Porto Alegre,2100,
2833,HL1918,iPhone,3,Carolina,Motta,7/20/2023,Porto Alegre,5300,
2844,HL4379,Televisão,2,Lucas,Valim,8/27/2023,Porto Alegre,2500,
2857,HL1918,iPhone,3,Ana,Júnior,4/14/2023,Porto Alegre,5300,
2867,HL9962,Android,2,Mariana,Miranda,2/11/2023,Porto Alegre,3400,
2876,HL4379,Televisão,4,Izabel,Miura,4/4/2023,Porto Alegre,2500,
2892,HL1918,iPhone,4,Bruno,Temporal,10/26/2023,Porto Alegre,5300,
2894,HL8851,Notebook,3,Milena,Pereira,10/14/2023,Porto Alegre,3500,
2896,HL1148,Câmera,4,Guilherme,Assis,5/21/2023,Porto Alegre,2100,
2897,HL1918,iPhone,3,Joío,Fonseca,4/15/2023,Porto Alegre,5300,
2918,HL9962,Android,2,Arthur,Fernandes,3/17/2023,Porto Alegre,3400,
2929,HL1918,iPhone,4,Lucas,Almeida,12/1/2023,Porto Alegre,5300,
2935,HL8851,Notebook,1,Marina,Gama,12/19/2023,Porto Alegre,3500,
2947,HL2714,Tablet,3,Raul,Junqueira,5/25/2023,Porto Alegre,1600,
2972,HL4379,Televisão,4,Guilherme,Assis,10/4/2023,Porto Alegre,2500,
2982,HL1148,Câmera,2,Joyce,Medina,4/27/2023,Porto Alegre,2100,
3026,HL9962,Android,2,Marina,Correa,2/6/2023,Porto Alegre,3400,
3049,HL9962,Android,1,Julia,Leig,6/18/2023,Porto Alegre,3400,
3052,HL1148,Câmera,5,Juliana,Huon,3/13/2023,Porto Alegre,2100,
3059,HL1918,iPhone,5,Rafaela,Ferreira,1/10/2023,Porto Alegre,5300,
3064,HL1918,iPhone,5,Paulo,Campos,2/28/2023,Porto Alegre,5300,
3065,HL4379,Televisão,2,Adrielle,Forte,3/24/2023,Porto Alegre,2500,
3074,HL4379,Televisão,2,Yasmim,Verly,11/26/2023,Porto Alegre,2500,
3102,HL9962,Android,2,Tayla,Lima,7/3/2023,Porto Alegre,3400,
3122,HL1918,iPhone,2,Gabriela,Mello,6/7/2023,Porto Alegre,5300,
3129,HL4379,Televisão,3,Lí­via,Marques,12/18/2023,Porto Alegre,2500,
3148,HL9962,Android,4,Maurí­cio,Dias,2/28/2023,Porto Alegre,3400,
3172,HL9962,Android,4,Mateus,Maia,6/1/2023,Porto Alegre,3400,
3177,HL2714,Tablet,5,Hércules,Moreira,3/7/2023,Porto Alegre,1600,
3216,HL7348,SmartWatch,1,Gustavo,Azevedo,9/12/2023,Porto Alegre,1400,
3253,HL4379,Televisão,1,Bianca,Ferezin,10/18/2023,Porto Alegre,2500,
3294,HL1148,Câmera,4,Gabriel,Soares,1/17/2023,Porto Alegre,2100,
3377,HL1148,Câmera,3,Victor,Franco,12/2/2023,Porto Alegre,2100,
3378,HL1918,iPhone,5,Gabriel,Garcia,2/8/2023,Porto Alegre,5300,
3387,HL9962,Android,2,Lucas,Neto,12/4/2023,Porto Alegre,3400,
3395,HL1148,Câmera,4,Hércules,Júnior,8/8/2023,Porto Alegre,2100,
3404,HL9962,Android,4,Thiago,Miura,6/16/2023,Porto Alegre,3400,
3406,HL1148,Câmera,5,Victor,Zakhm,12/4/2023,Porto Alegre,2100,
3427,HL2714,Tablet,2,Vitor,Arruda,2/5/2023,Porto Alegre,1600,
3429,HL2714,Tablet,5,Lucas,Baptista,11/1/2023,Porto Alegre,1600,
3447,HL1918,iPhone,1,Gabriel,Azevedo,11/28/2023,Porto Alegre,5300,
3456,HL9962,Android,3,Lucas,Monte,11/25/2023,Porto Alegre,3400,
3460,HL9962,Android,4,Mayara,Soares,12/13/2023,Porto Alegre,3400,
3463,HL4379,Televisão,4,Gabriel,Almeida,5/13/2023,Porto Alegre,2500,
3503,HL1918,iPhone,2,Silvio,Fahrnholz,1/27/2023,Porto Alegre,5300,
3515,HL1918,iPhone,1,Marina,Correa,2/3/2023,Porto Alegre,5300,
3520,HL2714,Tablet,5,Victor,Ferreira,4/26/2023,Porto Alegre,1600,
3527,HL1918,iPhone,4,Michelle,Miura,10/20/2023,Porto Alegre,5300,
3566,HL1918,iPhone,4,Breno,Costa,11/15/2023,Porto Alegre,5300,
3578,HL4379,Televisão,5,Bruna,Silva,4/12/2023,Porto Alegre,2500,
3598,HL8851,Notebook,5,Livia,Codeceira,8/17/2023,Porto Alegre,3500,
3604,HL1918,iPhone,3,Luí­za,Garcia,2/20/2023,Porto Alegre,5300,
3611,HL2714,Tablet,2,William,Mendoní§a,11/30/2023,Porto Alegre,1600,
3620,HL8851,Notebook,5,Vivianne,Rodrigues,9/4/2023,Porto Alegre,3500,
3632,HL1918,iPhone,2,Alexandre,Dantas,11/30/2023,Porto Alegre,5300,
3635,HL1918,iPhone,4,Victor,Corríªa,1/9/2023,Porto Alegre,5300,
3638,HL2714,Tablet,5,Pedro,Rodrigues,3/16/2023,Porto Alegre,1600,
3649,HL1918,iPhone,4,Vivianne,Rodrigues,3/28/2023,Porto Alegre,5300,
3678,HL1148,Câmera,5,Jeferson,Costa,3/9/2023,Porto Alegre,2100,
3685,HL8851,Notebook,5,Larissa,Cruz,3/25/2023,Porto Alegre,3500,
3702,HL1918,iPhone,2,Giulia,Pessanha,2/21/2023,Porto Alegre,5300,
3719,HL1918,iPhone,3,Eric,Carvalho,6/4/2023,Porto Alegre,5300,
3721,HL9962,Android,1,Rilson,Dias,9/20/2023,Porto Alegre,3400,
3730,HL1148,Câmera,1,Rebeca,Reis,11/11/2023,Porto Alegre,2100,
3738,HL1918,iPhone,4,Bruna,Silveira,7/9/2023,Porto Alegre,5300,
3751,HL4379,Televisão,2,Isabella,Scalabrin,12/11/2023,Porto Alegre,2500,
3762,HL4379,Televisão,1,Antonio,Bernhardt,4/8/2023,Porto Alegre,2500,
3764,HL1918,iPhone,2,Letí­cia,Rodrigues,6/2/2023,Porto Alegre,5300,
3767,HL4379,Televisão,2,Gabrielle,Costa,4/18/2023,Porto Alegre,2500,
3768,HL1918,iPhone,2,Raphael,Ferman,6/21/2023,Porto Alegre,5300,
3771,HL8851,Notebook,1,Rafael,Carneiro,11/14/2023,Porto Alegre,3500,
3780,HL7348,SmartWatch,4,Beatriz,Cavalcanti,7/20/2023,Porto Alegre,1400,
3820,HL4379,Televisão,1,Ana,Monte,9/26/2023,Porto Alegre,2500,
3825,HL1918,iPhone,2,Joío,Júnior,12/11/2023,Porto Alegre,5300,
3840,HL4379,Televisão,5,Manuela,Ferreira,5/21/2023,Porto Alegre,2500,
3843,HL1918,iPhone,2,Daniel,Cardoso,8/16/2023,Porto Alegre,5300,
3854,HL9962,Android,3,Alberto,Silveira,12/30/2023,Porto Alegre,3400,
3856,HL8851,Notebook,5,Antonio,Manhíes,3/24/2023,Porto Alegre,3500,
3900,HL4379,Televisão,1,Marcos,Nucci,10/13/2023,Porto Alegre,2500,
3905,HL8851,Notebook,3,Jonas,Gomes,10/7/2023,Porto Alegre,3500,
3923,HL1918,iPhone,3,Stephanie,Goní§alves,3/20/2023,Porto Alegre,5300,
3931,HL8851,Notebook,2,Anna,Maia,7/12/2023,Porto Alegre,3500,
3935,HL1918,iPhone,1,Pedro,Costa,4/14/2023,Porto Alegre,5300,
3939,HL9962,Android,2,Danilo,Rubim,3/25/2023,Porto Alegre,3400,
3967,HL1918,iPhone,3,Daniel,Ortiz,5/22/2023,Porto Alegre,5300,
3987,HL9962,Android,5,Karina,Camara,9/9/2023,Porto Alegre,3400,
3997,HL1148,Câmera,1,Carlos,Azevedo,12/11/2023,Porto Alegre,2100,
4011,HL1918,iPhone,2,Sthefeson,Pereira,2/5/2023,Porto Alegre,5300,
4032,HL1918,iPhone,1,Arthur,Rocha,11/1/2023,Porto Alegre,5300,
4036,HL4379,Televisão,5,Jorge,Carvalho,5/23/2023,Porto Alegre,2500,
4039,HL2714,Tablet,5,Júlio,Freire,5/21/2023,Porto Alegre,1600,
4056,HL4379,Televisão,3,Bruno,Ursulino,5/15/2023,Porto Alegre,2500,
4066,HL1918,iPhone,5,Fernanda,Silva,8/8/2023,Porto Alegre,5300,
4076,HL1148,Câmera,2,Matheus,Tostes,10/20/2023,Porto Alegre,2100,
4121,HL7348,SmartWatch,1,Carlos,Souza,4/22/2023,Porto Alegre,1400,
4125,HL4379,Televisão,5,Raphael,Kurtz,10/4/2023,Porto Alegre,2500,
4134,HL7348,SmartWatch,4,Ana,Felippe,3/20/2023,Porto Alegre,1400,
4135,HL7348,SmartWatch,4,Carla,Zakhm,4/23/2023,Porto Alegre,1400,
4139,HL8851,Notebook,2,Isabel,Mesquita,1/2/2023,Porto Alegre,3500,
4159,HL1148,Câmera,3,Thiago,Ní³brega,1/8/2023,Porto Alegre,2100,
4164,HL2714,Tablet,3,Giovanna,Santos,10/13/2023,Porto Alegre,1600,
4189,HL1918,iPhone,5,Renan,Ventura,4/11/2023,Porto Alegre,5300,
4191,HL4379,Televisão,3,Bruno,Barcessat,9/5/2023,Porto Alegre,2500,
4217,HL2714,Tablet,1,Natália,Appel,7/30/2023,Porto Alegre,1600,
4224,HL7348,SmartWatch,1,Guilherme,Barbosa,10/21/2023,Porto Alegre,1400,
4274,HL1148,Câmera,1,Danilo,Alves,5/29/2023,Porto Alegre,2100,
4297,HL4379,Televisão,1,Débora,Lopes,10/4/2023,Porto Alegre,2500,
4303,HL4379,Televisão,5,Sandy,Moreira,2/28/2023,Porto Alegre,2500,
4318,HL9962,Android,4,Milena,Alcoforado,12/1/2023,Porto Alegre,3400,
4320,HL1918,iPhone,1,Vanessa,Rodrigues,2/23/2023,Porto Alegre,5300,
4332,HL9962,Android,1,José,Marques,11/21/2023,Porto Alegre,3400,
4351,HL1148,Câmera,2,Izabel,Miura,2/14/2023,Porto Alegre,2100,
4359,HL7348,SmartWatch,1,Silvio,Provenzano,11/8/2023,Porto Alegre,1400,
4372,HL4379,Televisão,3,Luiza,Cabral,5/24/2023,Porto Alegre,2500,
4380,HL4379,Televisão,2,Bernard,Pedrosa,1/18/2023,Porto Alegre,2500,
4391,HL1918,iPhone,4,Raul,Junqueira,9/23/2023,Porto Alegre,5300,
4406,HL4379,Televisão,4,Carlos,Mesquita,12/19/2023,Porto Alegre,2500,
4422,HL4379,Televisão,4,Clarissa,Santos,12/20/2023,Porto Alegre,2500,
4453,HL1918,iPhone,2,Gabriella,Lopes,9/29/2023,Porto Alegre,5300,
4457,HL4379,Televisão,5,Cláudio,Aragío,6/19/2023,Porto Alegre,2500,
4462,HL7348,SmartWatch,1,Lucas,Monte,7/1/2023,Porto Alegre,1400,
4473,HL1918,iPhone,3,Tiago,Pereira,5/17/2023,Porto Alegre,5300,
4502,HL9962,Android,3,Maria,Motta,6/28/2023,Porto Alegre,3400,
4526,HL7348,SmartWatch,3,Renan,Cunha,7/3/2023,Porto Alegre,1400,
4533,HL4379,Televisão,1,Guido,Monteiro,3/1/2023,Porto Alegre,2500,
4554,HL1918,iPhone,3,Caio,Cardoso,9/23/2023,Porto Alegre,5300,
4556,HL1148,Câmera,3,Gabriel,Azevedo,11/7/2023,Porto Alegre,2100,
4579,HL7348,SmartWatch,4,Lucas,Freitas,12/30/2023,Porto Alegre,1400,
4591,HL4379,Televisão,2,Victor,Gomes,10/1/2023,Porto Alegre,2500,
4597,HL1918,iPhone,5,Luí­sa,Fonseca,11/29/2023,Porto Alegre,5300,
4604,HL2714,Tablet,3,Carla,Zakhm,10/12/2023,Porto Alegre,1600,
4624,HL7348,SmartWatch,1,Rodrigo,Ramos,11/11/2023,Porto Alegre,1400,
4626,HL4379,Televisão,1,Carolina,Vasconcelos,1/8/2023,Porto Alegre,2500,
4631,HL8851,Notebook,1,Thiago,Veiga,2/7/2023,Porto Alegre,3500,
4652,HL9962,Android,1,Victor,Lira,8/23/2023,Porto Alegre,3400,
4682,HL1918,iPhone,1,Luiz,Mendoní§a,2/21/2023,Porto Alegre,5300,
4713,HL4379,Televisão,2,Matheus,Figueiredo,9/7/2023,Porto Alegre,2500,
4753,HL1918,iPhone,5,Camilla,Cardeman,3/2/2023,Porto Alegre,5300,
4754,HL9962,Android,2,Amanda,Delgado,5/28/2023,Porto Alegre,3400,
4797,HL1918,iPhone,3,Bárbara,Lima,6/2/2023,Porto Alegre,5300,
4825,HL1918,iPhone,2,Luiz,Campista,10/21/2023,Porto Alegre,5300,
4847,HL4379,Televisão,5,Fernanda,Figueiredo,9/17/2023,Porto Alegre,2500,
4851,HL7348,SmartWatch,4,Guilherme,Jordao,3/21/2023,Porto Alegre,1400,
4863,HL4379,Televisão,5,Tainah,Nogueira,7/27/2023,Porto Alegre,2500,
4866,HL1918,iPhone,3,Catarina,Teixeira,4/13/2023,Porto Alegre,5300,
4883,HL8851,Notebook,4,Beatriz,Li,12/31/2023,Porto Alegre,3500,
4940,HL8851,Notebook,4,Lí­via,Tanaka,11/30/2023,Porto Alegre,3500,
4954,HL9962,Android,2,Eduardo,Peluzo,2/24/2023,Porto Alegre,3400,
4959,HL7348,SmartWatch,4,Pedro,Lyra,1/28/2023,Porto Alegre,1400,
4975,HL4379,Televisão,4,Adrielle,Gabriel,9/8/2023,Porto Alegre,2500,
5008,HL4379,Televisão,1,Mariana,Miranda,2/23/2023,Porto Alegre,2500,
5045,HL1918,iPhone,4,Rogério,Gentile,3/20/2023,Porto Alegre,5300,
5081,HL1918,iPhone,1,Giuseppe,Borges,12/19/2023,Porto Alegre,5300,
5084,HL9962,Android,1,Eduardo,Pacheco,4/26/2023,Porto Alegre,3400,
5088,HL1918,iPhone,5,Eric,Carvalho,8/3/2023,Porto Alegre,5300,
5106,HL1918,iPhone,1,Lucas,Baptista,2/28/2023,Porto Alegre,5300,
5107,HL2714,Tablet,3,Bruna,Brandao,12/30/2023,Porto Alegre,1600,
5111,HL8851,Notebook,1,Gabrielle,Costa,4/17/2023,Porto Alegre,3500,
5127,HL1918,iPhone,5,Barbara,Procaci,4/23/2023,Porto Alegre,5300,
5136,HL2714,Tablet,1,Bruna,Soares,9/27/2023,Porto Alegre,1600,
5137,HL1918,iPhone,1,Gabriel,Rubim,3/25/2023,Porto Alegre,5300,
5147,HL1148,Câmera,4,Bernard,Pedrosa,3/20/2023,Porto Alegre,2100,
5148,HL9962,Android,5,Wen,Braga,4/1/2023,Porto Alegre,3400,
5154,HL1148,Câmera,5,Vitor,Arruda,2/28/2023,Porto Alegre,2100,
5196,HL1148,Câmera,3,Rogério,Gentile,9/3/2023,Porto Alegre,2100,
5248,HL2714,Tablet,2,Antônio,Oliveira,2/26/2023,Porto Alegre,1600,
5267,HL9962,Android,3,Diego,Mello,2/9/2023,Porto Alegre,3400,
5284,HL4379,Televisão,2,Ana,Almeida,4/22/2023,Porto Alegre,2500,
5289,HL1918,iPhone,5,Pedro,Xavier,10/6/2023,Porto Alegre,5300,
5311,HL1918,iPhone,3,José,Carvalho,3/16/2023,Porto Alegre,5300,
5345,HL1918,iPhone,3,Ruan,Goní§alves,6/13/2023,Porto Alegre,5300,
5355,HL1918,iPhone,3,Joío,Júnior,6/27/2023,Porto Alegre,5300,
5383,HL9962,Android,4,Lázaro,Nascimento,2/28/2023,Porto Alegre,3400,
5385,HL2714,Tablet,3,Raphael,Guedes,3/16/2023,Porto Alegre,1600,
5397,HL4379,Televisão,5,Pedro,Martins,7/17/2023,Porto Alegre,2500,
5412,HL1148,Câmera,2,Barbara,Procaci,6/6/2023,Porto Alegre,2100,
5426,HL4379,Televisão,2,Arthur,Portela,12/10/2023,Porto Alegre,2500,
5435,HL2714,Tablet,4,Bruna,Londero,10/12/2023,Porto Alegre,1600,
5441,HL1918,iPhone,3,Morgana,Correa,2/24/2023,Porto Alegre,5300,
5443,HL1148,Câmera,5,Luiza,Cavalcanti,12/10/2023,Porto Alegre,2100,
5467,HL1918,iPhone,2,Wen,Braga,9/2/2023,Porto Alegre,5300,
5469,HL1148,Câmera,3,Luiza,Johnson,9/8/2023,Porto Alegre,2100,
5488,HL1918,iPhone,1,Victor,Magalhíes,6/17/2023,Porto Alegre,5300,
5502,HL1918,iPhone,2,Luiz,Almeida,6/13/2023,Porto Alegre,5300,
5528,HL2714,Tablet,3,Bruno,Freitas,12/17/2023,Porto Alegre,1600,
5530,HL1918,iPhone,1,Carlos,Galvío,9/26/2023,Porto Alegre,5300,
5556,HL1148,Câmera,3,Luiz,Almeida,8/17/2023,Porto Alegre,2100,
5563,HL1918,iPhone,1,Raissa,Sales,9/1/2023,Porto Alegre,5300,
5583,HL7348,SmartWatch,2,Vitor,Arruda,6/21/2023,Porto Alegre,1400,
5593,HL4379,Televisão,3,Gabriel,Silva,10/21/2023,Porto Alegre,2500,
5611,HL4379,Televisão,1,Bianca,Piero,5/7/2023,Porto Alegre,2500,
5629,HL1918,iPhone,1,Wendela,Mariz,5/14/2023,Porto Alegre,5300,
5633,HL2714,Tablet,2,Daniel,Felippe,9/9/2023,Porto Alegre,1600,
5641,HL2714,Tablet,4,Barbara,Procaci,11/14/2023,Porto Alegre,1600,
5655,HL2714,Tablet,1,José,Fonseca,4/23/2023,Porto Alegre,1600,
5664,HL1918,iPhone,2,Vitor,Boccaletti,11/28/2023,Porto Alegre,5300,
5669,HL1918,iPhone,5,Cláudio,Aragío,9/16/2023,Porto Alegre,5300,
5676,HL4379,Televisão,3,Ives,Pinheiro,2/23/2023,Porto Alegre,2500,
5691,HL9962,Android,4,Lázaro,Nascimento,1/9/2023,Porto Alegre,3400,
5694,HL4379,Televisão,2,Matheus,Silva,7/7/2023,Porto Alegre,2500,
5696,HL1148,Câmera,1,Thiago,Veiga,1/31/2023,Porto Alegre,2100,
5700,HL2714,Tablet,1,Larissa,Vasconcellos,4/18/2023,Porto Alegre,1600,
5703,HL1148,Câmera,2,Daniel,Alcoforado,6/9/2023,Porto Alegre,2100,
5722,HL2714,Tablet,4,Guilherme,Assis,7/10/2023,Porto Alegre,1600,
5731,HL9962,Android,4,Ulisses,Arruda,9/5/2023,Porto Alegre,3400,
5737,HL1148,Câmera,5,Bruna,Londero,7/7/2023,Porto Alegre,2100,
5771,HL8851,Notebook,3,Cí­cero,Ramos,11/22/2023,Porto Alegre,3500,
5782,HL8851,Notebook,5,Bernardo,Botelho,4/19/2023,Porto Alegre,3500,
5787,HL1148,Câmera,2,Bruno,Oliveira,6/21/2023,Porto Alegre,2100,
5806,HL8851,Notebook,3,Julia,Penteado,5/8/2023,Porto Alegre,3500,
5814,HL1918,iPhone,5,Eduardo,Veiga,11/5/2023,Porto Alegre,5300,
5816,HL9962,Android,2,Mateus,Polastri,10/16/2023,Porto Alegre,3400,
5823,HL1918,iPhone,3,Fernanda,Coutinho,9/19/2023,Porto Alegre,5300,
5863,HL9962,Android,1,Arthur,Souza,8/3/2023,Porto Alegre,3400,
5869,HL9962,Android,3,Letí­cia,Leal,12/18/2023,Porto Alegre,3400,
5886,HL4379,Televisão,2,Amanda,Gontijo,10/25/2023,Porto Alegre,2500,
5897,HL1918,iPhone,4,Nina,Magalhíes,6/17/2023,Porto Alegre,5300,
5907,HL9962,Android,1,Carlos,Barbosa,2/15/2023,Porto Alegre,3400,
5911,HL8851,Notebook,5,Roger,Rosa,8/15/2023,Porto Alegre,3500,
5926,HL4379,Televisão,2,Daniela,Andrada,12/30/2023,Porto Alegre,2500,
5930,HL1918,iPhone,2,Carlos,Mesquita,10/23/2023,Porto Alegre,5300,
5931,HL9962,Android,1,Débora,Lopes,5/18/2023,Porto Alegre,3400,
5936,HL2714,Tablet,4,Leandro,Ferreira,6/6/2023,Porto Alegre,1600,
5937,HL7348,SmartWatch,3,Juliana,Goes,3/10/2023,Porto Alegre,1400,
5969,HL4379,Televisão,1,Rubens,Valente,4/28/2023,Porto Alegre,2500,
5986,HL1148,Câmera,5,Vivianne,Rodrigues,12/7/2023,Porto Alegre,2100,
5988,HL4379,Televisão,3,Victor,Firmino,11/9/2023,Porto Alegre,2500,
6002,HL1148,Câmera,4,Lucas,Rodrigues,9/27/2023,Porto Alegre,2100,
6026,HL2714,Tablet,3,Júlia,Almeida,11/4/2023,Porto Alegre,1600,
6034,HL4379,Televisão,2,Pedro,Pereira,8/23/2023,Porto Alegre,2500,
6046,HL4379,Televisão,4,Thais,Rodrigues,3/30/2023,Porto Alegre,2500,
6061,HL1918,iPhone,1,Breno,Farias,6/20/2023,Porto Alegre,5300,
6069,HL4379,Televisão,1,Bruno,Silva,11/19/2023,Porto Alegre,2500,
6075,HL2714,Tablet,4,Anderson,Barreto,4/14/2023,Porto Alegre,1600,
6076,HL1918,iPhone,2,Pedro,Macckione,6/30/2023,Porto Alegre,5300,
6086,HL1918,iPhone,4,Manuela,Merege,1/6/2023,Porto Alegre,5300,
6089,HL1918,iPhone,1,Beatriz,Almeida,1/9/2023,Porto Alegre,5300,
6148,HL4379,Televisão,5,Diego,Barros,3/25/2023,Porto Alegre,2500,
6172,HL1148,Câmera,4,Lucas,Destri,11/15/2023,Porto Alegre,2100,
6175,HL8851,Notebook,5,Lucas,Almeida,1/27/2023,Porto Alegre,3500,
6191,HL2714,Tablet,1,Lucas,Costa,9/7/2023,Porto Alegre,1600,
6199,HL9962,Android,3,Daniel,Araujo,12/29/2023,Porto Alegre,3400,
6232,HL4379,Televisão,5,Mariana,Rotava,1/12/2023,Porto Alegre,2500,
6245,HL1918,iPhone,1,Matheus,Gomes,2/27/2023,Porto Alegre,5300,
6250,HL7348,SmartWatch,4,Gabriel,Silva,5/24/2023,Porto Alegre,1400,
6253,HL7348,SmartWatch,3,Lunna,Vannier,7/3/2023,Porto Alegre,1400,
6268,HL7348,SmartWatch,4,Ana,Felippe,4/12/2023,Porto Alegre,1400,
6277,HL4379,Televisão,1,Lucas,Aragío,12/4/2023,Porto Alegre,2500,
6282,HL7348,SmartWatch,1,Cézar,Santos,4/14/2023,Porto Alegre,1400,
6307,HL1918,iPhone,1,Catarina,Teixeira,4/19/2023,Porto Alegre,5300,
6321,HL1918,iPhone,1,Rafael,Portela,1/23/2023,Porto Alegre,5300,
6329,HL4379,Televisão,4,Hércules,Júnior,7/4/2023,Porto Alegre,2500,
6337,HL4379,Televisão,2,Mariana,Rotava,2/5/2023,Porto Alegre,2500,
6367,HL9962,Android,5,Lenon,Fernandes,5/11/2023,Porto Alegre,3400,
6388,HL9962,Android,2,Thiago,Veloso,1/28/2023,Porto Alegre,3400,
6392,HL2714,Tablet,2,Gabriel,Soares,11/20/2023,Porto Alegre,1600,
6394,HL4379,Televisão,5,Julia,Silva,10/9/2023,Porto Alegre,2500,
6402,HL4379,Televisão,1,Bernardo,Soares,2/15/2023,Porto Alegre,2500,
6405,HL1148,Câmera,5,Karina,Camara,7/14/2023,Porto Alegre,2100,
6424,HL1148,Câmera,1,Juliana,Mesquita,7/12/2023,Porto Alegre,2100,
6430,HL4379,Televisão,4,Patrí­cia,Fernandes,9/25/2023,Porto Alegre,2500,
6433,HL2714,Tablet,2,Beatriz,Perdomo,5/29/2023,Porto Alegre,1600,
6466,HL4379,Televisão,2,Julia,Leite,3/22/2023,Porto Alegre,2500,
6496,HL9962,Android,5,Pedro,Santos,7/6/2023,Porto Alegre,3400,
6502,HL1918,iPhone,1,Ananda,Dias,10/25/2023,Porto Alegre,5300,
6504,HL7348,SmartWatch,3,Anderson,Martins,12/9/2023,Porto Alegre,1400,
6506,HL2714,Tablet,5,Caio,Fernandes,7/3/2023,Porto Alegre,1600,
6521,HL1148,Câmera,2,Roberto,Nogueira,1/22/2023,Porto Alegre,2100,
6529,HL4379,Televisão,2,Patrí­cia,Amaral,6/5/2023,Porto Alegre,2500,
6551,HL1148,Câmera,1,Guilherme,Merotto,11/18/2023,Porto Alegre,2100,
6559,HL1918,iPhone,2,Ana,Soledade,1/23/2023,Porto Alegre,5300,
6582,HL1148,Câmera,3,Breno,Varella,6/17/2023,Porto Alegre,2100,
6600,HL1918,iPhone,5,Gabriela,Cavalcanti,7/31/2023,Porto Alegre,5300,
6613,HL9962,Android,2,Victoria,Tavares,3/15/2023,Porto Alegre,3400,
6627,HL1918,iPhone,3,Paula,Calbucci,3/28/2023,Porto Alegre,5300,
6655,HL9962,Android,1,Luis,Silva,6/3/2023,Porto Alegre,3400,
6668,HL7348,SmartWatch,5,Joío,Abraí§ado,6/22/2023,Porto Alegre,1400,
6669,HL1148,Câmera,1,Sarah,Souza,12/9/2023,Porto Alegre,2100,
6674,HL1918,iPhone,1,Carolina,Carneiro,6/29/2023,Porto Alegre,5300,
6706,HL2714,Tablet,5,José,Carvalho,10/8/2023,Porto Alegre,1600,
6723,HL4379,Televisão,4,Leonardo,Faria,1/22/2023,Porto Alegre,2500,
6739,HL1918,iPhone,4,Wen,Santos,4/28/2023,Porto Alegre,5300,
6784,HL9962,Android,1,Bernardo,Ribeiro,3/17/2023,Porto Alegre,3400,
6791,HL4379,Televisão,4,Gabrielle,Figueiredo,1/18/2023,Porto Alegre,2500,
6794,HL4379,Televisão,5,Luiza,Cavalcanti,10/30/2023,Porto Alegre,2500,
6814,HL7348,SmartWatch,2,Victoria,Mazza,2/26/2023,Porto Alegre,1400,
6820,HL2714,Tablet,5,Guilherme,Monteiro,4/23/2023,Porto Alegre,1600,
6907,HL2714,Tablet,5,Ives,Barbosa,3/20/2023,Porto Alegre,1600,
6923,HL2714,Tablet,3,Hygor,Essaber,6/1/2023,Porto Alegre,1600,
6959,HL1918,iPhone,1,Rebeca,Taylor,5/1/2023,Porto Alegre,5300,
6966,HL9962,Android,4,Gustavo,Accardo,8/8/2023,Porto Alegre,3400,
6971,HL1918,iPhone,2,Julie,Ferreira,9/14/2023,Porto Alegre,5300,
6973,HL1148,Câmera,2,Felipe,Júnior,5/28/2023,Porto Alegre,2100,
6987,HL8851,Notebook,4,Elena,Barreto,2/24/2023,Porto Alegre,3500,
7021,HL2714,Tablet,3,Giulia,Pessanha,9/10/2023,Porto Alegre,1600,
7024,HL1918,iPhone,5,Joío,Menezes,8/5/2023,Porto Alegre,5300,
7028,HL4379,Televisão,5,Carlos,Mesquita,10/22/2023,Porto Alegre,2500,
7035,HL1918,iPhone,5,Carolina,Alfradique,7/24/2023,Porto Alegre,5300,
7037,HL1148,Câmera,1,Rogério,Gentile,7/18/2023,Porto Alegre,2100,
7063,HL9962,Android,4,Manuela,Merege,12/22/2023,Porto Alegre,3400,
7082,HL1148,Câmera,4,Joao,Pereira,3/23/2023,Porto Alegre,2100,
7114,HL8851,Notebook,2,Paula,Isbelle,3/4/2023,Porto Alegre,3500,
7117,HL7348,SmartWatch,2,Caio,Affonso,5/13/2023,Porto Alegre,1400,
7178,HL8851,Notebook,2,Thiago,Costa,7/6/2023,Porto Alegre,3500,
7186,HL1148,Câmera,1,Stephanie,Oliveira,10/2/2023,Porto Alegre,2100,
7195,HL2714,Tablet,5,Lucas,Assuní§ío,10/23/2023,Porto Alegre,1600,
7205,HL1918,iPhone,3,Mariana,Barrozo,5/24/2023,Porto Alegre,5300,
7220,HL4379,Televisão,5,Yasmim,Verly,4/6/2023,Porto Alegre,2500,
7245,HL4379,Televisão,5,Alessandra,Martins,7/26/2023,Porto Alegre,2500,
7262,HL4379,Televisão,4,Marcos,Nucci,7/27/2023,Porto Alegre,2500,
7266,HL1918,iPhone,5,Julia,Figueiredo,1/23/2023,Porto Alegre,5300,
7270,HL9962,Android,5,Pedro,Ronfini,12/28/2023,Porto Alegre,3400,
7279,HL1148,Câmera,4,Itai,Puntel,5/10/2023,Porto Alegre,2100,
7336,HL9962,Android,3,Victor,Gomes,9/29/2023,Porto Alegre,3400,
7358,HL8851,Notebook,2,Breno,Costa,10/13/2023,Porto Alegre,3500,
7379,HL4379,Televisão,2,Tainah,Nogueira,1/20/2023,Porto Alegre,2500,
7397,HL7348,SmartWatch,1,Thiago,Veloso,4/29/2023,Porto Alegre,1400,
7402,HL7348,SmartWatch,5,Adrielle,Vieira,3/14/2023,Porto Alegre,1400,
7405,HL1918,iPhone,5,Arthur,Pereira,10/26/2023,Porto Alegre,5300,
7412,HL1918,iPhone,5,Gabriel,Assis,10/12/2023,Porto Alegre,5300,
7414,HL1918,iPhone,3,Patrick,Silva,1/4/2023,Porto Alegre,5300,
7418,HL1918,iPhone,2,Jackson,Derossi,7/20/2023,Porto Alegre,5300,
7430,HL7348,SmartWatch,1,José,Fonseca,5/21/2023,Porto Alegre,1400,
7441,HL9962,Android,4,Henrique,Villanova,5/13/2023,Porto Alegre,3400,
7464,HL1918,iPhone,4,Joana,Calmon,7/10/2023,Porto Alegre,5300,
7467,HL9962,Android,3,Karina,Camara,10/4/2023,Porto Alegre,3400,
7473,HL9962,Android,2,Karine,Barros,10/30/2023,Porto Alegre,3400,
7511,HL1918,iPhone,4,Thiago,Ní³brega,4/5/2023,Porto Alegre,5300,
7534,HL9962,Android,5,Priscila,Vogel,1/7/2023,Porto Alegre,3400,
7535,HL1918,iPhone,1,Ives,Barbosa,2/23/2023,Porto Alegre,5300,
7553,HL4379,Televisão,2,Lázaro,Villanova,3/7/2023,Porto Alegre,2500,
7556,HL9962,Android,5,Caio,Silva,7/1/2023,Porto Alegre,3400,
7590,HL8851,Notebook,4,Caio,Moraes,9/5/2023,Porto Alegre,3500,
7597,HL9962,Android,3,Wilson,Farias,11/7/2023,Porto Alegre,3400,
7633,HL4379,Televisão,2,Joío,Alves,10/13/2023,Porto Alegre,2500,
7672,HL1918,iPhone,3,Sandy,Figueiredo,5/21/2023,Porto Alegre,5300,
7689,HL4379,Televisão,2,Julia,Teixeira,7/6/2023,Porto Alegre,2500,
7690,HL1918,iPhone,4,Maurí­cio,Dias,6/21/2023,Porto Alegre,5300,
7732,HL1918,iPhone,2,Paloma,Sperandei,1/7/2023,Porto Alegre,5300,
7742,HL4379,Televisão,5,Fernanda,Rubim,2/21/2023,Porto Alegre,2500,
7750,HL8851,Notebook,4,Jessica,Ferreira,6/21/2023,Porto Alegre,3500,
7751,HL9962,Android,3,Vitor,Boccaletti,10/13/2023,Porto Alegre,3400,
7759,HL9962,Android,1,Livia,Codeceira,8/14/2023,Porto Alegre,3400,
7765,HL8851,Notebook,4,Beatriz,Li,1/22/2023,Porto Alegre,3500,
7768,HL2714,Tablet,5,Camille,Silva,4/5/2023,Porto Alegre,1600,
7769,HL4379,Televisão,3,Gabrielle,Costa,1/15/2023,Porto Alegre,2500,
7770,HL7348,SmartWatch,3,Matheus,Gomes,3/6/2023,Porto Alegre,1400,
7777,HL2714,Tablet,3,Carolina,Santos,4/24/2023,Porto Alegre,1600,
7783,HL1918,iPhone,5,Larissa,Jesus,6/30/2023,Porto Alegre,5300,
7791,HL9962,Android,1,Raphael,Mattos,6/27/2023,Porto Alegre,3400,
7792,HL7348,SmartWatch,2,Joío,Ribeiro,5/7/2023,Porto Alegre,1400,
7793,HL8851,Notebook,2,Ana,Gomes,9/12/2023,Porto Alegre,3500,
7809,HL1148,Câmera,5,Caroline,Aquino,3/14/2023,Porto Alegre,2100,
7812,HL1148,Câmera,4,Giovanna,Santos,7/17/2023,Porto Alegre,2100,
7827,HL2714,Tablet,3,José,Seixas,10/19/2023,Porto Alegre,1600,
7832,HL1918,iPhone,4,Matheus,Miranda,2/18/2023,Porto Alegre,5300,
7837,HL1918,iPhone,2,Douglas,Rodrigues,8/31/2023,Porto Alegre,5300,
7838,HL4379,Televisão,4,Rafaela,Gomes,6/24/2023,Porto Alegre,2500,
7845,HL9962,Android,3,Nina,Magalhíes,2/5/2023,Porto Alegre,3400,
7867,HL8851,Notebook,3,Milena,Alcoforado,1/15/2023,Porto Alegre,3500,
7871,HL8851,Notebook,5,Barbara,Procaci,1/13/2023,Porto Alegre,3500,
7886,HL8851,Notebook,5,Raí­sa,Rodrigues,12/16/2023,Porto Alegre,3500,
7907,HL1918,iPhone,5,Bruno,Mota,12/12/2023,Porto Alegre,5300,
7917,HL8851,Notebook,4,Gabriel,Puntel,10/9/2023,Porto Alegre,3500,
7919,HL1148,Câmera,4,Marina,Correa,8/31/2023,Porto Alegre,2100,
7923,HL4379,Televisão,1,Luiza,Cabral,7/4/2023,Porto Alegre,2500,
7930,HL9962,Android,5,Karina,Camara,2/13/2023,Porto Alegre,3400,
7939,HL1148,Câmera,3,Marina,Correa,3/6/2023,Porto Alegre,2100,
7947,HL1918,iPhone,3,Daniel,Monteiro,3/9/2023,Porto Alegre,5300,
7980,HL1148,Câmera,1,Catarina,Teixeira,9/7/2023,Porto Alegre,2100,
7990,HL1918,iPhone,5,Raul,Silveira,2/18/2023,Porto Alegre,5300,
7996,HL8851,Notebook,2,David,Campelo,4/30/2023,Porto Alegre,3500,
8037,HL8851,Notebook,4,Helvio,Pedrosa,12/6/2023,Porto Alegre,3500,
8045,HL9962,Android,5,Pedro,Dalforne,11/22/2023,Porto Alegre,3400,
8089,HL1918,iPhone,2,Ana,Fioretti,12/18/2023,Porto Alegre,5300,
8097,HL4379,Televisão,2,Matheus,Gomes,4/26/2023,Porto Alegre,2500,
8101,HL8851,Notebook,1,Gustavo,Junior,3/29/2023,Porto Alegre,3500,
8106,HL4379,Televisão,4,Adrielle,Forte,4/22/2023,Porto Alegre,2500,
8107,HL4379,Televisão,2,Isabella,Scalabrin,10/11/2023,Porto Alegre,2500,
8123,HL1918,iPhone,1,Pedro,Martins,1/8/2023,Porto Alegre,5300,
8133,HL8851,Notebook,5,Pedro,Ronfini,12/31/2023,Porto Alegre,3500,
8137,HL7348,SmartWatch,2,Rodrigo,Alves,9/24/2023,Porto Alegre,1400,
8143,HL1148,Câmera,2,Andressa,Chou,12/1/2023,Porto Alegre,2100,
8156,HL7348,SmartWatch,4,Rafaela,Goní§alves,10/31/2023,Porto Alegre,1400,
8159,HL7348,SmartWatch,1,Lucas,Villanova,5/14/2023,Porto Alegre,1400,
8165,HL9962,Android,4,Carlos,Portela,9/10/2023,Porto Alegre,3400,
8174,HL4379,Televisão,2,Victor,Oliveira,7/26/2023,Porto Alegre,2500,
8208,HL8851,Notebook,2,Daniel,Sousa,8/6/2023,Porto Alegre,3500,
8210,HL8851,Notebook,4,Tayla,Lima,6/19/2023,Porto Alegre,3500,
8218,HL2714,Tablet,1,Fernanda,Bhering,2/10/2023,Porto Alegre,1600,
8219,HL1918,iPhone,4,Giulia,Lopes,9/10/2023,Porto Alegre,5300,
8246,HL1918,iPhone,5,Victor,Franco,7/1/2023,Porto Alegre,5300,
8249,HL7348,SmartWatch,4,Clara,Bruno,11/5/2023,Porto Alegre,1400,
8259,HL1918,iPhone,2,Lucas,Junior,5/7/2023,Porto Alegre,5300,
8280,HL9962,Android,1,Giuseppe,Bhering,8/13/2023,Porto Alegre,3400,
8282,HL1918,iPhone,2,Natália,Appel,4/30/2023,Porto Alegre,5300,
8287,HL8851,Notebook,3,Breno,Quinto,7/14/2023,Porto Alegre,3500,
8305,HL1918,iPhone,2,Joío,Guadagnino,1/8/2023,Porto Alegre,5300,
8318,HL1918,iPhone,5,Leandro,Ferreira,3/15/2023,Porto Alegre,5300,
8339,HL7348,SmartWatch,4,Bruno,Souza,1/5/2023,Porto Alegre,1400,
8348,HL4379,Televisão,3,Ana,Júnior,1/13/2023,Porto Alegre,2500,
8349,HL1918,iPhone,1,Maria,Junior,8/18/2023,Porto Alegre,5300,
8372,HL4379,Televisão,2,Caio,Moura,3/24/2023,Porto Alegre,2500,
8376,HL1918,iPhone,4,Barbara,Procaci,2/23/2023,Porto Alegre,5300,
8390,HL1918,iPhone,1,Gabriella,Sagrillo,4/26/2023,Porto Alegre,5300,
8391,HL7348,SmartWatch,4,Pedro,Cardoso,8/19/2023,Porto Alegre,1400,
8397,HL8851,Notebook,4,Gabrielle,Wanderley,10/13/2023,Porto Alegre,3500,
8413,HL1918,iPhone,1,Rafaela,Rodrigues,1/18/2023,Porto Alegre,5300,
8431,HL4379,Televisão,1,Luis,Villanova,7/23/2023,Porto Alegre,2500,
8458,HL4379,Televisão,3,Sandy,Figueiredo,4/9/2023,Porto Alegre,2500,
8477,HL9962,Android,1,Debora,Silva,8/13/2023,Porto Alegre,3400,
8483,HL1148,Câmera,2,Arthur,Souza,1/26/2023,Porto Alegre,2100,
8485,HL1918,iPhone,4,Viviane,Souza,6/28/2023,Porto Alegre,5300,
8510,HL1148,Câmera,3,Victor,Lira,3/4/2023,Porto Alegre,2100,
8518,HL1918,iPhone,1,Laura,Araujo,4/1/2023,Porto Alegre,5300,
8534,HL8851,Notebook,5,Marina,Correa,9/28/2023,Porto Alegre,3500,
8546,HL1918,iPhone,1,Ravena,Bhering,11/9/2023,Porto Alegre,5300,
8551,HL4379,Televisão,2,Joao,Pereira,2/9/2023,Porto Alegre,2500,
8554,HL1148,Câmera,3,Sarah,Souza,9/15/2023,Porto Alegre,2100,
8567,HL7348,SmartWatch,4,Isabela,Rodrigues,11/8/2023,Porto Alegre,1400,
8576,HL4379,Televisão,4,Rafaela,Goní§alves,7/10/2023,Porto Alegre,2500,
8578,HL4379,Televisão,1,Gabriela,Mello,11/4/2023,Porto Alegre,2500,
8610,HL4379,Televisão,4,Jorge,Fonseca,12/9/2023,Porto Alegre,2500,
8615,HL8851,Notebook,5,Giulia,Lopes,7/3/2023,Porto Alegre,3500,
8621,HL8851,Notebook,2,Mariana,Baptista,3/27/2023,Porto Alegre,3500,
8653,HL1918,iPhone,2,Carlos,Galvío,11/16/2023,Porto Alegre,5300,
8656,HL4379,Televisão,5,Lázaro,Villanova,10/26/2023,Porto Alegre,2500,
8665,HL1918,iPhone,2,Ramon,Araujo,4/9/2023,Porto Alegre,5300,
8679,HL4379,Televisão,5,Guilherme,Merotto,1/16/2023,Porto Alegre,2500,
8704,HL7348,SmartWatch,4,Matheus,Santos,3/31/2023,Porto Alegre,1400,
8707,HL4379,Televisão,4,Lucas,Reis,10/25/2023,Porto Alegre,2500,
8710,HL1918,iPhone,1,Matheus,Souza,12/5/2023,Porto Alegre,5300,
8713,HL2714,Tablet,4,Rebeca,Taylor,4/20/2023,Porto Alegre,1600,
8743,HL9962,Android,2,Pedro,Delgado,9/7/2023,Porto Alegre,3400,
8787,HL8851,Notebook,4,Bianca,Ferezin,1/18/2023,Porto Alegre,3500,
8793,HL1148,Câmera,3,Pedro,Conceií§ío,4/16/2023,Porto Alegre,2100,
8823,HL4379,Televisão,5,Anna,Silva,12/8/2023,Porto Alegre,2500,
8838,HL1148,Câmera,5,Iuri,Neto,3/12/2023,Porto Alegre,2100,
8849,HL2714,Tablet,1,Tadeu,Sousa,10/15/2023,Porto Alegre,1600,
8861,HL1148,Câmera,1,Alexandre,Dantas,12/3/2023,Porto Alegre,2100,
8878,HL1918,iPhone,2,Jônatas,Soares,2/23/2023,Porto Alegre,5300,
8880,HL8851,Notebook,4,Jackson,Derossi,9/13/2023,Porto Alegre,3500,
8886,HL4379,Televisão,2,Luiz,Mendoní§a,9/3/2023,Porto Alegre,2500,
8890,HL7348,SmartWatch,3,Isabel,Leite,7/17/2023,Porto Alegre,1400,
8900,HL1918,iPhone,2,Henrique,Oliveira,6/2/2023,Porto Alegre,5300,
8902,HL2714,Tablet,3,Victor,Firmino,4/19/2023,Porto Alegre,1600,
8936,HL7348,SmartWatch,1,Igor,Azevedo,9/21/2023,Porto Alegre,1400,
8943,HL1918,iPhone,5,Manuela,Ferreira,6/15/2023,Porto Alegre,5300,
8948,HL1918,iPhone,3,Cí­cero,Ramos,12/6/2023,Porto Alegre,5300,
8961,HL4379,Televisão,1,Marina,Aragío,5/28/2023,Porto Alegre,2500,
8975,HL1918,iPhone,4,Bianca,Paz,10/9/2023,Porto Alegre,5300,
8988,HL7348,SmartWatch,5,Sandy,Figueiredo,3/26/2023,Porto Alegre,1400,
8995,HL1918,iPhone,3,Clara,Bruno,2/28/2023,Porto Alegre,5300,
9014,HL4379,Televisão,2,Joao,Pereira,12/14/2023,Porto Alegre,2500,
9037,HL1918,iPhone,4,Bernard,Pedrosa,12/27/2023,Porto Alegre,5300,
9039,HL1918,iPhone,5,Lunna,Vannier,3/31/2023,Porto Alegre,5300,
9040,HL1918,iPhone,3,Gustavo,Erthal,9/2/2023,Porto Alegre,5300,
9043,HL7348,SmartWatch,4,Pedro,Macckione,9/13/2023,Porto Alegre,1400,
9071,HL8851,Notebook,1,Thales,Portillo,10/6/2023,Porto Alegre,3500,
9087,HL8851,Notebook,4,Gabriel,Assis,5/23/2023,Porto Alegre,3500,
9096,HL7348,SmartWatch,3,Lucas,Villanova,11/26/2023,Porto Alegre,1400,
9102,HL9962,Android,3,Gabriela,Mello,12/3/2023,Porto Alegre,3400,
9117,HL1918,iPhone,3,Juliana,Barreira,4/8/2023,Porto Alegre,5300,
9154,HL8851,Notebook,3,Nathan,Morelli,2/20/2023,Porto Alegre,3500,
9155,HL8851,Notebook,3,Patrick,Silva,1/18/2023,Porto Alegre,3500,
9162,HL1148,Câmera,3,Michelle,Pereira,5/24/2023,Porto Alegre,2100,
9180,HL1918,iPhone,4,Fernanda,Rubim,6/24/2023,Porto Alegre,5300,
9185,HL1918,iPhone,3,Fernanda,Silva,5/24/2023,Porto Alegre,5300,
9224,HL1918,iPhone,2,Myllena,Corríªa,1/16/2023,Porto Alegre,5300,
9233,HL8851,Notebook,2,Marcelo,Pereira,12/4/2023,Porto Alegre,3500,
9245,HL4379,Televisão,3,Camilla,Cardeman,3/2/2023,Porto Alegre,2500,
9249,HL2714,Tablet,2,Izabel,Lopes,5/12/2023,Porto Alegre,1600,
9255,HL9962,Android,4,Alon,Palmeira,2/23/2023,Porto Alegre,3400,
9271,HL1918,iPhone,2,Marina,Perdomo,5/31/2023,Porto Alegre,5300,
9277,HL7348,SmartWatch,2,Gabriel,Brito,5/30/2023,Porto Alegre,1400,
9299,HL7348,SmartWatch,5,Carolina,Motta,8/27/2023,Porto Alegre,1400,
9316,HL1918,iPhone,4,Rubens,Valente,3/28/2023,Porto Alegre,5300,
9349,HL7348,SmartWatch,2,Carolina,Motta,5/24/2023,Porto Alegre,1400,
9358,HL9962,Android,1,Matheus,Delgado,3/16/2023,Porto Alegre,3400,
9369,HL1918,iPhone,5,Adrielle,Vieira,12/15/2023,Porto Alegre,5300,
9376,HL1918,iPhone,5,Amanda,Felippe,10/5/2023,Porto Alegre,5300,
9392,HL1918,iPhone,5,Jeferson,Costa,1/15/2023,Porto Alegre,5300,
9405,HL8851,Notebook,4,Camila,Bastazini,3/23/2023,Porto Alegre,3500,
9406,HL1918,iPhone,1,Paula,Isbelle,6/7/2023,Porto Alegre,5300,
9426,HL4379,Televisão,2,Livia,Codeceira,7/25/2023,Porto Alegre,2500,
9447,HL8851,Notebook,2,Vitor,Arruda,1/7/2023,Porto Alegre,3500,
9450,HL9962,Android,2,Julie,Ferreira,10/8/2023,Porto Alegre,3400,
9451,HL9962,Android,5,Carolina,Motta,8/22/2023,Porto Alegre,3400,
9472,HL4379,Televisão,1,Daniel,Cardoso,10/5/2023,Porto Alegre,2500,
9480,HL1148,Câmera,1,Rodrigo,Bruno,5/14/2023,Porto Alegre,2100,
9524,HL1918,iPhone,5,Joao,Pereira,1/30/2023,Porto Alegre,5300,
9530,HL1918,iPhone,5,Stefan,Santos,10/10/2023,Porto Alegre,5300,
9622,HL1918,iPhone,4,Bernardo,Botelho,10/26/2023,Porto Alegre,5300,
9624,HL1148,Câmera,3,Luis,Villanova,6/22/2023,Porto Alegre,2100,
9642,HL8851,Notebook,2,Breno,Farias,11/17/2023,Porto Alegre,3500,
9662,HL2714,Tablet,5,Stephanie,Novak,1/26/2023,Porto Alegre,1600,
9693,HL4379,Televisão,2,Letí­cia,Araujo,6/23/2023,Porto Alegre,2500,
9695,HL8851,Notebook,2,Maria,Mello,7/4/2023,Porto Alegre,3500,
9710,HL4379,Televisão,1,Diego,Rodrigues,12/2/2023,Porto Alegre,2500,
9715,HL1148,Câmera,1,Joío,Guadagnino,7/16/2023,Porto Alegre,2100,
9770,HL4379,Televisão,2,Fabio,Sepúlveda,1/15/2023,Porto Alegre,2500,
9780,HL1918,iPhone,1,Thiago,Veloso,5/4/2023,Porto Alegre,5300,
9794,HL4379,Televisão,5,Joío,Guadagnino,2/1/2023,Porto Alegre,2500,
9819,HL1918,iPhone,2,Brenno,Santos,10/18/2023,Porto Alegre,5300,
9822,HL1918,iPhone,3,Paula,Cavalcanti,2/14/2023,Porto Alegre,5300,
9825,HL1918,iPhone,1,Marcos,Nucci,7/24/2023,Porto Alegre,5300,
9857,HL1148,Câmera,2,Allan,Guedes,8/20/2023,Porto Alegre,2100,
9866,HL1148,Câmera,2,Paula,Isbelle,6/20/2023,Porto Alegre,2100,
9880,HL8851,Notebook,5,Pedro,Santana,2/6/2023,Porto Alegre,3500,
9895,HL8851,Notebook,2,Caio,Ferreira,5/11/2023,Porto Alegre,3500,
9945,HL1918,iPhone,5,Pedro,Cardoso,12/31/2023,Porto Alegre,5300,
9947,HL1918,iPhone,2,Gabrielle,Vasconcelos,2/20/2023,Porto Alegre,5300,
9980,HL1918,iPhone,5,Joío,Rodrigues,1/21/2023,Porto Alegre,5300,
9983,HL2714,Tablet,5,Bianca,Tatsch,2/12/2023,Porto Alegre,1600,
9993,HL1148,Câmera,4,Victor,Lira,7/26/2023,Porto Alegre,2100,
9997,HL1918,iPhone,4,Norman,Jimbo,6/13/2023,Porto Alegre,5300,
