﻿,SKU,Produto,Quantidade,Primeiro Nome,Sobrenome,Data,Loja,Valor Unitário,Unnamed: 8
17,HL4379,Televisão,2,Carolina,Alfradique,2/25/2023,Belo Horizonte,2500,
25,HL4379,Televisão,1,Danilo,Rubim,2/20/2023,Belo Horizonte,2500,
27,HL1918,iPhone,5,Bernard,Pedrosa,7/7/2023,Belo Horizonte,5300,
54,HL1918,iPhone,5,Lucas,Lemos,12/26/2023,Belo Horizonte,5300,
67,HL8851,Notebook,5,Bernardo,Botelho,6/8/2023,Belo Horizonte,3500,
107,HL4379,Televisão,2,Raíza,Lopes,4/24/2023,Belo Horizonte,2500,
117,HL8851,Notebook,1,Paola,Abreu,8/2/2023,Belo Horizonte,3500,
155,HL8851,Notebook,4,Marina,Delgado,5/10/2023,Belo Horizonte,3500,
189,HL8851,Notebook,5,Giovana,Vilela,7/10/2023,Belo Horizonte,3500,
217,HL1918,iPhone,5,Gabriel,Brito,7/15/2023,Belo Horizonte,5300,
218,HL7348,SmartWatch,1,Amanda,Delgado,10/22/2023,Belo Horizonte,1400,
220,HL1918,iPhone,5,Isabella,Scalabrin,6/13/2023,Belo Horizonte,5300,
231,HL1918,iPhone,5,Guilherme,Monteiro,7/7/2023,Belo Horizonte,5300,
262,HL4379,Televisão,3,Isabel,Lacerda,1/10/2023,Belo Horizonte,2500,
316,HL2714,Tablet,4,Aline,Morais,1/23/2023,Belo Horizonte,1600,
319,HL2714,Tablet,2,Isabela,Rodrigues,7/24/2023,Belo Horizonte,1600,
329,HL4379,Televisão,3,Aline,Andrade,10/7/2023,Belo Horizonte,2500,
388,HL1918,iPhone,2,Raul,Junqueira,9/24/2023,Belo Horizonte,5300,
397,HL2714,Tablet,1,Lucas,Lemos,11/15/2023,Belo Horizonte,1600,
420,HL2714,Tablet,3,Leandro,Melo,2/28/2023,Belo Horizonte,1600,
428,HL1148,Câmera,2,Rogério,Gentile,10/13/2023,Belo Horizonte,2100,
430,HL7348,SmartWatch,3,Julia,Aliani,11/28/2023,Belo Horizonte,1400,
434,HL1148,Câmera,4,Victor,Gomes,5/8/2023,Belo Horizonte,2100,
452,HL2714,Tablet,5,Luís,Sá,4/16/2023,Belo Horizonte,1600,
492,HL1148,Câmera,3,Pedro,Santos,12/24/2023,Belo Horizonte,2100,
520,HL9962,Android,2,Thiago,Nóbrega,11/11/2023,Belo Horizonte,3400,
530,HL4379,Televisão,4,Rafael,Portela,2/27/2023,Belo Horizonte,2500,
540,HL9962,Android,4,Ana,Silva,10/13/2023,Belo Horizonte,3400,
566,HL8851,Notebook,4,Joíso,Costa,9/18/2023,Belo Horizonte,3500,
604,HL1918,iPhone,4,Thomáz,Vannier,3/5/2023,Belo Horizonte,5300,
609,HL9962,Android,2,Paula,Carneiro,5/26/2023,Belo Horizonte,3400,
610,HL1918,iPhone,5,Ana,Carvalho,6/19/2023,Belo Horizonte,5300,
660,HL1918,iPhone,4,Felipe,Jorge,8/2/2023,Belo Horizonte,5300,
690,HL4379,Televisão,2,Daniel,Ortiz,8/24/2023,Belo Horizonte,2500,
691,HL9962,Android,5,Mônica,Rotolo,2/2/2023,Belo Horizonte,3400,
701,HL1918,iPhone,5,Raphael,Rezende,2/9/2023,Belo Horizonte,5300,
719,HL7348,SmartWatch,3,Anderson,Cavalcanti,6/14/2023,Belo Horizonte,1400,
729,HL1918,iPhone,2,Gustavo,Erthal,8/9/2023,Belo Horizonte,5300,
730,HL9962,Android,4,Ana,Fioretti,10/23/2023,Belo Horizonte,3400,
738,HL2714,Tablet,3,Amanda,Procaci,3/12/2023,Belo Horizonte,1600,
752,HL1918,iPhone,3,Carolina,Costa,9/17/2023,Belo Horizonte,5300,
761,HL4379,Televisão,4,Carolina,Siqueira,8/1/2023,Belo Horizonte,2500,
763,HL1918,iPhone,2,Igor,Azevedo,6/8/2023,Belo Horizonte,5300,
782,HL1918,iPhone,4,Karine,Barros,3/22/2023,Belo Horizonte,5300,
802,HL4379,Televisão,1,Pedro,Costa,3/27/2023,Belo Horizonte,2500,
807,HL8851,Notebook,4,Arthur,Rocha,11/25/2023,Belo Horizonte,3500,
817,HL7348,SmartWatch,2,Natalia,Accioly,8/7/2023,Belo Horizonte,1400,
825,HL4379,Televisão,5,Raíssa,Oros,2/17/2023,Belo Horizonte,2500,
840,HL4379,Televisão,1,Katharina,Barros,2/16/2023,Belo Horizonte,2500,
845,HL4379,Televisão,1,Lara,Moreira,10/25/2023,Belo Horizonte,2500,
850,HL1148,Câmera,2,Carlos,Mesquita,1/11/2023,Belo Horizonte,2100,
855,HL1918,iPhone,1,Carolina,Bernardes,3/25/2023,Belo Horizonte,5300,
856,HL1918,iPhone,3,Marcela,Gasperi,12/31/2023,Belo Horizonte,5300,
872,HL8851,Notebook,1,Gustavo,Junior,4/12/2023,Belo Horizonte,3500,
891,HL1918,iPhone,4,Matheus,Silva,7/3/2023,Belo Horizonte,5300,
927,HL1148,Câmera,1,Danilo,Mendonça,4/19/2023,Belo Horizonte,2100,
938,HL1918,iPhone,4,Wen,Braga,5/1/2023,Belo Horizonte,5300,
946,HL1918,iPhone,3,Gabriel,Brito,4/28/2023,Belo Horizonte,5300,
953,HL7348,SmartWatch,4,Jonatas,Passos,8/14/2023,Belo Horizonte,1400,
955,HL1918,iPhone,1,Gabriel,Rocha,6/11/2023,Belo Horizonte,5300,
968,HL9962,Android,4,Beatriz,Rocha,1/11/2023,Belo Horizonte,3400,
977,HL4379,Televisão,1,Adrielle,Gabriel,4/8/2023,Belo Horizonte,2500,
983,HL8851,Notebook,1,Caroll,Johnson,12/11/2023,Belo Horizonte,3500,
1041,HL4379,Televisão,4,Bruna,Franco,10/26/2023,Belo Horizonte,2500,
1046,HL2714,Tablet,4,Maria,Motta,5/8/2023,Belo Horizonte,1600,
1060,HL1918,iPhone,3,Priscila,Garcia,10/24/2023,Belo Horizonte,5300,
1079,HL1918,iPhone,5,Andressa,Nóbrega,9/18/2023,Belo Horizonte,5300,
1114,HL4379,Televisão,2,Ana,Miura,7/24/2023,Belo Horizonte,2500,
1128,HL8851,Notebook,2,Giulia,Pessanha,11/13/2023,Belo Horizonte,3500,
1129,HL7348,SmartWatch,3,Samara,Pinto,1/10/2023,Belo Horizonte,1400,
1143,HL4379,Televisão,4,Caio,Silva,11/21/2023,Belo Horizonte,2500,
1147,HL7348,SmartWatch,1,Myllena,Carneiro,1/22/2023,Belo Horizonte,1400,
1154,HL9962,Android,3,Juan,Fernandes,1/9/2023,Belo Horizonte,3400,
1161,HL1148,Câmera,4,Raphael,Mattos,6/22/2023,Belo Horizonte,2100,
1179,HL9962,Android,3,Gustavo,Junior,2/23/2023,Belo Horizonte,3400,
1203,HL1148,Câmera,2,Célio,Xavier,6/6/2023,Belo Horizonte,2100,
1233,HL2714,Tablet,4,Diego,Rodrigues,10/13/2023,Belo Horizonte,1600,
1235,HL1148,Câmera,5,Guilherme,Monteiro,5/18/2023,Belo Horizonte,2100,
1267,HL1148,Câmera,1,Anderson,Martins,4/22/2023,Belo Horizonte,2100,
1283,HL9962,Android,1,Júlia,Almeida,12/6/2023,Belo Horizonte,3400,
1314,HL2714,Tablet,2,Carolina,Motta,8/6/2023,Belo Horizonte,1600,
1339,HL9962,Android,5,Bernardo,Nauenberg,2/21/2023,Belo Horizonte,3400,
1350,HL4379,Televisão,4,Giuseppe,Bhering,5/13/2023,Belo Horizonte,2500,
1394,HL2714,Tablet,3,Chan,Santos,6/20/2023,Belo Horizonte,1600,
1486,HL1918,iPhone,2,Rafaela,Ferreira,9/14/2023,Belo Horizonte,5300,
1497,HL8851,Notebook,5,Erick,Soares,12/8/2023,Belo Horizonte,3500,
1503,HL8851,Notebook,5,Jéssica,Resinente,5/8/2023,Belo Horizonte,3500,
1507,HL9962,Android,2,Hanna,Fonseca,11/16/2023,Belo Horizonte,3400,
1520,HL8851,Notebook,3,Carolina,Carneiro,3/19/2023,Belo Horizonte,3500,
1529,HL1918,iPhone,2,Mariane,Racy,6/8/2023,Belo Horizonte,5300,
1536,HL2714,Tablet,3,Deysiane,Bach,5/15/2023,Belo Horizonte,1600,
1542,HL1148,Câmera,5,Thales,Portillo,1/29/2023,Belo Horizonte,2100,
1547,HL7348,SmartWatch,5,Rafael,Ramos,1/30/2023,Belo Horizonte,1400,
1562,HL4379,Televisão,3,Gabriella,Sagrillo,1/13/2023,Belo Horizonte,2500,
1563,HL1148,Câmera,1,Joíso,Tabet,11/2/2023,Belo Horizonte,2100,
1590,HL1148,Câmera,5,Juliana,Huon,10/18/2023,Belo Horizonte,2100,
1614,HL7348,SmartWatch,5,Mariana,Barrozo,6/15/2023,Belo Horizonte,1400,
1620,HL1148,Câmera,2,Gabriel,Pereira,1/30/2023,Belo Horizonte,2100,
1662,HL1148,Câmera,2,Carlos,Souza,5/26/2023,Belo Horizonte,2100,
1697,HL4379,Televisão,2,Thomáz,Bôas,6/30/2023,Belo Horizonte,2500,
1708,HL1918,iPhone,4,Pedro,Rodrigues,2/17/2023,Belo Horizonte,5300,
1726,HL9962,Android,2,Rafael,Carneiro,10/6/2023,Belo Horizonte,3400,
1728,HL2714,Tablet,2,Marina,Delgado,8/11/2023,Belo Horizonte,1600,
1761,HL4379,Televisão,2,Rachel,Restum,9/3/2023,Belo Horizonte,2500,
1762,HL1918,iPhone,3,Luiza,Cabral,2/18/2023,Belo Horizonte,5300,
1785,HL4379,Televisão,5,Caio,Fernandes,8/13/2023,Belo Horizonte,2500,
1793,HL9962,Android,2,Mariana,Barrozo,4/17/2023,Belo Horizonte,3400,
1799,HL1918,iPhone,1,Gabriel,Almeida,6/26/2023,Belo Horizonte,5300,
1806,HL7348,SmartWatch,2,Marcelo,Borges,9/10/2023,Belo Horizonte,1400,
1807,HL1918,iPhone,3,Maria,Costa,8/15/2023,Belo Horizonte,5300,
1838,HL9962,Android,1,Marcos,Nucci,7/17/2023,Belo Horizonte,3400,
1874,HL4379,Televisão,4,Juliana,Guimaríses,10/6/2023,Belo Horizonte,2500,
1880,HL1918,iPhone,4,Jessica,Ferreira,7/13/2023,Belo Horizonte,5300,
1883,HL1918,iPhone,1,Iuri,Neto,7/4/2023,Belo Horizonte,5300,
1886,HL8851,Notebook,1,Breno,Britto,9/14/2023,Belo Horizonte,3500,
1912,HL1148,Câmera,1,Maria,Motta,9/20/2023,Belo Horizonte,2100,
1923,HL1148,Câmera,1,Larissa,Jesus,6/13/2023,Belo Horizonte,2100,
1924,HL2714,Tablet,2,Gabriel,Azevedo,5/28/2023,Belo Horizonte,1600,
1935,HL1148,Câmera,3,Pedro,Cardoso,11/23/2023,Belo Horizonte,2100,
1938,HL7348,SmartWatch,2,Raul,Silveira,1/6/2023,Belo Horizonte,1400,
1948,HL1148,Câmera,5,Eduardo,Silva,12/10/2023,Belo Horizonte,2100,
1967,HL1918,iPhone,2,Henrique,Oliveira,5/21/2023,Belo Horizonte,5300,
2026,HL1918,iPhone,1,Joíso,Tabet,6/30/2023,Belo Horizonte,5300,
2051,HL1918,iPhone,1,Luana,Santos,10/24/2023,Belo Horizonte,5300,
2090,HL9962,Android,2,Michelle,Miura,5/2/2023,Belo Horizonte,3400,
2095,HL9962,Android,4,Manuela,Ferreira,4/13/2023,Belo Horizonte,3400,
2098,HL4379,Televisão,2,Roger,Rosa,10/12/2023,Belo Horizonte,2500,
2125,HL1918,iPhone,4,Caroline,Cavalcanti,5/14/2023,Belo Horizonte,5300,
2143,HL7348,SmartWatch,5,Mariane,Ferreira,8/22/2023,Belo Horizonte,1400,
2146,HL4379,Televisão,5,Thales,Fanara,9/18/2023,Belo Horizonte,2500,
2152,HL9962,Android,3,Jessica,Ferreira,11/12/2023,Belo Horizonte,3400,
2160,HL7348,SmartWatch,2,Allan,Candido,5/20/2023,Belo Horizonte,1400,
2200,HL9962,Android,5,Rodrigo,Bruno,12/4/2023,Belo Horizonte,3400,
2203,HL4379,Televisão,4,Maria,Junior,1/21/2023,Belo Horizonte,2500,
2208,HL1918,iPhone,1,Pedro,Dalforne,8/7/2023,Belo Horizonte,5300,
2223,HL1918,iPhone,1,Gabriel,Rocha,5/29/2023,Belo Horizonte,5300,
2247,HL8851,Notebook,1,Cícero,Lima,4/13/2023,Belo Horizonte,3500,
2264,HL1148,Câmera,2,Victoria,Tavares,9/27/2023,Belo Horizonte,2100,
2268,HL4379,Televisão,1,Matheus,Moraes,2/7/2023,Belo Horizonte,2500,
2310,HL9962,Android,2,Eric,Neves,3/9/2023,Belo Horizonte,3400,
2333,HL4379,Televisão,5,Joíso,Araujo,3/17/2023,Belo Horizonte,2500,
2339,HL1918,iPhone,1,Debora,Silva,12/9/2023,Belo Horizonte,5300,
2367,HL7348,SmartWatch,4,Lucas,Wanderley,12/12/2023,Belo Horizonte,1400,
2368,HL9962,Android,2,Raul,Junqueira,11/10/2023,Belo Horizonte,3400,
2372,HL4379,Televisão,3,Victoria,Mazza,12/27/2023,Belo Horizonte,2500,
2379,HL8851,Notebook,4,Livia,Cozendey,7/8/2023,Belo Horizonte,3500,
2393,HL1918,iPhone,5,Larissa,Vasconcellos,12/22/2023,Belo Horizonte,5300,
2398,HL4379,Televisão,1,Caio,Moraes,6/27/2023,Belo Horizonte,2500,
2413,HL8851,Notebook,5,Bárbara,Lima,8/2/2023,Belo Horizonte,3500,
2424,HL1918,iPhone,5,Caio,Vianna,9/7/2023,Belo Horizonte,5300,
2431,HL7348,SmartWatch,1,Daniel,Monteiro,5/23/2023,Belo Horizonte,1400,
2436,HL9962,Android,1,José,Vieira,10/30/2023,Belo Horizonte,3400,
2449,HL2714,Tablet,2,Caroline,Delgado,10/5/2023,Belo Horizonte,1600,
2476,HL4379,Televisão,1,Bernardo,Ribeiro,12/3/2023,Belo Horizonte,2500,
2478,HL1918,iPhone,1,Guilherme,Rachide,4/25/2023,Belo Horizonte,5300,
2526,HL9962,Android,1,Vitor,Arruda,10/22/2023,Belo Horizonte,3400,
2555,HL1918,iPhone,4,Daniela,Rosa,4/5/2023,Belo Horizonte,5300,
2635,HL9962,Android,2,Gustavo,Accardo,8/15/2023,Belo Horizonte,3400,
2669,HL7348,SmartWatch,4,Breno,Caputo,6/13/2023,Belo Horizonte,1400,
2687,HL7348,SmartWatch,1,Norman,Jimbo,4/7/2023,Belo Horizonte,1400,
2694,HL8851,Notebook,3,Yasmim,Bittencourt,10/21/2023,Belo Horizonte,3500,
2745,HL8851,Notebook,5,Andreza,Ramos,6/15/2023,Belo Horizonte,3500,
2749,HL7348,SmartWatch,3,Luiza,Cabral,7/30/2023,Belo Horizonte,1400,
2768,HL1918,iPhone,5,Marina,Miranda,8/10/2023,Belo Horizonte,5300,
2774,HL9962,Android,5,Douglas,Rodrigues,8/17/2023,Belo Horizonte,3400,
2778,HL1918,iPhone,5,Pedro,Oliveira,11/28/2023,Belo Horizonte,5300,
2799,HL2714,Tablet,2,Caio,Ferreira,6/30/2023,Belo Horizonte,1600,
2820,HL8851,Notebook,4,Raul,Silveira,1/27/2023,Belo Horizonte,3500,
2821,HL2714,Tablet,4,Luiza,Ribeiro,2/12/2023,Belo Horizonte,1600,
2829,HL1918,iPhone,4,Jônatas,Castro,2/2/2023,Belo Horizonte,5300,
2843,HL8851,Notebook,1,Camila,Sobral,8/6/2023,Belo Horizonte,3500,
2853,HL4379,Televisão,2,Isabela,Chagas,7/28/2023,Belo Horizonte,2500,
2873,HL1918,iPhone,1,Arthur,Pereira,7/22/2023,Belo Horizonte,5300,
2875,HL9962,Android,3,Jéssica,Stefanelli,2/3/2023,Belo Horizonte,3400,
2890,HL2714,Tablet,2,Carolina,Bernardes,7/15/2023,Belo Horizonte,1600,
2904,HL4379,Televisão,1,Mateus,Duque,9/9/2023,Belo Horizonte,2500,
2937,HL4379,Televisão,4,Marcelo,Magalhíses,12/2/2023,Belo Horizonte,2500,
2956,HL1148,Câmera,1,Vitor,Arruda,12/16/2023,Belo Horizonte,2100,
2963,HL1918,iPhone,4,Henrique,Oliveira,6/28/2023,Belo Horizonte,5300,
2987,HL4379,Televisão,2,Eduardo,Ferreira,11/10/2023,Belo Horizonte,2500,
2996,HL1918,iPhone,3,Luís,Sá,2/18/2023,Belo Horizonte,5300,
3018,HL1918,iPhone,5,Raphael,Coelho,8/11/2023,Belo Horizonte,5300,
3025,HL2714,Tablet,2,Raíssa,Nimer,3/11/2023,Belo Horizonte,1600,
3040,HL1918,iPhone,2,Philipe,Morete,1/30/2023,Belo Horizonte,5300,
3041,HL2714,Tablet,1,Thaís,Pereira,9/9/2023,Belo Horizonte,1600,
3075,HL1918,iPhone,4,Anna,Maia,4/5/2023,Belo Horizonte,5300,
3098,HL9962,Android,3,Juliana,Guimaríses,4/3/2023,Belo Horizonte,3400,
3132,HL7348,SmartWatch,5,Roberta,Teixeira,10/14/2023,Belo Horizonte,1400,
3163,HL8851,Notebook,5,Gabrielle,Costa,8/9/2023,Belo Horizonte,3500,
3180,HL1918,iPhone,4,Fabio,Sepúlveda,3/25/2023,Belo Horizonte,5300,
3218,HL2714,Tablet,2,Arthur,Fernandes,4/6/2023,Belo Horizonte,1600,
3219,HL4379,Televisão,2,Livia,Codeceira,4/18/2023,Belo Horizonte,2500,
3226,HL4379,Televisão,3,Isabella,Santos,9/4/2023,Belo Horizonte,2500,
3236,HL4379,Televisão,1,Gabriel,Ribeiro,7/29/2023,Belo Horizonte,2500,
3281,HL8851,Notebook,1,Gustavo,Aragíso,10/22/2023,Belo Horizonte,3500,
3317,HL1918,iPhone,3,Carolina,Silva,11/24/2023,Belo Horizonte,5300,
3324,HL4379,Televisão,3,Livia,CorrÃªa,4/11/2023,Belo Horizonte,2500,
3331,HL2714,Tablet,2,Rebeca,Manhíses,9/13/2023,Belo Horizonte,1600,
3362,HL7348,SmartWatch,3,Patrícia,Fernandes,2/22/2023,Belo Horizonte,1400,
3370,HL1918,iPhone,4,Giuseppe,Bhering,9/6/2023,Belo Horizonte,5300,
3399,HL1918,iPhone,4,Paulo,Campos,4/21/2023,Belo Horizonte,5300,
3418,HL1918,iPhone,3,Lucas,Junior,6/12/2023,Belo Horizonte,5300,
3426,HL2714,Tablet,4,Gustavo,Thome,8/8/2023,Belo Horizonte,1600,
3435,HL4379,Televisão,5,Deysiane,Bach,9/28/2023,Belo Horizonte,2500,
3437,HL9962,Android,2,Bruna,Londero,1/6/2023,Belo Horizonte,3400,
3442,HL4379,Televisão,2,Juliana,Guimaríses,5/31/2023,Belo Horizonte,2500,
3487,HL1918,iPhone,4,Mateus,Maia,3/30/2023,Belo Horizonte,5300,
3489,HL9962,Android,2,Adrielle,Vieira,10/1/2023,Belo Horizonte,3400,
3497,HL1918,iPhone,4,Fernanda,Junior,4/24/2023,Belo Horizonte,5300,
3563,HL1918,iPhone,1,José,Seixas,10/18/2023,Belo Horizonte,5300,
3577,HL1918,iPhone,4,Rafael,Wajnsztok,9/6/2023,Belo Horizonte,5300,
3603,HL4379,Televisão,5,Cícero,Ramos,6/24/2023,Belo Horizonte,2500,
3609,HL1918,iPhone,5,Luiz,Campista,2/11/2023,Belo Horizonte,5300,
3621,HL4379,Televisão,4,Carolina,Rocha,6/5/2023,Belo Horizonte,2500,
3622,HL1918,iPhone,4,Natalia,Accioly,2/20/2023,Belo Horizonte,5300,
3623,HL7348,SmartWatch,3,Philipe,Morete,2/2/2023,Belo Horizonte,1400,
3642,HL4379,Televisão,1,Breno,Costa,8/29/2023,Belo Horizonte,2500,
3647,HL9962,Android,1,Bruno,Temporal,2/2/2023,Belo Horizonte,3400,
3659,HL9962,Android,5,Breno,Farias,11/11/2023,Belo Horizonte,3400,
3664,HL9962,Android,3,Lívia,Tanaka,5/11/2023,Belo Horizonte,3400,
3665,HL8851,Notebook,1,Gustavo,Accardo,9/16/2023,Belo Horizonte,3500,
3706,HL9962,Android,5,Thales,Santos,6/28/2023,Belo Horizonte,3400,
3734,HL4379,Televisão,3,Mônica,Rotolo,9/6/2023,Belo Horizonte,2500,
3739,HL1148,Câmera,5,Alex,Fernandes,9/25/2023,Belo Horizonte,2100,
3743,HL1918,iPhone,4,Khaio,Mesquita,11/28/2023,Belo Horizonte,5300,
3761,HL9962,Android,1,Pedro,Macckione,8/31/2023,Belo Horizonte,3400,
3766,HL1148,Câmera,1,Arthur,Pereira,11/4/2023,Belo Horizonte,2100,
3772,HL1918,iPhone,4,Thiago,Veloso,1/9/2023,Belo Horizonte,5300,
3782,HL9962,Android,4,Paloma,Sperandei,4/3/2023,Belo Horizonte,3400,
3800,HL1918,iPhone,1,Carolina,Silva,8/22/2023,Belo Horizonte,5300,
3801,HL8851,Notebook,5,Thainá,Binello,9/18/2023,Belo Horizonte,3500,
3852,HL7348,SmartWatch,5,Raphael,Ferman,9/3/2023,Belo Horizonte,1400,
3868,HL1148,Câmera,3,Maike,Pereira,2/7/2023,Belo Horizonte,2100,
3873,HL8851,Notebook,1,Matheus,Figueiredo,3/13/2023,Belo Horizonte,3500,
3891,HL2714,Tablet,4,Ives,Barbosa,1/21/2023,Belo Horizonte,1600,
3901,HL7348,SmartWatch,3,Larissa,Jesus,6/22/2023,Belo Horizonte,1400,
3907,HL8851,Notebook,3,Eric,Júnior,3/15/2023,Belo Horizonte,3500,
3927,HL1918,iPhone,1,Aline,Andrade,2/27/2023,Belo Horizonte,5300,
3934,HL1918,iPhone,5,Andressa,Rotsztejn,8/21/2023,Belo Horizonte,5300,
3948,HL1918,iPhone,5,Bruno,Mota,4/20/2023,Belo Horizonte,5300,
3978,HL7348,SmartWatch,5,Victoria,Mazza,2/23/2023,Belo Horizonte,1400,
3999,HL1918,iPhone,3,Bernardo,Soares,12/16/2023,Belo Horizonte,5300,
4000,HL1148,Câmera,4,Pedro,Martins,7/20/2023,Belo Horizonte,2100,
4005,HL7348,SmartWatch,1,Alon,Pestana,1/7/2023,Belo Horizonte,1400,
4017,HL4379,Televisão,2,Raphael,Filho,7/11/2023,Belo Horizonte,2500,
4019,HL8851,Notebook,5,Thomáz,Rodriguez,5/19/2023,Belo Horizonte,3500,
4031,HL1918,iPhone,2,Bernardo,Nauenberg,10/6/2023,Belo Horizonte,5300,
4060,HL4379,Televisão,4,Luiza,Marques,7/1/2023,Belo Horizonte,2500,
4067,HL7348,SmartWatch,2,William,Mendonça,11/12/2023,Belo Horizonte,1400,
4081,HL8851,Notebook,5,Anízio,Carvalho,1/9/2023,Belo Horizonte,3500,
4100,HL7348,SmartWatch,2,Jônatas,Castro,7/4/2023,Belo Horizonte,1400,
4114,HL1918,iPhone,1,Pedro,Costa,9/20/2023,Belo Horizonte,5300,
4117,HL1918,iPhone,4,Luiz,Mendonça,7/28/2023,Belo Horizonte,5300,
4118,HL1918,iPhone,5,Henrique,Oliveira,1/21/2023,Belo Horizonte,5300,
4120,HL1918,iPhone,2,Cassio,Faria,12/23/2023,Belo Horizonte,5300,
4124,HL1918,iPhone,1,Mateus,Polastri,10/24/2023,Belo Horizonte,5300,
4142,HL1918,iPhone,1,Paula,Cavalcanti,6/18/2023,Belo Horizonte,5300,
4156,HL7348,SmartWatch,2,David,Vasconcelos,11/4/2023,Belo Horizonte,1400,
4160,HL1918,iPhone,2,Fabio,Ramos,4/26/2023,Belo Horizonte,5300,
4167,HL1148,Câmera,3,Natali,Rangel,11/23/2023,Belo Horizonte,2100,
4182,HL1918,iPhone,2,Marina,Cormack,7/15/2023,Belo Horizonte,5300,
4187,HL1918,iPhone,1,Eric,Carvalho,9/20/2023,Belo Horizonte,5300,
4242,HL1148,Câmera,4,Bruna,Rangel,6/25/2023,Belo Horizonte,2100,
4254,HL2714,Tablet,2,Lucas,Reis,10/29/2023,Belo Horizonte,1600,
4255,HL1918,iPhone,3,Luiza,Marques,4/17/2023,Belo Horizonte,5300,
4268,HL1918,iPhone,3,Thales,Portillo,10/28/2023,Belo Horizonte,5300,
4295,HL1918,iPhone,3,Roger,Rosa,12/24/2023,Belo Horizonte,5300,
4300,HL8851,Notebook,1,Stefan,Santos,8/21/2023,Belo Horizonte,3500,
4317,HL4379,Televisão,2,Pedro,Costa,4/18/2023,Belo Horizonte,2500,
4354,HL1918,iPhone,2,Marina,Perdomo,1/1/2023,Belo Horizonte,5300,
4365,HL1918,iPhone,2,Bárbara,Lima,10/8/2023,Belo Horizonte,5300,
4368,HL1148,Câmera,3,Luiza,Farias,4/28/2023,Belo Horizonte,2100,
4376,HL4379,Televisão,2,Felipe,Paulo,1/10/2023,Belo Horizonte,2500,
4379,HL1918,iPhone,5,Luiz,Marinho,2/6/2023,Belo Horizonte,5300,
4388,HL9962,Android,3,Pedro,Rodrigues,11/18/2023,Belo Horizonte,3400,
4401,HL4379,Televisão,1,Luiz,Xavier,3/6/2023,Belo Horizonte,2500,
4421,HL4379,Televisão,2,Leonardo,Faria,12/19/2023,Belo Horizonte,2500,
4428,HL8851,Notebook,3,Vivianne,Rodrigues,2/19/2023,Belo Horizonte,3500,
4445,HL2714,Tablet,4,Priscila,Vogel,2/27/2023,Belo Horizonte,1600,
4448,HL8851,Notebook,1,Laura,Araujo,7/3/2023,Belo Horizonte,3500,
4449,HL8851,Notebook,5,Michelle,Pereira,9/2/2023,Belo Horizonte,3500,
4469,HL1148,Câmera,5,Leandro,Rodrigues,6/18/2023,Belo Horizonte,2100,
4474,HL4379,Televisão,2,Julia,Aliani,5/19/2023,Belo Horizonte,2500,
4477,HL8851,Notebook,1,Felipe,Cavalcanti,11/13/2023,Belo Horizonte,3500,
4490,HL7348,SmartWatch,2,Livia,Cozendey,8/15/2023,Belo Horizonte,1400,
4491,HL1918,iPhone,3,Natália,Appel,9/1/2023,Belo Horizonte,5300,
4516,HL1918,iPhone,5,Andressa,Nóbrega,8/9/2023,Belo Horizonte,5300,
4531,HL1918,iPhone,4,Joao,Silva,11/24/2023,Belo Horizonte,5300,
4553,HL9962,Android,1,José,Carvalho,4/12/2023,Belo Horizonte,3400,
4562,HL4379,Televisão,3,Henrique,Lencastre,2/21/2023,Belo Horizonte,2500,
4568,HL4379,Televisão,1,Julie,Ferreira,2/25/2023,Belo Horizonte,2500,
4571,HL4379,Televisão,3,Lara,Moreira,11/20/2023,Belo Horizonte,2500,
4573,HL1918,iPhone,5,Gustavo,Thome,7/6/2023,Belo Horizonte,5300,
4605,HL1918,iPhone,2,Luis,Silva,12/4/2023,Belo Horizonte,5300,
4627,HL9962,Android,3,Miguel,Carneiro,2/12/2023,Belo Horizonte,3400,
4645,HL4379,Televisão,4,Laura,Araujo,1/3/2023,Belo Horizonte,2500,
4650,HL1148,Câmera,4,Bárbara,Lima,7/1/2023,Belo Horizonte,2100,
4686,HL4379,Televisão,2,Rafael,Carneiro,8/30/2023,Belo Horizonte,2500,
4696,HL1918,iPhone,1,Paula,Calbucci,7/7/2023,Belo Horizonte,5300,
4717,HL1918,iPhone,2,Pedro,Macckione,7/30/2023,Belo Horizonte,5300,
4723,HL8851,Notebook,5,Brenno,Miranda,5/23/2023,Belo Horizonte,3500,
4735,HL4379,Televisão,3,Pedro,Macckione,9/30/2023,Belo Horizonte,2500,
4748,HL8851,Notebook,4,Wendela,Mariz,7/16/2023,Belo Horizonte,3500,
4755,HL8851,Notebook,3,Pedro,Sena,10/5/2023,Belo Horizonte,3500,
4756,HL7348,SmartWatch,4,Joíso,Abraçado,6/25/2023,Belo Horizonte,1400,
4766,HL1918,iPhone,1,Marcela,Johnson,8/26/2023,Belo Horizonte,5300,
4788,HL2714,Tablet,3,Beatriz,Rocha,2/17/2023,Belo Horizonte,1600,
4811,HL1918,iPhone,2,Daniel,Nauenberg,1/19/2023,Belo Horizonte,5300,
4880,HL4379,Televisão,5,Juliana,Souza,3/31/2023,Belo Horizonte,2500,
4910,HL1918,iPhone,4,Thales,GouvÃªa,6/4/2023,Belo Horizonte,5300,
4917,HL7348,SmartWatch,5,Pedro,Oliveira,11/21/2023,Belo Horizonte,1400,
4920,HL7348,SmartWatch,5,Guilherme,Assis,7/21/2023,Belo Horizonte,1400,
4953,HL1918,iPhone,4,Eduardo,Nunes,7/10/2023,Belo Horizonte,5300,
4960,HL8851,Notebook,1,Gabrielle,Silva,5/20/2023,Belo Horizonte,3500,
4963,HL9962,Android,5,Guilherme,Marchesi,5/3/2023,Belo Horizonte,3400,
4994,HL9962,Android,4,Adriana,Passos,7/5/2023,Belo Horizonte,3400,
5015,HL2714,Tablet,5,Thales,Santos,5/10/2023,Belo Horizonte,1600,
5054,HL4379,Televisão,4,Ylana,Teraoka,6/19/2023,Belo Horizonte,2500,
5078,HL1918,iPhone,2,Caio,Silva,8/10/2023,Belo Horizonte,5300,
5099,HL9962,Android,5,Milena,Almeida,4/19/2023,Belo Horizonte,3400,
5100,HL1148,Câmera,5,Sarah,Souza,2/11/2023,Belo Horizonte,2100,
5115,HL7348,SmartWatch,2,Karine,Barros,11/16/2023,Belo Horizonte,1400,
5139,HL4379,Televisão,4,Alon,Palmeira,2/22/2023,Belo Horizonte,2500,
5149,HL8851,Notebook,1,Natalia,Andrade,3/13/2023,Belo Horizonte,3500,
5153,HL4379,Televisão,4,Joíso,Junior,8/14/2023,Belo Horizonte,2500,
5168,HL1918,iPhone,4,Carla,Zakhm,10/12/2023,Belo Horizonte,5300,
5190,HL9962,Android,4,Andre,Sampaio,11/2/2023,Belo Horizonte,3400,
5198,HL8851,Notebook,2,Guilherme,Merotto,2/27/2023,Belo Horizonte,3500,
5200,HL9962,Android,5,Livia,Cozendey,5/19/2023,Belo Horizonte,3400,
5240,HL2714,Tablet,3,Joao,Pereira,10/28/2023,Belo Horizonte,1600,
5244,HL4379,Televisão,1,Juan,Barbosa,12/21/2023,Belo Horizonte,2500,
5261,HL4379,Televisão,2,Gabriel,Puntel,3/20/2023,Belo Horizonte,2500,
5266,HL2714,Tablet,5,Wilson,Vianna,2/10/2023,Belo Horizonte,1600,
5269,HL1148,Câmera,2,Beatriz,Nogueira,11/7/2023,Belo Horizonte,2100,
5275,HL4379,Televisão,3,Victor,Gomes,6/11/2023,Belo Horizonte,2500,
5280,HL8851,Notebook,1,Eduardo,Pacheco,11/25/2023,Belo Horizonte,3500,
5307,HL4379,Televisão,5,José,Jesus,8/12/2023,Belo Horizonte,2500,
5314,HL1918,iPhone,3,Anízio,Carvalho,9/25/2023,Belo Horizonte,5300,
5330,HL1918,iPhone,5,Eric,Carvalho,12/26/2023,Belo Horizonte,5300,
5338,HL1918,iPhone,5,Amanda,Procaci,8/28/2023,Belo Horizonte,5300,
5341,HL8851,Notebook,2,Amanda,Machado,8/16/2023,Belo Horizonte,3500,
5358,HL9962,Android,1,Bruna,Franco,9/30/2023,Belo Horizonte,3400,
5363,HL1148,Câmera,2,Luíza,Melo,10/4/2023,Belo Horizonte,2100,
5379,HL4379,Televisão,2,Luiza,Farias,4/2/2023,Belo Horizonte,2500,
5424,HL1918,iPhone,1,Gabriel,Pereira,2/23/2023,Belo Horizonte,5300,
5449,HL1148,Câmera,2,Glenda,Santos,4/3/2023,Belo Horizonte,2100,
5468,HL1918,iPhone,3,Raphael,Mattos,9/21/2023,Belo Horizonte,5300,
5479,HL1148,Câmera,4,Helena,Chafin,11/18/2023,Belo Horizonte,2100,
5499,HL9962,Android,5,Wendela,Mariz,12/12/2023,Belo Horizonte,3400,
5517,HL1918,iPhone,5,Morgana,Correa,11/3/2023,Belo Horizonte,5300,
5541,HL8851,Notebook,4,Gabrielle,Porto,12/29/2023,Belo Horizonte,3500,
5557,HL1918,iPhone,4,Audir,Franco,11/16/2023,Belo Horizonte,5300,
5570,HL2714,Tablet,1,Patrícia,Ferreira,5/24/2023,Belo Horizonte,1600,
5577,HL7348,SmartWatch,3,Gabriella,Lopes,10/30/2023,Belo Horizonte,1400,
5581,HL4379,Televisão,2,Silvio,Fahrnholz,5/6/2023,Belo Horizonte,2500,
5584,HL4379,Televisão,5,Breno,Caputo,6/26/2023,Belo Horizonte,2500,
5587,HL2714,Tablet,5,Beatriz,Cavalcanti,5/21/2023,Belo Horizonte,1600,
5597,HL4379,Televisão,5,Bruna,Ramos,2/10/2023,Belo Horizonte,2500,
5601,HL7348,SmartWatch,3,Joíso,Alves,9/11/2023,Belo Horizonte,1400,
5621,HL1918,iPhone,4,Bruna,Soares,5/4/2023,Belo Horizonte,5300,
5643,HL9962,Android,5,Diego,Rodrigues,5/9/2023,Belo Horizonte,3400,
5648,HL8851,Notebook,1,Mayara,Soares,11/12/2023,Belo Horizonte,3500,
5650,HL8851,Notebook,3,Andre,Sampaio,7/18/2023,Belo Horizonte,3500,
5673,HL9962,Android,2,Isabella,Santos,11/28/2023,Belo Horizonte,3400,
5687,HL1918,iPhone,1,Lucas,Machado,9/6/2023,Belo Horizonte,5300,
5708,HL7348,SmartWatch,1,Carolina,Bernardes,11/4/2023,Belo Horizonte,1400,
5750,HL9962,Android,3,Allan,Candido,3/4/2023,Belo Horizonte,3400,
5751,HL9962,Android,1,Lucas,Reis,10/31/2023,Belo Horizonte,3400,
5756,HL7348,SmartWatch,3,Mariana,Sousa,1/6/2023,Belo Horizonte,1400,
5775,HL1148,Câmera,2,Lucas,Aragíso,3/17/2023,Belo Horizonte,2100,
5788,HL7348,SmartWatch,1,Isaac,Santos,8/13/2023,Belo Horizonte,1400,
5833,HL1148,Câmera,5,Daniel,Valente,5/26/2023,Belo Horizonte,2100,
5872,HL8851,Notebook,3,Beatriz,Perdomo,6/2/2023,Belo Horizonte,3500,
5884,HL2714,Tablet,5,Elena,Barreto,3/8/2023,Belo Horizonte,1600,
5903,HL2714,Tablet,3,Guilherme,Jordao,5/25/2023,Belo Horizonte,1600,
5904,HL8851,Notebook,2,Morgana,Correa,9/22/2023,Belo Horizonte,3500,
5908,HL1918,iPhone,5,Glenda,Santos,6/16/2023,Belo Horizonte,5300,
5968,HL1918,iPhone,1,Carlos,Assis,6/8/2023,Belo Horizonte,5300,
5983,HL1918,iPhone,3,Rafael,Guimaríses,9/2/2023,Belo Horizonte,5300,
5996,HL9962,Android,1,Carlos,Cardoso,7/9/2023,Belo Horizonte,3400,
6001,HL4379,Televisão,2,Marianna,Pestana,6/30/2023,Belo Horizonte,2500,
6012,HL8851,Notebook,4,Lucas,Coelho,10/1/2023,Belo Horizonte,3500,
6015,HL1918,iPhone,1,Joíso,Fonseca,3/23/2023,Belo Horizonte,5300,
6028,HL8851,Notebook,4,Jeferson,Costa,6/14/2023,Belo Horizonte,3500,
6042,HL4379,Televisão,1,Milena,Almeida,10/21/2023,Belo Horizonte,2500,
6050,HL1918,iPhone,1,Cézar,Santos,12/26/2023,Belo Horizonte,5300,
6059,HL4379,Televisão,5,Beatriz,Santos,1/6/2023,Belo Horizonte,2500,
6103,HL4379,Televisão,1,Marcelo,Pereira,1/13/2023,Belo Horizonte,2500,
6108,HL1918,iPhone,2,Pedro,Macckione,6/6/2023,Belo Horizonte,5300,
6125,HL9962,Android,4,Pedro,Pereira,6/8/2023,Belo Horizonte,3400,
6168,HL9962,Android,3,Laura,Araujo,11/8/2023,Belo Horizonte,3400,
6203,HL4379,Televisão,1,Paula,Carneiro,6/16/2023,Belo Horizonte,2500,
6211,HL2714,Tablet,5,Ulisses,Arruda,1/14/2023,Belo Horizonte,1600,
6226,HL9962,Android,5,Sthefeson,Pereira,9/15/2023,Belo Horizonte,3400,
6238,HL9962,Android,2,Rafael,Ramos,7/24/2023,Belo Horizonte,3400,
6240,HL9962,Android,3,Adrielle,Forte,1/31/2023,Belo Horizonte,3400,
6249,HL4379,Televisão,1,Mateus,Franco,10/14/2023,Belo Horizonte,2500,
6257,HL2714,Tablet,3,Julie,Ferreira,6/7/2023,Belo Horizonte,1600,
6294,HL1148,Câmera,4,Julia,Silva,1/1/2023,Belo Horizonte,2100,
6303,HL1918,iPhone,2,Julie,Ferreira,6/26/2023,Belo Horizonte,5300,
6311,HL4379,Televisão,5,Natália,Appel,10/19/2023,Belo Horizonte,2500,
6316,HL1918,iPhone,4,Raissa,Sales,3/3/2023,Belo Horizonte,5300,
6317,HL1918,iPhone,1,Guilherme,Merotto,5/14/2023,Belo Horizonte,5300,
6324,HL1918,iPhone,2,Paulo,Campos,10/11/2023,Belo Horizonte,5300,
6346,HL4379,Televisão,1,Bruna,Ramos,11/12/2023,Belo Horizonte,2500,
6377,HL9962,Android,2,Rodrigo,Feijo,12/1/2023,Belo Horizonte,3400,
6380,HL1148,Câmera,3,Carlos,Araujo,6/24/2023,Belo Horizonte,2100,
6409,HL4379,Televisão,2,Joao,Silva,7/2/2023,Belo Horizonte,2500,
6418,HL4379,Televisão,4,Paula,Cavalcanti,2/18/2023,Belo Horizonte,2500,
6428,HL1918,iPhone,5,Glenda,Santos,12/8/2023,Belo Horizonte,5300,
6439,HL1918,iPhone,2,Daniel,Ortiz,9/27/2023,Belo Horizonte,5300,
6444,HL2714,Tablet,1,Sthefeson,Kohn,6/13/2023,Belo Horizonte,1600,
6500,HL4379,Televisão,2,Camilla,Cardeman,10/3/2023,Belo Horizonte,2500,
6508,HL1148,Câmera,4,Daniel,Terra,7/30/2023,Belo Horizonte,2100,
6513,HL1918,iPhone,5,Giuseppe,Borges,9/1/2023,Belo Horizonte,5300,
6540,HL4379,Televisão,1,Lucas,Destri,7/17/2023,Belo Horizonte,2500,
6547,HL1918,iPhone,4,Marcelo,Guadagnino,1/11/2023,Belo Horizonte,5300,
6570,HL1918,iPhone,1,Priscila,Suzano,5/26/2023,Belo Horizonte,5300,
6584,HL1918,iPhone,5,Carlos,Souza,3/9/2023,Belo Horizonte,5300,
6587,HL8851,Notebook,3,Ives,Barbosa,11/20/2023,Belo Horizonte,3500,
6590,HL2714,Tablet,2,Caroll,Johnson,6/22/2023,Belo Horizonte,1600,
6594,HL1148,Câmera,4,Juliana,Correa,2/17/2023,Belo Horizonte,2100,
6604,HL4379,Televisão,4,Andressa,Nóbrega,2/27/2023,Belo Horizonte,2500,
6639,HL4379,Televisão,3,Isabella,Montanholi,7/29/2023,Belo Horizonte,2500,
6648,HL2714,Tablet,5,Samara,Pinto,3/4/2023,Belo Horizonte,1600,
6667,HL1918,iPhone,4,Bianca,Ferezin,2/9/2023,Belo Horizonte,5300,
6681,HL2714,Tablet,4,Danilo,Rubim,8/2/2023,Belo Horizonte,1600,
6705,HL1918,iPhone,5,Julia,Leig,7/2/2023,Belo Horizonte,5300,
6707,HL4379,Televisão,2,Caroline,Cavalcanti,5/9/2023,Belo Horizonte,2500,
6718,HL1918,iPhone,2,Caio,Cardoso,5/29/2023,Belo Horizonte,5300,
6761,HL1918,iPhone,3,Raíza,Lopes,3/30/2023,Belo Horizonte,5300,
6765,HL1918,iPhone,2,Stephanie,Oliveira,3/12/2023,Belo Horizonte,5300,
6766,HL4379,Televisão,2,Alessandra,Martins,12/24/2023,Belo Horizonte,2500,
6781,HL1918,iPhone,1,Débora,Lopes,6/10/2023,Belo Horizonte,5300,
6804,HL1918,iPhone,1,Jéssica,Stefanelli,1/22/2023,Belo Horizonte,5300,
6805,HL1918,iPhone,2,Laura,Araujo,4/7/2023,Belo Horizonte,5300,
6807,HL7348,SmartWatch,3,Antonio,Manhíses,11/29/2023,Belo Horizonte,1400,
6817,HL1918,iPhone,1,Renan,Melo,10/2/2023,Belo Horizonte,5300,
6828,HL4379,Televisão,1,Ives,Teixeira,9/26/2023,Belo Horizonte,2500,
6830,HL7348,SmartWatch,5,Maria,Junior,7/27/2023,Belo Horizonte,1400,
6867,HL1918,iPhone,5,Marina,Aragíso,4/4/2023,Belo Horizonte,5300,
6880,HL1918,iPhone,3,Paula,Carneiro,2/16/2023,Belo Horizonte,5300,
6896,HL4379,Televisão,5,Joíso,Monteiro,4/20/2023,Belo Horizonte,2500,
6897,HL4379,Televisão,5,Caroll,Johnson,12/5/2023,Belo Horizonte,2500,
6903,HL1148,Câmera,4,Guilherme,Seixas,10/18/2023,Belo Horizonte,2100,
6910,HL1918,iPhone,3,Pedro,Costa,12/28/2023,Belo Horizonte,5300,
6939,HL4379,Televisão,4,Michelle,Pereira,6/12/2023,Belo Horizonte,2500,
6948,HL1918,iPhone,3,Gustavo,Erthal,7/19/2023,Belo Horizonte,5300,
6961,HL1148,Câmera,4,Joíso,Silva,8/6/2023,Belo Horizonte,2100,
6997,HL2714,Tablet,1,Joíso,Capitulo,8/21/2023,Belo Horizonte,1600,
7009,HL4379,Televisão,1,Ana,Gomes,2/23/2023,Belo Horizonte,2500,
7031,HL1148,Câmera,5,Felipe,Freitas,4/12/2023,Belo Horizonte,2100,
7034,HL1918,iPhone,4,Luiz,Marinho,3/20/2023,Belo Horizonte,5300,
7079,HL1918,iPhone,4,Carlos,Silva,9/3/2023,Belo Horizonte,5300,
7081,HL1918,iPhone,2,Priscila,Carvalho,7/24/2023,Belo Horizonte,5300,
7090,HL2714,Tablet,3,Jéssica,Resinente,2/19/2023,Belo Horizonte,1600,
7109,HL1918,iPhone,4,Juan,Fernandes,12/21/2023,Belo Horizonte,5300,
7112,HL1148,Câmera,5,Michelle,Miura,8/5/2023,Belo Horizonte,2100,
7118,HL1918,iPhone,4,Raísa,Rodrigues,3/20/2023,Belo Horizonte,5300,
7123,HL1918,iPhone,3,Vanessa,Bach,12/18/2023,Belo Horizonte,5300,
7132,HL4379,Televisão,4,Leandro,Ferreira,1/14/2023,Belo Horizonte,2500,
7136,HL4379,Televisão,4,Matheus,Gomes,11/6/2023,Belo Horizonte,2500,
7144,HL1918,iPhone,4,Caroline,Cavalcanti,10/6/2023,Belo Horizonte,5300,
7145,HL1918,iPhone,5,Andressa,Rotsztejn,6/15/2023,Belo Horizonte,5300,
7148,HL4379,Televisão,2,Lucas,Lacerda,4/21/2023,Belo Horizonte,2500,
7170,HL1148,Câmera,1,Wilson,Vianna,3/15/2023,Belo Horizonte,2100,
7208,HL1918,iPhone,2,Maria,Mello,5/1/2023,Belo Horizonte,5300,
7225,HL8851,Notebook,3,Alberto,Silveira,5/17/2023,Belo Horizonte,3500,
7241,HL8851,Notebook,5,Wilson,Meirelles,5/23/2023,Belo Horizonte,3500,
7257,HL1918,iPhone,4,Paula,Cavalcanti,7/17/2023,Belo Horizonte,5300,
7269,HL1918,iPhone,1,Thainá,Binello,9/5/2023,Belo Horizonte,5300,
7274,HL2714,Tablet,5,Matheus,Delgado,2/26/2023,Belo Horizonte,1600,
7283,HL4379,Televisão,2,Rubens,Netto,10/31/2023,Belo Horizonte,2500,
7287,HL4379,Televisão,3,Beatriz,Silva,2/16/2023,Belo Horizonte,2500,
7299,HL1918,iPhone,5,Arthur,Pereira,11/6/2023,Belo Horizonte,5300,
7313,HL1918,iPhone,5,Caio,Caldas,4/20/2023,Belo Horizonte,5300,
7335,HL4379,Televisão,3,Juliana,Correa,3/24/2023,Belo Horizonte,2500,
7341,HL2714,Tablet,1,Anderson,Cavalcanti,10/28/2023,Belo Horizonte,1600,
7374,HL1918,iPhone,2,Maria,Correa,7/26/2023,Belo Horizonte,5300,
7376,HL8851,Notebook,2,Diego,Mello,6/18/2023,Belo Horizonte,3500,
7400,HL1918,iPhone,5,Iuri,Barbosa,7/3/2023,Belo Horizonte,5300,
7424,HL8851,Notebook,3,Alexandre,Rodriguez,3/28/2023,Belo Horizonte,3500,
7465,HL9962,Android,2,Sandy,Ribeiro,10/2/2023,Belo Horizonte,3400,
7491,HL1148,Câmera,3,Arthur,Pereira,9/22/2023,Belo Horizonte,2100,
7495,HL9962,Android,4,Roberto,Mattos,1/29/2023,Belo Horizonte,3400,
7512,HL7348,SmartWatch,4,Clara,Bruno,11/20/2023,Belo Horizonte,1400,
7516,HL2714,Tablet,5,Gabrielle,Costa,1/25/2023,Belo Horizonte,1600,
7523,HL8851,Notebook,4,Adrielle,Vieira,4/1/2023,Belo Horizonte,3500,
7563,HL1918,iPhone,5,Raphael,Kurtz,2/16/2023,Belo Horizonte,5300,
7607,HL2714,Tablet,3,Luana,Santana,2/16/2023,Belo Horizonte,1600,
7608,HL2714,Tablet,4,Maria,Costa,3/7/2023,Belo Horizonte,1600,
7620,HL8851,Notebook,5,Thaís,Moura,11/30/2023,Belo Horizonte,3500,
7637,HL1918,iPhone,2,Maria,Cardoso,3/27/2023,Belo Horizonte,5300,
7645,HL4379,Televisão,1,Luis,Silva,8/1/2023,Belo Horizonte,2500,
7659,HL1148,Câmera,1,Maria,Gasperi,7/25/2023,Belo Horizonte,2100,
7662,HL4379,Televisão,1,Amanda,Procaci,9/23/2023,Belo Horizonte,2500,
7696,HL1918,iPhone,5,Alexandre,Rodriguez,10/31/2023,Belo Horizonte,5300,
7701,HL9962,Android,2,Fernanda,Figueiredo,11/25/2023,Belo Horizonte,3400,
7704,HL1918,iPhone,5,Clara,Silveira,8/26/2023,Belo Horizonte,5300,
7721,HL4379,Televisão,2,Gabriela,Mello,5/7/2023,Belo Horizonte,2500,
7730,HL2714,Tablet,1,Izabel,Lopes,5/11/2023,Belo Horizonte,1600,
7736,HL7348,SmartWatch,3,Amanda,Gontijo,1/1/2023,Belo Horizonte,1400,
7790,HL9962,Android,3,Amanda,Felippe,9/13/2023,Belo Horizonte,3400,
7799,HL4379,Televisão,2,Júlia,Almeida,2/4/2023,Belo Horizonte,2500,
7854,HL7348,SmartWatch,3,Matheus,Delgado,8/5/2023,Belo Horizonte,1400,
7862,HL2714,Tablet,4,Breno,Godoy,3/29/2023,Belo Horizonte,1600,
7888,HL4379,Televisão,2,Raíssa,Oliveira,10/4/2023,Belo Horizonte,2500,
7895,HL7348,SmartWatch,3,Rodrigo,Silva,11/6/2023,Belo Horizonte,1400,
7905,HL1148,Câmera,2,Maike,Pereira,5/11/2023,Belo Horizonte,2100,
7908,HL9962,Android,1,Miguel,Carneiro,1/8/2023,Belo Horizonte,3400,
7916,HL8851,Notebook,4,Victor,Firmino,9/1/2023,Belo Horizonte,3500,
7924,HL1918,iPhone,5,Eduardo,Veiga,3/1/2023,Belo Horizonte,5300,
7942,HL2714,Tablet,2,Kim,Ferreira,10/5/2023,Belo Horizonte,1600,
7957,HL1918,iPhone,3,Carolina,Rachide,7/20/2023,Belo Horizonte,5300,
7964,HL9962,Android,4,Willian,Albino,3/1/2023,Belo Horizonte,3400,
7983,HL9962,Android,3,Lucas,Machado,12/24/2023,Belo Horizonte,3400,
8008,HL1148,Câmera,1,Amanda,Braga,7/6/2023,Belo Horizonte,2100,
8009,HL8851,Notebook,1,Lucas,Costa,10/8/2023,Belo Horizonte,3500,
8011,HL1918,iPhone,2,Felipe,Mendonça,9/2/2023,Belo Horizonte,5300,
8014,HL4379,Televisão,2,Joíso,Menezes,5/23/2023,Belo Horizonte,2500,
8039,HL7348,SmartWatch,2,Maria,Cardoso,1/21/2023,Belo Horizonte,1400,
8051,HL4379,Televisão,4,Rojane,Lima,6/24/2023,Belo Horizonte,2500,
8062,HL1918,iPhone,3,Breno,Caputo,7/18/2023,Belo Horizonte,5300,
8069,HL9962,Android,2,Victor,Oliveira,7/20/2023,Belo Horizonte,3400,
8070,HL1918,iPhone,2,Mariana,Sousa,2/8/2023,Belo Horizonte,5300,
8079,HL9962,Android,5,Ulisses,Filho,7/25/2023,Belo Horizonte,3400,
8081,HL1148,Câmera,3,Gabriel,Rocha,4/22/2023,Belo Horizonte,2100,
8082,HL7348,SmartWatch,3,Helvio,Pedrosa,3/3/2023,Belo Horizonte,1400,
8086,HL9962,Android,2,Maria,Moita,1/2/2023,Belo Horizonte,3400,
8094,HL1918,iPhone,4,Rafaela,Gonçalves,4/15/2023,Belo Horizonte,5300,
8100,HL4379,Televisão,1,Camilla,Vieira,7/23/2023,Belo Horizonte,2500,
8104,HL2714,Tablet,5,Antônio,Oliveira,11/11/2023,Belo Horizonte,1600,
8128,HL1918,iPhone,3,Izabel,Lopes,9/19/2023,Belo Horizonte,5300,
8152,HL9962,Android,2,Guido,Monteiro,12/24/2023,Belo Horizonte,3400,
8168,HL7348,SmartWatch,2,Morgana,Correa,7/2/2023,Belo Horizonte,1400,
8178,HL8851,Notebook,4,Ana,Júnior,11/23/2023,Belo Horizonte,3500,
8205,HL4379,Televisão,1,Isabela,Resende,9/6/2023,Belo Horizonte,2500,
8254,HL1918,iPhone,3,Bruno,Velucci,4/14/2023,Belo Horizonte,5300,
8256,HL1148,Câmera,3,Jeferson,Sone,10/31/2023,Belo Horizonte,2100,
8257,HL1918,iPhone,3,Eduardo,Veiga,1/30/2023,Belo Horizonte,5300,
8272,HL7348,SmartWatch,4,Breno,Varella,9/7/2023,Belo Horizonte,1400,
8283,HL9962,Android,4,Maria,Junior,3/20/2023,Belo Horizonte,3400,
8284,HL4379,Televisão,5,Matheus,Sapir,11/23/2023,Belo Horizonte,2500,
8292,HL4379,Televisão,4,Julia,Figueiredo,11/20/2023,Belo Horizonte,2500,
8299,HL4379,Televisão,5,Juan,Barbosa,12/1/2023,Belo Horizonte,2500,
8304,HL1918,iPhone,3,Pedro,Rodrigues,4/23/2023,Belo Horizonte,5300,
8396,HL4379,Televisão,4,Raul,Junqueira,6/14/2023,Belo Horizonte,2500,
8401,HL4379,Televisão,3,Lucas,Rodrigues,7/5/2023,Belo Horizonte,2500,
8438,HL2714,Tablet,5,Luíza,Melo,9/25/2023,Belo Horizonte,1600,
8447,HL1918,iPhone,2,Júlio,Fraga,9/7/2023,Belo Horizonte,5300,
8459,HL1918,iPhone,4,Lívia,Marques,1/5/2023,Belo Horizonte,5300,
8467,HL4379,Televisão,4,Wilson,Meirelles,12/16/2023,Belo Horizonte,2500,
8499,HL2714,Tablet,2,Amanda,Amaral,10/25/2023,Belo Horizonte,1600,
8500,HL1918,iPhone,5,Julia,Leite,1/1/2023,Belo Horizonte,5300,
8502,HL2714,Tablet,3,Giselia,Thiele,6/25/2023,Belo Horizonte,1600,
8508,HL7348,SmartWatch,1,Wilson,Brandíso,5/19/2023,Belo Horizonte,1400,
8538,HL9962,Android,5,Juliana,Goes,9/29/2023,Belo Horizonte,3400,
8569,HL9962,Android,3,Gabriel,Silva,6/3/2023,Belo Horizonte,3400,
8595,HL2714,Tablet,2,Jéssica,Netto,2/19/2023,Belo Horizonte,1600,
8609,HL1918,iPhone,4,Rilson,Dias,4/16/2023,Belo Horizonte,5300,
8633,HL1918,iPhone,2,Rodrigo,Bruno,2/14/2023,Belo Horizonte,5300,
8684,HL9962,Android,4,Joíso,Pedrazza,7/9/2023,Belo Horizonte,3400,
8698,HL7348,SmartWatch,2,Gabrielle,Costa,8/29/2023,Belo Horizonte,1400,
8719,HL1918,iPhone,4,Daniela,Rosa,11/14/2023,Belo Horizonte,5300,
8739,HL1918,iPhone,5,Maria,Cardoso,3/21/2023,Belo Horizonte,5300,
8749,HL4379,Televisão,1,Gustavo,Erthal,5/3/2023,Belo Horizonte,2500,
8791,HL2714,Tablet,2,Bruno,Ursulino,1/28/2023,Belo Horizonte,1600,
8808,HL1918,iPhone,3,Eduardo,Soares,10/16/2023,Belo Horizonte,5300,
8826,HL4379,Televisão,2,Lucas,Valim,12/25/2023,Belo Horizonte,2500,
8840,HL8851,Notebook,1,Marcela,Gasperi,7/11/2023,Belo Horizonte,3500,
8843,HL1148,Câmera,1,Amanda,Procaci,12/28/2023,Belo Horizonte,2100,
8858,HL8851,Notebook,5,Roberto,Mattos,6/13/2023,Belo Horizonte,3500,
8862,HL9962,Android,1,Renan,Melo,12/13/2023,Belo Horizonte,3400,
8871,HL8851,Notebook,3,Camille,Silva,1/8/2023,Belo Horizonte,3500,
8899,HL8851,Notebook,4,Caio,Ferreira,1/18/2023,Belo Horizonte,3500,
8915,HL1918,iPhone,4,Maria,Costa,4/17/2023,Belo Horizonte,5300,
8942,HL8851,Notebook,1,Marcos,Nucci,8/3/2023,Belo Horizonte,3500,
8954,HL4379,Televisão,2,Willian,Albino,3/31/2023,Belo Horizonte,2500,
8957,HL1918,iPhone,4,Joíso,Matheus,10/23/2023,Belo Horizonte,5300,
8968,HL1918,iPhone,4,Pedro,Rodrigues,7/16/2023,Belo Horizonte,5300,
8978,HL1918,iPhone,1,Luana,Santana,8/25/2023,Belo Horizonte,5300,
9009,HL8851,Notebook,4,Jackson,Derossi,3/7/2023,Belo Horizonte,3500,
9022,HL2714,Tablet,2,Iuri,Barbosa,11/25/2023,Belo Horizonte,1600,
9050,HL4379,Televisão,4,Carolina,Santos,11/24/2023,Belo Horizonte,2500,
9055,HL7348,SmartWatch,2,Rubens,Valente,12/2/2023,Belo Horizonte,1400,
9065,HL1918,iPhone,3,Lucas,Almeida,6/29/2023,Belo Horizonte,5300,
9067,HL4379,Televisão,1,Isabela,Resende,12/20/2023,Belo Horizonte,2500,
9068,HL8851,Notebook,5,Joíso,Araujo,3/20/2023,Belo Horizonte,3500,
9124,HL7348,SmartWatch,1,Joíso,Costa,3/15/2023,Belo Horizonte,1400,
9142,HL8851,Notebook,3,Anderson,Cavalcanti,6/27/2023,Belo Horizonte,3500,
9148,HL9962,Android,2,Carolina,Abrahíso,9/26/2023,Belo Horizonte,3400,
9178,HL4379,Televisão,1,Rubens,Valente,6/9/2023,Belo Horizonte,2500,
9191,HL4379,Televisão,3,Beatriz,Silva,8/10/2023,Belo Horizonte,2500,
9205,HL4379,Televisão,5,Manuela,Ferreira,3/29/2023,Belo Horizonte,2500,
9243,HL7348,SmartWatch,5,Carlos,Barbosa,7/5/2023,Belo Horizonte,1400,
9281,HL1918,iPhone,3,Joíso,Luz,9/30/2023,Belo Horizonte,5300,
9287,HL1918,iPhone,5,Patrícia,Fernandes,10/8/2023,Belo Horizonte,5300,
9292,HL1148,Câmera,3,Henrique,Oliveira,2/7/2023,Belo Horizonte,2100,
9297,HL8851,Notebook,1,Luiza,Cavalcanti,1/18/2023,Belo Horizonte,3500,
9301,HL9962,Android,5,Anna,Silva,7/16/2023,Belo Horizonte,3400,
9331,HL1918,iPhone,5,Caio,Caldas,5/13/2023,Belo Horizonte,5300,
9339,HL7348,SmartWatch,4,Ana,Soledade,6/23/2023,Belo Horizonte,1400,
9341,HL4379,Televisão,1,David,Vasconcelos,9/18/2023,Belo Horizonte,2500,
9351,HL2714,Tablet,5,Joíso,Fonseca,7/10/2023,Belo Horizonte,1600,
9380,HL9962,Android,2,Fabio,Sepúlveda,9/28/2023,Belo Horizonte,3400,
9402,HL4379,Televisão,4,Wen,Braga,5/14/2023,Belo Horizonte,2500,
9410,HL1918,iPhone,4,Bernardo,Nauenberg,9/18/2023,Belo Horizonte,5300,
9422,HL4379,Televisão,2,Joíso,Abraçado,9/21/2023,Belo Horizonte,2500,
9441,HL1148,Câmera,2,Jônatas,Tanaka,1/12/2023,Belo Horizonte,2100,
9456,HL7348,SmartWatch,1,Fernanda,Coutinho,11/28/2023,Belo Horizonte,1400,
9463,HL9962,Android,1,Maria,Costa,11/24/2023,Belo Horizonte,3400,
9487,HL4379,Televisão,3,Beatriz,Perdomo,6/4/2023,Belo Horizonte,2500,
9492,HL1918,iPhone,1,Gabriel,Puntel,2/6/2023,Belo Horizonte,5300,
9501,HL7348,SmartWatch,2,Lucas,Rodrigues,10/28/2023,Belo Horizonte,1400,
9514,HL4379,Televisão,2,Raphael,Guedes,2/11/2023,Belo Horizonte,2500,
9528,HL1918,iPhone,4,Larissa,Jesus,12/21/2023,Belo Horizonte,5300,
9553,HL8851,Notebook,5,Eduardo,Nunes,10/30/2023,Belo Horizonte,3500,
9579,HL9962,Android,1,Caio,Silva,10/25/2023,Belo Horizonte,3400,
9596,HL2714,Tablet,1,Bernardo,Soares,11/29/2023,Belo Horizonte,1600,
9632,HL4379,Televisão,1,Julia,Silva,5/14/2023,Belo Horizonte,2500,
9634,HL2714,Tablet,3,Mariana,Freire,3/4/2023,Belo Horizonte,1600,
9639,HL2714,Tablet,5,Bernard,Pedrosa,10/13/2023,Belo Horizonte,1600,
9643,HL4379,Televisão,5,Breno,Godoy,2/11/2023,Belo Horizonte,2500,
9645,HL1918,iPhone,5,Bianca,Paz,10/11/2023,Belo Horizonte,5300,
9667,HL8851,Notebook,2,Lucas,Almeida,11/21/2023,Belo Horizonte,3500,
9671,HL1918,iPhone,3,Carla,Zakhm,10/26/2023,Belo Horizonte,5300,
9679,HL4379,Televisão,2,Henrique,Villanova,12/23/2023,Belo Horizonte,2500,
9699,HL7348,SmartWatch,2,Carolina,Rachide,1/17/2023,Belo Horizonte,1400,
9709,HL7348,SmartWatch,3,Joíso,Peçanha,5/30/2023,Belo Horizonte,1400,
9729,HL1148,Câmera,2,Rodrigo,Mendes,2/4/2023,Belo Horizonte,2100,
9734,HL2714,Tablet,2,Thomaz,Ferreira,4/24/2023,Belo Horizonte,1600,
9755,HL1918,iPhone,2,Milena,Pereira,1/24/2023,Belo Horizonte,5300,
9757,HL4379,Televisão,3,Paula,Cavalcanti,12/20/2023,Belo Horizonte,2500,
9758,HL1918,iPhone,3,Anna,Silva,7/30/2023,Belo Horizonte,5300,
9769,HL2714,Tablet,3,Bruno,Ferreira,8/14/2023,Belo Horizonte,1600,
9772,HL8851,Notebook,2,Carlos,Azevedo,11/18/2023,Belo Horizonte,3500,
9779,HL1918,iPhone,3,Viviane,Souza,7/9/2023,Belo Horizonte,5300,
9789,HL4379,Televisão,2,Gustavo,Accardo,3/14/2023,Belo Horizonte,2500,
9818,HL4379,Televisão,4,Kim,Ferreira,7/13/2023,Belo Horizonte,2500,
9840,HL1918,iPhone,4,Fernanda,Bhering,1/12/2023,Belo Horizonte,5300,
9845,HL2714,Tablet,4,Joíso,Pedrazza,12/1/2023,Belo Horizonte,1600,
9850,HL1148,Câmera,5,Bruno,Salomíso,7/28/2023,Belo Horizonte,2100,
9864,HL1148,Câmera,4,Patrick,Silva,3/1/2023,Belo Horizonte,2100,
9883,HL9962,Android,3,Breno,Britto,3/26/2023,Belo Horizonte,3400,
9910,HL1148,Câmera,4,Norman,Jimbo,2/17/2023,Belo Horizonte,2100,
9927,HL2714,Tablet,2,Marina,Marins,1/29/2023,Belo Horizonte,1600,
9932,HL1918,iPhone,1,José,Vieira,5/11/2023,Belo Horizonte,5300,
9942,HL4379,Televisão,1,Fernanda,Junior,2/9/2023,Belo Horizonte,2500,
9978,HL8851,Notebook,2,Mariane,Racy,12/28/2023,Belo Horizonte,3500,
