﻿,SKU,Produto,Quantidade,Primeiro Nome,Sobrenome,Data,Loja,Valor Unitário,Unnamed: 8
40,HL1148,Câmera,2,Gabriel,Almeida,11/16/2023,Salvador,2100,
42,HL2714,Tablet,5,Rodrigo,Alves,2/27/2023,Salvador,1600,
51,HL1918,iPhone,4,Ulisses,Arruda,5/5/2023,Salvador,5300,
70,HL9962,Android,3,Raissa,Negrelli,3/10/2023,Salvador,3400,
94,HL1918,iPhone,2,Breno,Caputo,3/30/2023,Salvador,5300,
101,HL1918,iPhone,4,Victor,Soares,4/10/2023,Salvador,5300,
110,HL4379,Televisão,2,Pedro,Rodrigues,4/16/2023,Salvador,2500,
119,HL9962,Android,3,Wilson,Meirelles,6/8/2023,Salvador,3400,
128,HL9962,Android,5,Diego,Marchesi,11/27/2023,Salvador,3400,
129,HL4379,Televisão,5,Bruno,Ursulino,8/2/2023,Salvador,2500,
150,HL2714,Tablet,4,Kimberly,Sad,5/10/2023,Salvador,1600,
152,HL1148,Câmera,1,Marina,Marins,1/23/2023,Salvador,2100,
172,HL7348,SmartWatch,1,Luiza,Farias,7/30/2023,Salvador,1400,
177,HL4379,Televisão,1,Arthur,Souza,6/18/2023,Salvador,2500,
180,HL9962,Android,2,Catarina,Teixeira,5/5/2023,Salvador,3400,
196,HL9962,Android,2,Joío,Júnior,5/23/2023,Salvador,3400,
202,HL2714,Tablet,1,Rafaela,Gonçalves,2/1/2023,Salvador,1600,
210,HL1918,iPhone,4,Matheus,Delgado,3/11/2023,Salvador,5300,
215,HL2714,Tablet,2,Carlos,Silva,5/1/2023,Salvador,1600,
216,HL1918,iPhone,2,Matheus,Figueiredo,6/12/2023,Salvador,5300,
239,HL9962,Android,5,Viní­cius,Antunes,1/16/2023,Salvador,3400,
244,HL9962,Android,4,Thomáz,Bôas,2/2/2023,Salvador,3400,
248,HL8851,Notebook,2,Isabela,Resende,8/27/2023,Salvador,3500,
253,HL1918,iPhone,1,Bárbara,Cavalcante,3/1/2023,Salvador,5300,
254,HL1148,Câmera,4,Breno,Costa,11/17/2023,Salvador,2100,
255,HL4379,Televisão,5,Sthefeson,Barroso,2/19/2023,Salvador,2500,
256,HL1918,iPhone,1,Carlos,Azevedo,8/8/2023,Salvador,5300,
261,HL2714,Tablet,1,Bernardo,Borges,8/12/2023,Salvador,1600,
270,HL8851,Notebook,5,Matheus,Afonso,2/14/2023,Salvador,3500,
271,HL1918,iPhone,4,Rafael,Ramos,2/28/2023,Salvador,5300,
272,HL4379,Televisão,3,Guilherme,Monteiro,10/29/2023,Salvador,2500,
283,HL7348,SmartWatch,5,Leandro,Rodrigues,9/24/2023,Salvador,1400,
287,HL8851,Notebook,5,Isabela,Resende,7/4/2023,Salvador,3500,
289,HL1918,iPhone,4,Raissa,Sales,7/17/2023,Salvador,5300,
300,HL1918,iPhone,4,Hanna,Fonseca,10/26/2023,Salvador,5300,
335,HL1148,Câmera,5,Mateus,Franco,10/17/2023,Salvador,2100,
341,HL1148,Câmera,4,Juliana,Barreira,8/1/2023,Salvador,2100,
347,HL1918,iPhone,5,Caio,Affonso,3/24/2023,Salvador,5300,
350,HL1148,Câmera,4,Gabriel,Soares,11/7/2023,Salvador,2100,
357,HL1918,iPhone,5,Milena,Alcoforado,3/19/2023,Salvador,5300,
366,HL1918,iPhone,3,Juliana,Mesquita,12/28/2023,Salvador,5300,
372,HL1148,Câmera,5,Beatriz,Perdomo,9/1/2023,Salvador,2100,
376,HL9962,Android,1,Andre,Nóbrega,3/7/2023,Salvador,3400,
377,HL4379,Televisão,3,Adrielle,Gabriel,9/8/2023,Salvador,2500,
392,HL9962,Android,1,Lí­via,Marques,5/26/2023,Salvador,3400,
407,HL8851,Notebook,3,Fabio,Sepúlveda,3/12/2023,Salvador,3500,
409,HL7348,SmartWatch,2,Bianca,Allevato,3/20/2023,Salvador,1400,
410,HL7348,SmartWatch,4,Bruno,Oliveira,3/2/2023,Salvador,1400,
419,HL1918,iPhone,3,Bruna,Silveira,1/5/2023,Salvador,5300,
423,HL4379,Televisão,1,Joío,Rodrigues,5/28/2023,Salvador,2500,
429,HL8851,Notebook,3,Caio,Vianna,7/21/2023,Salvador,3500,
438,HL8851,Notebook,5,Diego,Mello,4/2/2023,Salvador,3500,
439,HL1148,Câmera,2,Hygor,Essaber,5/27/2023,Salvador,2100,
442,HL1918,iPhone,4,Pedro,Costa,5/21/2023,Salvador,5300,
445,HL1918,iPhone,2,Lucas,Fontoura,8/31/2023,Salvador,5300,
454,HL1918,iPhone,5,Ana,Felippe,7/22/2023,Salvador,5300,
457,HL7348,SmartWatch,1,Letí­cia,Rodrigues,1/16/2023,Salvador,1400,
460,HL7348,SmartWatch,2,Daniel,Nauenberg,5/3/2023,Salvador,1400,
461,HL4379,Televisão,1,Rilson,Guedes,2/16/2023,Salvador,2500,
463,HL4379,Televisão,2,Lucas,Costa,6/28/2023,Salvador,2500,
474,HL1918,iPhone,1,Rodrigo,Souza,10/2/2023,Salvador,5300,
476,HL1148,Câmera,3,Luiza,Johnson,4/21/2023,Salvador,2100,
478,HL1148,Câmera,1,Julie,Ferreira,12/19/2023,Salvador,2100,
480,HL4379,Televisão,3,Luí­za,Goulart,9/6/2023,Salvador,2500,
494,HL4379,Televisão,2,Michelle,Pereira,2/10/2023,Salvador,2500,
502,HL4379,Televisão,1,Joyce,Medina,10/24/2023,Salvador,2500,
510,HL4379,Televisão,1,Gustavo,Guimaríes,12/11/2023,Salvador,2500,
521,HL9962,Android,2,Fabio,Boccaletti,10/24/2023,Salvador,3400,
522,HL1918,iPhone,1,Bruno,Oliveira,3/26/2023,Salvador,5300,
524,HL1148,Câmera,4,Yasser,Calbucci,7/27/2023,Salvador,2100,
526,HL1918,iPhone,1,Debora,Silva,4/20/2023,Salvador,5300,
542,HL9962,Android,2,Joyce,Medina,3/3/2023,Salvador,3400,
559,HL8851,Notebook,2,Lucas,Freitas,3/1/2023,Salvador,3500,
568,HL1148,Câmera,1,Juliana,Goes,8/8/2023,Salvador,2100,
570,HL2714,Tablet,4,Fabio,Ramos,5/27/2023,Salvador,1600,
575,HL8851,Notebook,4,Anna,Silva,6/26/2023,Salvador,3500,
576,HL8851,Notebook,4,Paulo,Campos,6/19/2023,Salvador,3500,
578,HL1918,iPhone,1,Diogo,Ressurreiçío,6/27/2023,Salvador,5300,
579,HL9962,Android,2,Anderson,Cavalcanti,12/2/2023,Salvador,3400,
583,HL1918,iPhone,1,Mariana,Sousa,5/7/2023,Salvador,5300,
592,HL8851,Notebook,3,Isabela,Rodrigues,1/23/2023,Salvador,3500,
593,HL8851,Notebook,4,Mariane,Ferreira,9/14/2023,Salvador,3500,
598,HL4379,Televisão,1,Diego,Marchesi,8/3/2023,Salvador,2500,
614,HL1918,iPhone,4,Isabella,Rodrigues,5/5/2023,Salvador,5300,
616,HL9962,Android,3,Luiz,Campista,3/1/2023,Salvador,3400,
618,HL1148,Câmera,2,Raul,Silveira,3/25/2023,Salvador,2100,
630,HL9962,Android,2,Joío,Luz,3/18/2023,Salvador,3400,
631,HL4379,Televisão,5,Danilo,Mendonça,5/21/2023,Salvador,2500,
632,HL4379,Televisão,1,Adrielle,Vieira,10/7/2023,Salvador,2500,
648,HL1148,Câmera,3,Caroline,Delgado,11/21/2023,Salvador,2100,
657,HL7348,SmartWatch,4,Antonio,Manhíes,9/20/2023,Salvador,1400,
662,HL1918,iPhone,1,Henrique,Oliveira,8/19/2023,Salvador,5300,
679,HL1918,iPhone,4,Rafaela,Ferreira,8/18/2023,Salvador,5300,
683,HL9962,Android,2,Pedro,Santos,9/5/2023,Salvador,3400,
685,HL2714,Tablet,2,Bernardo,Botelho,5/17/2023,Salvador,1600,
699,HL4379,Televisão,4,Maria,Correa,3/25/2023,Salvador,2500,
704,HL4379,Televisão,5,Lucas,Wanderley,11/26/2023,Salvador,2500,
705,HL8851,Notebook,2,Milena,Almeida,9/30/2023,Salvador,3500,
713,HL7348,SmartWatch,2,Bianca,Tatsch,9/25/2023,Salvador,1400,
723,HL1918,iPhone,2,Guilherme,Lima,6/2/2023,Salvador,5300,
731,HL7348,SmartWatch,4,Matheus,Figueiredo,4/7/2023,Salvador,1400,
743,HL2714,Tablet,4,Matheus,Silva,1/14/2023,Salvador,1600,
751,HL8851,Notebook,1,Carolina,Rocha,1/15/2023,Salvador,3500,
759,HL4379,Televisão,1,Guilherme,Lima,9/13/2023,Salvador,2500,
766,HL4379,Televisão,1,Daniel,Araujo,7/20/2023,Salvador,2500,
768,HL7348,SmartWatch,1,Paula,Calbucci,8/28/2023,Salvador,1400,
775,HL8851,Notebook,1,Rafaela,Feio,3/17/2023,Salvador,3500,
781,HL4379,Televisão,5,Michelle,Miura,2/26/2023,Salvador,2500,
787,HL4379,Televisão,3,Ana,Carvalho,4/24/2023,Salvador,2500,
792,HL1148,Câmera,2,Joío,Castilho,12/4/2023,Salvador,2100,
793,HL7348,SmartWatch,1,Erick,Soares,7/15/2023,Salvador,1400,
801,HL1918,iPhone,1,Stephanie,Novak,11/7/2023,Salvador,5300,
806,HL2714,Tablet,5,Mateus,Polastri,1/13/2023,Salvador,1600,
809,HL9962,Android,4,Marcela,Medeiros,4/8/2023,Salvador,3400,
820,HL1148,Câmera,4,Pedro,Oliveira,3/10/2023,Salvador,2100,
833,HL4379,Televisão,2,Ana,Felippe,5/19/2023,Salvador,2500,
847,HL1918,iPhone,2,Beatriz,Almeida,4/15/2023,Salvador,5300,
852,HL1148,Câmera,4,Aline,Andrade,4/20/2023,Salvador,2100,
862,HL2714,Tablet,5,Thayna,Martins,4/27/2023,Salvador,1600,
864,HL4379,Televisão,3,Ana,Gonzaga,1/12/2023,Salvador,2500,
876,HL4379,Televisão,3,Gabriel,Almeida,12/1/2023,Salvador,2500,
888,HL4379,Televisão,5,Fabio,Ramos,1/23/2023,Salvador,2500,
890,HL9962,Android,3,Henrique,Oliveira,7/28/2023,Salvador,3400,
905,HL4379,Televisão,2,Cassio,Faria,1/6/2023,Salvador,2500,
906,HL1918,iPhone,3,Breno,Caputo,6/15/2023,Salvador,5300,
937,HL2714,Tablet,3,Jeferson,Sone,2/18/2023,Salvador,1600,
947,HL1918,iPhone,5,Fernanda,Figueiredo,5/26/2023,Salvador,5300,
957,HL8851,Notebook,3,Marina,Gama,8/30/2023,Salvador,3500,
960,HL8851,Notebook,5,Daniel,Nauenberg,8/24/2023,Salvador,3500,
965,HL7348,SmartWatch,4,Luiz,Marinho,9/15/2023,Salvador,1400,
981,HL9962,Android,1,Helena,Chafin,11/2/2023,Salvador,3400,
990,HL9962,Android,5,Laura,Araujo,2/13/2023,Salvador,3400,
1001,HL1918,iPhone,3,Vitor,Campos,4/24/2023,Salvador,5300,
1004,HL9962,Android,3,Juliana,Mesquita,3/23/2023,Salvador,3400,
1009,HL8851,Notebook,1,Raissa,Maia,1/24/2023,Salvador,3500,
1014,HL1918,iPhone,2,Thomaz,Ferreira,5/3/2023,Salvador,5300,
1018,HL1918,iPhone,5,Hiaiune,Valim,7/6/2023,Salvador,5300,
1023,HL1918,iPhone,1,Lucas,Fontoura,4/26/2023,Salvador,5300,
1037,HL7348,SmartWatch,3,Wilson,Vianna,7/14/2023,Salvador,1400,
1053,HL9962,Android,3,Sthefeson,Kohn,3/31/2023,Salvador,3400,
1054,HL2714,Tablet,5,Bianca,Piero,10/15/2023,Salvador,1600,
1056,HL7348,SmartWatch,4,Myllena,Carneiro,5/14/2023,Salvador,1400,
1057,HL1918,iPhone,2,Stefan,Santos,1/19/2023,Salvador,5300,
1063,HL1918,iPhone,1,Larissa,Vasconcellos,7/7/2023,Salvador,5300,
1066,HL2714,Tablet,3,Diego,Barros,5/18/2023,Salvador,1600,
1076,HL4379,Televisão,5,Karina,Camara,12/26/2023,Salvador,2500,
1081,HL8851,Notebook,1,Stefan,Santos,12/4/2023,Salvador,3500,
1084,HL1918,iPhone,2,Matheus,Santos,6/24/2023,Salvador,5300,
1088,HL4379,Televisão,2,Carolina,Brum,3/1/2023,Salvador,2500,
1094,HL1148,Câmera,2,Guilherme,Jordao,3/7/2023,Salvador,2100,
1102,HL8851,Notebook,5,Michelle,Pereira,3/17/2023,Salvador,3500,
1117,HL7348,SmartWatch,2,Juliana,Guimaríes,8/10/2023,Salvador,1400,
1122,HL1148,Câmera,5,Bernardo,Ribeiro,2/14/2023,Salvador,2100,
1123,HL1918,iPhone,3,David,Campelo,3/26/2023,Salvador,5300,
1125,HL1918,iPhone,5,Victor,Magalhíes,10/26/2023,Salvador,5300,
1139,HL4379,Televisão,3,Luí­za,Goulart,6/30/2023,Salvador,2500,
1146,HL4379,Televisão,2,Caio,Vianna,10/21/2023,Salvador,2500,
1148,HL9962,Android,4,Felipe,Paulo,11/16/2023,Salvador,3400,
1152,HL2714,Tablet,5,Daniel,Alcoforado,12/19/2023,Salvador,1600,
1159,HL7348,SmartWatch,3,Julie,Ferreira,12/6/2023,Salvador,1400,
1183,HL7348,SmartWatch,4,Fernanda,Rubim,9/6/2023,Salvador,1400,
1194,HL2714,Tablet,3,Luis,Garcia,9/27/2023,Salvador,1600,
1206,HL9962,Android,1,Isabela,Chagas,11/9/2023,Salvador,3400,
1219,HL9962,Android,2,Daniel,Ortiz,5/28/2023,Salvador,3400,
1222,HL1918,iPhone,5,Cí­cero,Lima,11/27/2023,Salvador,5300,
1227,HL4379,Televisão,3,Carlos,Galvío,1/16/2023,Salvador,2500,
1245,HL8851,Notebook,2,Carolina,Figueiredo,2/18/2023,Salvador,3500,
1247,HL9962,Android,5,Lucas,Costa,5/26/2023,Salvador,3400,
1252,HL2714,Tablet,3,Marcelo,Rosa,10/8/2023,Salvador,1600,
1257,HL1918,iPhone,4,Bruna,Brandao,4/13/2023,Salvador,5300,
1262,HL1148,Câmera,2,Joío,Bach,1/1/2023,Salvador,2100,
1265,HL7348,SmartWatch,2,Fabio,Sepúlveda,4/8/2023,Salvador,1400,
1274,HL4379,Televisão,5,Vanessa,Bach,7/16/2023,Salvador,2500,
1287,HL2714,Tablet,1,Matheus,Afonso,5/21/2023,Salvador,1600,
1292,HL9962,Android,4,Barbara,Procaci,6/10/2023,Salvador,3400,
1298,HL1148,Câmera,5,Bianca,Piero,6/24/2023,Salvador,2100,
1306,HL1918,iPhone,5,Eduardo,Peluzo,9/20/2023,Salvador,5300,
1307,HL1918,iPhone,2,Wilson,Meirelles,9/25/2023,Salvador,5300,
1326,HL1918,iPhone,2,Natália,Appel,11/28/2023,Salvador,5300,
1337,HL1918,iPhone,4,Itai,Puntel,11/10/2023,Salvador,5300,
1344,HL8851,Notebook,5,Anna,Figueiredo,4/28/2023,Salvador,3500,
1346,HL8851,Notebook,3,Brenno,Miranda,6/11/2023,Salvador,3500,
1357,HL7348,SmartWatch,4,Renan,Melo,5/29/2023,Salvador,1400,
1368,HL4379,Televisão,3,Bernardo,Souza,6/15/2023,Salvador,2500,
1369,HL1918,iPhone,5,Andressa,Chou,9/9/2023,Salvador,5300,
1373,HL1148,Câmera,5,William,Mendonça,7/6/2023,Salvador,2100,
1377,HL1148,Câmera,5,Beatriz,Cavalcanti,11/16/2023,Salvador,2100,
1388,HL1918,iPhone,5,William,Mendonça,8/11/2023,Salvador,5300,
1397,HL7348,SmartWatch,4,Joío,Ribeiro,12/10/2023,Salvador,1400,
1399,HL1918,iPhone,1,Lucas,Machado,10/16/2023,Salvador,5300,
1417,HL1148,Câmera,4,Luí,Sá,9/25/2023,Salvador,2100,
1422,HL1918,iPhone,4,Matheus,Silva,8/17/2023,Salvador,5300,
1423,HL1918,iPhone,3,Dykson,Silva,9/30/2023,Salvador,5300,
1432,HL9962,Android,3,Breno,Costa,3/5/2023,Salvador,3400,
1434,HL1148,Câmera,1,Lucas,Araújo,3/26/2023,Salvador,2100,
1436,HL1918,iPhone,2,Luí­za,Melo,9/14/2023,Salvador,5300,
1445,HL7348,SmartWatch,2,Lí­via,Marques,7/1/2023,Salvador,1400,
1450,HL1918,iPhone,1,Lázaro,Villanova,12/21/2023,Salvador,5300,
1454,HL9962,Android,5,Carolina,Silva,9/7/2023,Salvador,3400,
1477,HL1148,Câmera,2,Ulisses,Filho,11/1/2023,Salvador,2100,
1482,HL8851,Notebook,4,Carolina,Santos,12/6/2023,Salvador,3500,
1489,HL4379,Televisão,2,Eduardo,Vargas,4/7/2023,Salvador,2500,
1499,HL1918,iPhone,3,Matheus,Gomes,2/10/2023,Salvador,5300,
1512,HL1918,iPhone,4,Priscila,Suzano,9/2/2023,Salvador,5300,
1526,HL7348,SmartWatch,2,Julia,Leite,4/9/2023,Salvador,1400,
1527,HL1918,iPhone,2,Platini,Heimlich,1/20/2023,Salvador,5300,
1531,HL4379,Televisão,2,Matheus,Moraes,3/11/2023,Salvador,2500,
1549,HL2714,Tablet,1,Pedro,Ayres,10/6/2023,Salvador,1600,
1552,HL4379,Televisão,4,Clara,Silveira,11/7/2023,Salvador,2500,
1554,HL4379,Televisão,2,Gabrielle,Vasconcelos,4/16/2023,Salvador,2500,
1566,HL2714,Tablet,1,Livia,Corríªa,9/19/2023,Salvador,1600,
1569,HL7348,SmartWatch,4,Victor,Franco,10/15/2023,Salvador,1400,
1572,HL4379,Televisão,2,Joío,Araujo,11/5/2023,Salvador,2500,
1583,HL7348,SmartWatch,2,Giuseppe,Bhering,2/19/2023,Salvador,1400,
1584,HL7348,SmartWatch,3,Luí­sa,Fonseca,10/22/2023,Salvador,1400,
1594,HL4379,Televisão,3,Gabriel,Puntel,4/22/2023,Salvador,2500,
1612,HL9962,Android,1,Leandro,Ferreira,5/19/2023,Salvador,3400,
1617,HL7348,SmartWatch,2,Ana,Gonzaga,1/30/2023,Salvador,1400,
1621,HL1148,Câmera,5,Lázaro,Nascimento,6/4/2023,Salvador,2100,
1622,HL4379,Televisão,2,Patrí­cia,Fernandes,7/20/2023,Salvador,2500,
1625,HL4379,Televisão,1,Glenda,Santos,10/1/2023,Salvador,2500,
1627,HL8851,Notebook,1,Antônio,Soares,1/26/2023,Salvador,3500,
1628,HL1918,iPhone,3,Marina,Aragío,11/17/2023,Salvador,5300,
1632,HL4379,Televisão,5,Fillipe,Almeida,12/27/2023,Salvador,2500,
1634,HL7348,SmartWatch,3,Amanda,Gontijo,11/6/2023,Salvador,1400,
1635,HL8851,Notebook,5,Rafael,Guimaríes,9/4/2023,Salvador,3500,
1643,HL2714,Tablet,3,Rodrigo,Souza,6/4/2023,Salvador,1600,
1646,HL7348,SmartWatch,2,Joío,Fonseca,8/18/2023,Salvador,1400,
1648,HL9962,Android,4,Clarissa,Santos,7/25/2023,Salvador,3400,
1649,HL8851,Notebook,3,Maurí­cio,Dias,7/9/2023,Salvador,3500,
1654,HL2714,Tablet,5,Ruan,Lopes,7/15/2023,Salvador,1600,
1658,HL7348,SmartWatch,1,Joío,Siqueira,12/25/2023,Salvador,1400,
1666,HL7348,SmartWatch,4,Bruno,Ferreira,1/25/2023,Salvador,1400,
1673,HL2714,Tablet,5,Patrí­cia,Amaral,10/27/2023,Salvador,1600,
1701,HL7348,SmartWatch,5,Breno,Farias,6/28/2023,Salvador,1400,
1702,HL1148,Câmera,4,Camila,Sobral,4/27/2023,Salvador,2100,
1711,HL8851,Notebook,1,Bianca,Procaci,12/19/2023,Salvador,3500,
1716,HL9962,Android,1,Bernardo,Botelho,3/1/2023,Salvador,3400,
1729,HL2714,Tablet,1,Juliana,Souza,9/4/2023,Salvador,1600,
1730,HL7348,SmartWatch,5,Julia,Leite,7/12/2023,Salvador,1400,
1731,HL4379,Televisão,4,Joío,Araujo,12/11/2023,Salvador,2500,
1732,HL1148,Câmera,3,Amanda,Amaral,1/22/2023,Salvador,2100,
1737,HL4379,Televisão,1,Rogério,Pereira,3/20/2023,Salvador,2500,
1749,HL9962,Android,3,Rafael,Carneiro,1/14/2023,Salvador,3400,
1750,HL9962,Android,1,Raí­za,Lopes,10/16/2023,Salvador,3400,
1751,HL9962,Android,4,Isabella,Rodrigues,8/16/2023,Salvador,3400,
1752,HL9962,Android,5,Michelle,Figueiredo,12/7/2023,Salvador,3400,
1757,HL7348,SmartWatch,5,Eduardo,Soares,8/23/2023,Salvador,1400,
1760,HL1148,Câmera,4,Bernardo,Borges,10/5/2023,Salvador,2100,
1768,HL9962,Android,4,Pedro,Bitencourt,4/23/2023,Salvador,3400,
1805,HL1918,iPhone,3,Beatriz,Li,6/17/2023,Salvador,5300,
1815,HL4379,Televisão,4,Marcos,Nucci,2/24/2023,Salvador,2500,
1817,HL1918,iPhone,2,Leandro,Melo,12/11/2023,Salvador,5300,
1821,HL4379,Televisão,1,Ruan,Lopes,1/19/2023,Salvador,2500,
1829,HL8851,Notebook,3,Luiz,Limp,9/19/2023,Salvador,3500,
1839,HL1918,iPhone,2,Rodrigo,Ramos,4/10/2023,Salvador,5300,
1842,HL7348,SmartWatch,3,Victor,Gomes,9/6/2023,Salvador,1400,
1849,HL2714,Tablet,2,Amanda,Machado,9/4/2023,Salvador,1600,
1873,HL1148,Câmera,2,Mariane,Ferreira,7/25/2023,Salvador,2100,
1875,HL1918,iPhone,5,Priscila,Carvalho,10/18/2023,Salvador,5300,
1884,HL1918,iPhone,3,Eduardo,Silva,11/10/2023,Salvador,5300,
1888,HL2714,Tablet,4,Raphael,Filho,11/11/2023,Salvador,1600,
1898,HL2714,Tablet,3,Luí­za,Garcia,9/28/2023,Salvador,1600,
1899,HL9962,Android,5,Raissa,Sales,10/26/2023,Salvador,3400,
1907,HL1918,iPhone,3,Juliana,Guimaríes,3/25/2023,Salvador,5300,
1916,HL1918,iPhone,1,Renan,Melo,9/2/2023,Salvador,5300,
1919,HL1148,Câmera,4,Juliana,Silva,5/26/2023,Salvador,2100,
1920,HL1918,iPhone,3,Carlos,Mesquita,10/22/2023,Salvador,5300,
1927,HL4379,Televisão,4,Raí­sa,Berto,2/24/2023,Salvador,2500,
1928,HL1148,Câmera,1,Carla,Zakhm,9/16/2023,Salvador,2100,
1937,HL7348,SmartWatch,2,Caio,Affonso,12/4/2023,Salvador,1400,
1950,HL4379,Televisão,4,Amanda,Procaci,4/2/2023,Salvador,2500,
1952,HL1918,iPhone,3,Leandro,Rodrigues,3/16/2023,Salvador,5300,
1955,HL9962,Android,3,Lunna,Vannier,12/1/2023,Salvador,3400,
1963,HL8851,Notebook,3,Rodrigo,Bruno,4/19/2023,Salvador,3500,
1966,HL1918,iPhone,1,Luis,Silva,4/6/2023,Salvador,5300,
1972,HL7348,SmartWatch,5,Roberta,Pimenta,2/22/2023,Salvador,1400,
1981,HL9962,Android,3,Ana,Gomes,6/24/2023,Salvador,3400,
1987,HL2714,Tablet,2,Bianca,Paz,8/24/2023,Salvador,1600,
1996,HL9962,Android,2,Mateus,Franco,4/5/2023,Salvador,3400,
2001,HL1918,iPhone,5,Isabel,Mesquita,10/19/2023,Salvador,5300,
2002,HL9962,Android,4,Lucas,Reis,3/26/2023,Salvador,3400,
2006,HL2714,Tablet,1,Bianca,Paz,9/19/2023,Salvador,1600,
2008,HL1918,iPhone,1,Hércules,Júnior,3/4/2023,Salvador,5300,
2010,HL1918,iPhone,2,Rebeca,Taylor,6/23/2023,Salvador,5300,
2011,HL8851,Notebook,4,Rodrigo,Silva,11/12/2023,Salvador,3500,
2012,HL8851,Notebook,2,Thales,Portillo,8/1/2023,Salvador,3500,
2017,HL7348,SmartWatch,3,Izabel,Miura,2/26/2023,Salvador,1400,
2027,HL7348,SmartWatch,4,Michelle,Miura,7/26/2023,Salvador,1400,
2036,HL9962,Android,3,Ana,Leite,10/18/2023,Salvador,3400,
2039,HL7348,SmartWatch,1,Ruan,Gonçalves,11/16/2023,Salvador,1400,
2043,HL9962,Android,2,Lucas,Valim,12/15/2023,Salvador,3400,
2048,HL1148,Câmera,1,Ruan,Lopes,7/29/2023,Salvador,2100,
2057,HL4379,Televisão,2,Pedro,Pereira,9/8/2023,Salvador,2500,
2059,HL7348,SmartWatch,5,Rachel,Silva,7/18/2023,Salvador,1400,
2062,HL4379,Televisão,5,Leonardo,Faria,9/22/2023,Salvador,2500,
2063,HL2714,Tablet,1,Pedro,Sena,2/5/2023,Salvador,1600,
2072,HL2714,Tablet,1,Fernanda,Junior,2/22/2023,Salvador,1600,
2079,HL1148,Câmera,5,Kim,Ferreira,9/11/2023,Salvador,2100,
2082,HL2714,Tablet,1,Júlio,Fraga,1/9/2023,Salvador,1600,
2085,HL1918,iPhone,3,Célio,Xavier,9/11/2023,Salvador,5300,
2088,HL1918,iPhone,2,Marina,Miranda,7/25/2023,Salvador,5300,
2092,HL8851,Notebook,1,Pedro,Pereira,11/3/2023,Salvador,3500,
2102,HL1918,iPhone,2,Lucas,Wanderley,3/10/2023,Salvador,5300,
2106,HL1918,iPhone,1,Felipe,Freitas,12/27/2023,Salvador,5300,
2114,HL4379,Televisão,3,Rojane,Lima,9/5/2023,Salvador,2500,
2128,HL1918,iPhone,4,Eduardo,Nunes,4/26/2023,Salvador,5300,
2130,HL8851,Notebook,1,Andressa,Rotsztejn,9/15/2023,Salvador,3500,
2134,HL1918,iPhone,2,Sandy,Ribeiro,6/17/2023,Salvador,5300,
2136,HL8851,Notebook,3,Rafael,Wajnsztok,7/3/2023,Salvador,3500,
2145,HL4379,Televisão,5,Guilherme,Barbosa,8/22/2023,Salvador,2500,
2148,HL4379,Televisão,4,Renan,Melo,12/27/2023,Salvador,2500,
2159,HL1918,iPhone,4,Paola,Abreu,5/6/2023,Salvador,5300,
2166,HL7348,SmartWatch,1,Guilherme,Assis,11/17/2023,Salvador,1400,
2169,HL2714,Tablet,3,Livia,Codeceira,1/30/2023,Salvador,1600,
2172,HL4379,Televisão,3,Beatriz,Santos,8/9/2023,Salvador,2500,
2191,HL4379,Televisão,4,Wilson,Farias,12/11/2023,Salvador,2500,
2196,HL4379,Televisão,4,Lucas,Junior,12/7/2023,Salvador,2500,
2227,HL1918,iPhone,5,Bernardo,Nauenberg,2/10/2023,Salvador,5300,
2229,HL2714,Tablet,5,Wellington,Duarte,11/15/2023,Salvador,1600,
2237,HL4379,Televisão,3,Andressa,Nóbrega,10/23/2023,Salvador,2500,
2253,HL1918,iPhone,2,Marina,Perdomo,5/3/2023,Salvador,5300,
2257,HL9962,Android,5,Pedro,Oliveira,3/12/2023,Salvador,3400,
2258,HL1918,iPhone,2,Renan,Ventura,8/23/2023,Salvador,5300,
2259,HL1148,Câmera,3,Catarina,Teixeira,8/20/2023,Salvador,2100,
2271,HL9962,Android,1,Lucas,Valim,4/21/2023,Salvador,3400,
2276,HL4379,Televisão,3,Isabelle,Firmino,3/3/2023,Salvador,2500,
2284,HL4379,Televisão,3,Beatriz,Cavalcanti,2/3/2023,Salvador,2500,
2291,HL1918,iPhone,3,Luiz,Mendonça,6/5/2023,Salvador,5300,
2298,HL1918,iPhone,2,Ravena,Bhering,7/8/2023,Salvador,5300,
2309,HL1148,Câmera,2,Raissa,Maia,6/14/2023,Salvador,2100,
2312,HL4379,Televisão,5,Eric,Carvalho,3/21/2023,Salvador,2500,
2313,HL4379,Televisão,3,Carolina,Bernardes,2/18/2023,Salvador,2500,
2328,HL1918,iPhone,2,Lucas,Almeida,12/12/2023,Salvador,5300,
2332,HL4379,Televisão,3,Joío,Fonseca,10/1/2023,Salvador,2500,
2336,HL1148,Câmera,5,Luiz,Almeida,11/30/2023,Salvador,2100,
2345,HL4379,Televisão,5,Priscila,Garcia,2/7/2023,Salvador,2500,
2353,HL8851,Notebook,5,Joío,Luz,5/20/2023,Salvador,3500,
2356,HL2714,Tablet,5,Carlos,Barbosa,5/21/2023,Salvador,1600,
2362,HL4379,Televisão,4,Renan,Cunha,2/1/2023,Salvador,2500,
2363,HL7348,SmartWatch,4,Rodrigo,Ramos,2/25/2023,Salvador,1400,
2376,HL9962,Android,3,Anna,Silva,11/2/2023,Salvador,3400,
2381,HL4379,Televisão,2,Caio,Moraes,7/3/2023,Salvador,2500,
2386,HL7348,SmartWatch,4,Maria,Junior,12/2/2023,Salvador,1400,
2391,HL7348,SmartWatch,3,Thomáz,Rodriguez,4/19/2023,Salvador,1400,
2401,HL4379,Televisão,2,Raissa,Maia,2/28/2023,Salvador,2500,
2402,HL1918,iPhone,3,Laí­s,Oliveira,12/16/2023,Salvador,5300,
2405,HL1918,iPhone,2,Rafaela,Ferreira,4/25/2023,Salvador,5300,
2410,HL1918,iPhone,3,Katharina,Barros,11/24/2023,Salvador,5300,
2418,HL1918,iPhone,1,Lucas,Junior,11/25/2023,Salvador,5300,
2422,HL1148,Câmera,1,Maria,Gasperi,12/30/2023,Salvador,2100,
2426,HL7348,SmartWatch,2,Caroll,Johnson,2/16/2023,Salvador,1400,
2462,HL2714,Tablet,3,Mariana,Freire,5/22/2023,Salvador,1600,
2472,HL7348,SmartWatch,2,Daniela,Andrada,6/4/2023,Salvador,1400,
2481,HL8851,Notebook,4,Joío,Peçanha,4/25/2023,Salvador,3500,
2490,HL1918,iPhone,4,Gabrielle,Silva,12/10/2023,Salvador,5300,
2493,HL1918,iPhone,3,Henrique,Silva,10/13/2023,Salvador,5300,
2497,HL1148,Câmera,5,Gustavo,Aragío,5/16/2023,Salvador,2100,
2523,HL1918,iPhone,3,Ana,Leite,2/3/2023,Salvador,5300,
2528,HL9962,Android,3,Renan,Cunha,10/16/2023,Salvador,3400,
2542,HL9962,Android,5,Mariana,Barrozo,9/22/2023,Salvador,3400,
2543,HL8851,Notebook,4,Thomáz,Rodriguez,10/30/2023,Salvador,3500,
2545,HL1918,iPhone,2,Giselia,Thiele,12/22/2023,Salvador,5300,
2567,HL4379,Televisão,1,Leandro,Ferreira,1/27/2023,Salvador,2500,
2575,HL1148,Câmera,3,Marina,Miranda,5/15/2023,Salvador,2100,
2585,HL1918,iPhone,2,Lucas,Cavalcanti,8/11/2023,Salvador,5300,
2595,HL8851,Notebook,1,Michelle,Figueiredo,10/4/2023,Salvador,3500,
2596,HL1918,iPhone,5,Juliana,Huon,11/2/2023,Salvador,5300,
2599,HL7348,SmartWatch,3,Myllena,Corríªa,8/5/2023,Salvador,1400,
2624,HL1918,iPhone,3,Matheus,Ramos,1/21/2023,Salvador,5300,
2625,HL4379,Televisão,4,Lucas,Villanova,6/11/2023,Salvador,2500,
2627,HL7348,SmartWatch,1,Luí­za,Garcia,5/3/2023,Salvador,1400,
2639,HL1918,iPhone,3,Katharina,Barros,2/16/2023,Salvador,5300,
2665,HL4379,Televisão,4,Livia,Corríªa,8/9/2023,Salvador,2500,
2666,HL4379,Televisão,3,Jonatas,Passos,8/8/2023,Salvador,2500,
2693,HL1918,iPhone,1,Raphael,Rezende,8/11/2023,Salvador,5300,
2696,HL4379,Televisão,2,Gabriel,Assis,7/21/2023,Salvador,2500,
2711,HL7348,SmartWatch,4,Gabriel,Thoni,6/27/2023,Salvador,1400,
2723,HL1918,iPhone,3,Matheus,Silva,9/14/2023,Salvador,5300,
2727,HL1148,Câmera,1,Gabriel,Thome,4/4/2023,Salvador,2100,
2729,HL1918,iPhone,5,Gabriela,Mello,3/3/2023,Salvador,5300,
2754,HL8851,Notebook,1,Jonas,Gomes,1/8/2023,Salvador,3500,
2759,HL1918,iPhone,2,Ana,Soledade,8/27/2023,Salvador,5300,
2762,HL9962,Android,3,Michelle,Miura,6/28/2023,Salvador,3400,
2763,HL1918,iPhone,5,Caio,Caldas,6/11/2023,Salvador,5300,
2764,HL4379,Televisão,2,Julia,Teixeira,2/1/2023,Salvador,2500,
2771,HL8851,Notebook,5,Joío,Matheus,3/27/2023,Salvador,3500,
2777,HL1918,iPhone,1,Silvio,Fahrnholz,1/26/2023,Salvador,5300,
2788,HL1918,iPhone,2,Milena,Alcoforado,4/30/2023,Salvador,5300,
2802,HL1918,iPhone,5,Marina,Perdomo,7/29/2023,Salvador,5300,
2804,HL1148,Câmera,1,Daniel,Cardoso,9/7/2023,Salvador,2100,
2806,HL1918,iPhone,1,Fernanda,Bhering,10/10/2023,Salvador,5300,
2810,HL1918,iPhone,3,Pedro,Santana,7/5/2023,Salvador,5300,
2813,HL1918,iPhone,4,Ana,Fioretti,5/5/2023,Salvador,5300,
2825,HL1918,iPhone,4,Raí­ssa,Oros,1/1/2023,Salvador,5300,
2826,HL4379,Televisão,4,Danilo,Alves,5/4/2023,Salvador,2500,
2850,HL4379,Televisão,4,Willian,Albino,6/6/2023,Salvador,2500,
2866,HL1148,Câmera,4,Ana,Bôas,4/6/2023,Salvador,2100,
2874,HL4379,Televisão,5,Fabio,Sepúlveda,6/6/2023,Salvador,2500,
2891,HL2714,Tablet,4,Jessica,Ferreira,10/24/2023,Salvador,1600,
2893,HL2714,Tablet,5,Thiago,Costa,6/25/2023,Salvador,1600,
2900,HL4379,Televisão,4,William,Mendonça,6/1/2023,Salvador,2500,
2901,HL4379,Televisão,1,Maria,Gasperi,10/6/2023,Salvador,2500,
2917,HL1918,iPhone,5,Joío,Aires,9/28/2023,Salvador,5300,
2933,HL4379,Televisão,3,Roberta,Pimenta,1/28/2023,Salvador,2500,
2934,HL7348,SmartWatch,4,Cláudio,Aragío,6/11/2023,Salvador,1400,
2952,HL1918,iPhone,4,Priscila,Garcia,8/23/2023,Salvador,5300,
2954,HL4379,Televisão,3,Caroline,Cavalcanti,2/22/2023,Salvador,2500,
2964,HL4379,Televisão,1,Mônica,Rotolo,7/16/2023,Salvador,2500,
2965,HL7348,SmartWatch,4,Viní­cius,Antunes,6/30/2023,Salvador,1400,
2974,HL7348,SmartWatch,3,Vitor,Boccaletti,1/16/2023,Salvador,1400,
2979,HL1148,Câmera,2,Victor,Oliveira,3/26/2023,Salvador,2100,
3004,HL1918,iPhone,1,Lucas,Destri,1/12/2023,Salvador,5300,
3007,HL8851,Notebook,4,Aní­zio,Carvalho,7/30/2023,Salvador,3500,
3009,HL2714,Tablet,4,Sandy,Ribeiro,12/2/2023,Salvador,1600,
3039,HL8851,Notebook,3,Filipe,Barros,1/2/2023,Salvador,3500,
3046,HL1918,iPhone,3,Itai,Puntel,10/21/2023,Salvador,5300,
3061,HL4379,Televisão,3,Raissa,Maia,2/14/2023,Salvador,2500,
3063,HL8851,Notebook,2,Henrique,Silva,11/14/2023,Salvador,3500,
3066,HL2714,Tablet,5,Victoria,Mazza,8/30/2023,Salvador,1600,
3072,HL4379,Televisão,4,Igor,Lima,7/19/2023,Salvador,2500,
3079,HL7348,SmartWatch,5,Paula,Calbucci,9/19/2023,Salvador,1400,
3086,HL8851,Notebook,3,Ives,Teixeira,3/31/2023,Salvador,3500,
3087,HL1918,iPhone,5,Norman,Jimbo,8/30/2023,Salvador,5300,
3088,HL8851,Notebook,4,Priscila,Carvalho,5/21/2023,Salvador,3500,
3091,HL4379,Televisão,3,Pedro,Ferrari,12/25/2023,Salvador,2500,
3095,HL1918,iPhone,5,Helena,Chafin,5/19/2023,Salvador,5300,
3096,HL7348,SmartWatch,2,Raphael,Ferman,12/25/2023,Salvador,1400,
3112,HL4379,Televisão,5,Renan,Freire,7/15/2023,Salvador,2500,
3116,HL2714,Tablet,1,Deysiane,Medronho,1/15/2023,Salvador,1600,
3125,HL4379,Televisão,4,Adriana,Carneiro,1/3/2023,Salvador,2500,
3131,HL9962,Android,2,Felipe,Freitas,10/1/2023,Salvador,3400,
3140,HL2714,Tablet,2,Matheus,Silva,8/19/2023,Salvador,1600,
3142,HL1918,iPhone,5,Bianca,Tatsch,9/19/2023,Salvador,5300,
3171,HL1918,iPhone,1,Carolina,Vasconcelos,10/8/2023,Salvador,5300,
3176,HL1918,iPhone,1,Gustavo,Accardo,12/24/2023,Salvador,5300,
3199,HL4379,Televisão,3,Tainah,Nogueira,12/12/2023,Salvador,2500,
3207,HL8851,Notebook,5,Stephanie,Gonçalves,5/31/2023,Salvador,3500,
3225,HL1918,iPhone,4,Alvaro,Kranz,4/10/2023,Salvador,5300,
3237,HL1918,iPhone,4,Camila,Bastazini,6/26/2023,Salvador,5300,
3243,HL1918,iPhone,5,Rodrigo,Feijo,10/3/2023,Salvador,5300,
3248,HL8851,Notebook,3,Luana,Santos,5/21/2023,Salvador,3500,
3250,HL1918,iPhone,3,Fernanda,Ferreira,8/8/2023,Salvador,5300,
3251,HL9962,Android,2,Joío,Capitulo,4/7/2023,Salvador,3400,
3259,HL7348,SmartWatch,3,Luiz,Freire,9/29/2023,Salvador,1400,
3265,HL2714,Tablet,1,Carolina,Santos,4/29/2023,Salvador,1600,
3278,HL1918,iPhone,4,Leandro,Rodrigues,8/31/2023,Salvador,5300,
3283,HL2714,Tablet,4,Aline,Mello,9/24/2023,Salvador,1600,
3286,HL2714,Tablet,1,Fernanda,Silva,6/24/2023,Salvador,1600,
3308,HL4379,Televisão,4,Carlos,Melo,5/22/2023,Salvador,2500,
3328,HL1918,iPhone,2,Lucas,Wanderley,5/23/2023,Salvador,5300,
3330,HL1918,iPhone,1,Bruno,Souza,1/19/2023,Salvador,5300,
3339,HL9962,Android,3,Gabriel,Assis,1/11/2023,Salvador,3400,
3354,HL7348,SmartWatch,3,Paula,Cavalcanti,8/26/2023,Salvador,1400,
3357,HL1918,iPhone,3,Lázaro,Nascimento,6/18/2023,Salvador,5300,
3361,HL1148,Câmera,4,Matheus,Santos,10/13/2023,Salvador,2100,
3371,HL1918,iPhone,4,Jéssica,Netto,5/18/2023,Salvador,5300,
3373,HL2714,Tablet,3,Pedro,Oliveira,10/24/2023,Salvador,1600,
3379,HL8851,Notebook,5,Luis,Silva,12/8/2023,Salvador,3500,
3384,HL9962,Android,1,Henrique,Silva,2/12/2023,Salvador,3400,
3436,HL1918,iPhone,2,Gustavo,Thome,10/26/2023,Salvador,5300,
3440,HL8851,Notebook,4,Julie,Ferreira,12/28/2023,Salvador,3500,
3446,HL8851,Notebook,5,Yasmim,Verly,7/30/2023,Salvador,3500,
3451,HL2714,Tablet,4,Guilherme,Jordao,12/12/2023,Salvador,1600,
3461,HL4379,Televisão,2,Giulia,Pessanha,10/6/2023,Salvador,2500,
3464,HL2714,Tablet,5,Diego,Mello,6/21/2023,Salvador,1600,
3468,HL4379,Televisão,4,Guilherme,Seixas,7/24/2023,Salvador,2500,
3475,HL2714,Tablet,1,Diogo,Peixoto,9/21/2023,Salvador,1600,
3476,HL2714,Tablet,3,Milena,Alcoforado,4/14/2023,Salvador,1600,
3482,HL9962,Android,3,Lucas,Coelho,5/1/2023,Salvador,3400,
3491,HL1148,Câmera,5,Bernard,Pedrosa,3/19/2023,Salvador,2100,
3496,HL2714,Tablet,5,Aline,Andrade,12/30/2023,Salvador,1600,
3516,HL7348,SmartWatch,5,Isabela,Rodrigues,1/13/2023,Salvador,1400,
3517,HL7348,SmartWatch,4,Paula,Isbelle,11/11/2023,Salvador,1400,
3525,HL9962,Android,4,Glenda,Santos,3/3/2023,Salvador,3400,
3526,HL1918,iPhone,4,Joao,Silva,4/10/2023,Salvador,5300,
3537,HL7348,SmartWatch,1,Caroline,Aquino,9/12/2023,Salvador,1400,
3561,HL1918,iPhone,1,Júlio,Freire,12/4/2023,Salvador,5300,
3564,HL7348,SmartWatch,2,Amanda,Roberto,9/6/2023,Salvador,1400,
3565,HL1918,iPhone,2,Nathan,Morelli,7/17/2023,Salvador,5300,
3568,HL2714,Tablet,4,Marcelo,Rosa,12/5/2023,Salvador,1600,
3569,HL1148,Câmera,1,Nathalia,Ventura,8/9/2023,Salvador,2100,
3571,HL4379,Televisão,2,Myllena,Corríªa,5/22/2023,Salvador,2500,
3576,HL1918,iPhone,1,Vanessa,Bach,5/25/2023,Salvador,5300,
3581,HL4379,Televisão,1,Julia,Silva,1/18/2023,Salvador,2500,
3592,HL2714,Tablet,5,Guilherme,Rachide,8/23/2023,Salvador,1600,
3596,HL1918,iPhone,4,Karina,Camara,7/15/2023,Salvador,5300,
3606,HL4379,Televisão,3,Carolina,Vasconcelos,4/6/2023,Salvador,2500,
3607,HL2714,Tablet,4,Joío,Araujo,6/20/2023,Salvador,1600,
3618,HL1918,iPhone,1,Daniela,Pereira,10/2/2023,Salvador,5300,
3631,HL1918,iPhone,2,Andressa,Rotsztejn,2/3/2023,Salvador,5300,
3640,HL8851,Notebook,1,Pedro,Santana,11/22/2023,Salvador,3500,
3657,HL8851,Notebook,1,Sthefeson,Kohn,5/20/2023,Salvador,3500,
3663,HL4379,Televisão,3,Luiz,Conceiçío,10/19/2023,Salvador,2500,
3672,HL7348,SmartWatch,5,Rebeca,Manhíes,3/1/2023,Salvador,1400,
3686,HL1148,Câmera,1,Vitor,Campos,10/12/2023,Salvador,2100,
3699,HL1918,iPhone,2,Mariana,Rotava,9/13/2023,Salvador,5300,
3711,HL2714,Tablet,2,Joyce,Souza,6/17/2023,Salvador,1600,
3732,HL1918,iPhone,3,Victor,Franco,12/11/2023,Salvador,5300,
3735,HL2714,Tablet,1,Joío,Luz,7/8/2023,Salvador,1600,
3736,HL2714,Tablet,1,Marina,Mesquita,4/19/2023,Salvador,1600,
3745,HL8851,Notebook,2,Juan,Barbosa,5/13/2023,Salvador,3500,
3746,HL1918,iPhone,1,Carlos,Galvío,7/18/2023,Salvador,5300,
3749,HL1148,Câmera,3,Daniel,Araujo,3/22/2023,Salvador,2100,
3778,HL8851,Notebook,3,Beatriz,Rocha,11/6/2023,Salvador,3500,
3788,HL4379,Televisão,1,Leandro,Melo,11/8/2023,Salvador,2500,
3789,HL1918,iPhone,2,Joío,Ribeiro,1/22/2023,Salvador,5300,
3791,HL1918,iPhone,4,Joío,Pedrazza,8/27/2023,Salvador,5300,
3798,HL4379,Televisão,3,Camilla,Vieira,7/4/2023,Salvador,2500,
3802,HL9962,Android,5,Clara,Bruno,2/27/2023,Salvador,3400,
3811,HL4379,Televisão,5,Sandy,Figueiredo,8/2/2023,Salvador,2500,
3818,HL9962,Android,3,Felipe,Cavalcanti,6/25/2023,Salvador,3400,
3824,HL9962,Android,3,Giovanna,Santos,1/10/2023,Salvador,3400,
3842,HL9962,Android,5,Michelle,Pereira,12/14/2023,Salvador,3400,
3850,HL1918,iPhone,4,Guilherme,Jordao,6/26/2023,Salvador,5300,
3859,HL4379,Televisão,4,Matheus,Santos,11/12/2023,Salvador,2500,
3860,HL4379,Televisão,1,Natali,Rangel,7/12/2023,Salvador,2500,
3875,HL4379,Televisão,3,David,Assumpçío,9/12/2023,Salvador,2500,
3876,HL4379,Televisão,5,Dandara,Reis,1/3/2023,Salvador,2500,
3879,HL7348,SmartWatch,3,Carlos,Assis,2/7/2023,Salvador,1400,
3880,HL4379,Televisão,2,Luí,Sá,2/12/2023,Salvador,2500,
3884,HL8851,Notebook,2,Raphael,Machado,2/10/2023,Salvador,3500,
3898,HL1918,iPhone,2,Luiza,Ribeiro,11/22/2023,Salvador,5300,
3906,HL9962,Android,3,Tayla,Lima,11/7/2023,Salvador,3400,
3914,HL8851,Notebook,5,Andressa,Rotsztejn,2/7/2023,Salvador,3500,
3926,HL4379,Televisão,2,Lázaro,Villanova,3/4/2023,Salvador,2500,
3933,HL1918,iPhone,3,Stefan,Santos,2/7/2023,Salvador,5300,
3940,HL1918,iPhone,4,Gabriel,Assis,10/3/2023,Salvador,5300,
3954,HL4379,Televisão,3,Alvaro,Kranz,6/14/2023,Salvador,2500,
3961,HL1918,iPhone,3,Natalia,Accioly,7/10/2023,Salvador,5300,
3976,HL8851,Notebook,5,Ana,Monte,7/28/2023,Salvador,3500,
3977,HL8851,Notebook,3,Lara,Moreira,8/21/2023,Salvador,3500,
3979,HL1918,iPhone,4,Camila,Bastazini,10/17/2023,Salvador,5300,
3990,HL1918,iPhone,1,Eduardo,Silva,12/16/2023,Salvador,5300,
3991,HL4379,Televisão,3,Beatriz,Perdomo,2/20/2023,Salvador,2500,
3992,HL7348,SmartWatch,3,Felipe,Mendonça,6/30/2023,Salvador,1400,
4015,HL1918,iPhone,5,Diego,Mello,11/2/2023,Salvador,5300,
4022,HL1148,Câmera,2,Lucas,Lemos,4/10/2023,Salvador,2100,
4035,HL1918,iPhone,5,Victor,Lira,9/29/2023,Salvador,5300,
4045,HL7348,SmartWatch,5,Jéssica,Teixeira,3/13/2023,Salvador,1400,
4047,HL1918,iPhone,2,Itai,Puntel,9/13/2023,Salvador,5300,
4051,HL4379,Televisão,4,Camila,Sobral,1/15/2023,Salvador,2500,
4057,HL9962,Android,1,Dandara,Reis,5/12/2023,Salvador,3400,
4059,HL1918,iPhone,2,Pedro,Jorge,11/19/2023,Salvador,5300,
4061,HL1918,iPhone,5,Gabriel,Azevedo,8/24/2023,Salvador,5300,
4070,HL4379,Televisão,3,Thayane,Resende,12/27/2023,Salvador,2500,
4073,HL2714,Tablet,1,Rogério,Gentile,10/25/2023,Salvador,1600,
4083,HL1918,iPhone,2,Bruna,Gomes,6/18/2023,Salvador,5300,
4084,HL7348,SmartWatch,2,Giulia,Lopes,11/17/2023,Salvador,1400,
4093,HL4379,Televisão,4,Luiza,Cabral,4/26/2023,Salvador,2500,
4101,HL1148,Câmera,2,Priscila,Vogel,10/16/2023,Salvador,2100,
4102,HL2714,Tablet,2,Leonardo,Ferreira,7/2/2023,Salvador,1600,
4107,HL1918,iPhone,1,Luí­sa,Fonseca,11/16/2023,Salvador,5300,
4112,HL7348,SmartWatch,4,Priscila,Carvalho,5/22/2023,Salvador,1400,
4122,HL4379,Televisão,3,Adriana,Carneiro,7/2/2023,Salvador,2500,
4126,HL4379,Televisão,2,Thales,Santos,8/6/2023,Salvador,2500,
4166,HL1918,iPhone,2,Maria,Mello,3/2/2023,Salvador,5300,
4174,HL1918,iPhone,3,Gustavo,Guimaríes,6/12/2023,Salvador,5300,
4196,HL2714,Tablet,1,Bruno,Salomío,5/5/2023,Salvador,1600,
4204,HL4379,Televisão,4,Rubens,Netto,11/27/2023,Salvador,2500,
4205,HL7348,SmartWatch,4,Bruna,Brandao,6/7/2023,Salvador,1400,
4211,HL4379,Televisão,5,Henrique,Oliveira,8/3/2023,Salvador,2500,
4227,HL2714,Tablet,2,Joao,Silva,1/30/2023,Salvador,1600,
4228,HL8851,Notebook,4,Danilo,Mendonça,10/4/2023,Salvador,3500,
4247,HL4379,Televisão,3,Gabriel,Rubim,10/2/2023,Salvador,2500,
4251,HL4379,Televisão,2,Victor,Lira,10/29/2023,Salvador,2500,
4260,HL1918,iPhone,4,Victor,Oliveira,2/21/2023,Salvador,5300,
4266,HL2714,Tablet,1,Lucas,Reis,10/12/2023,Salvador,1600,
4275,HL2714,Tablet,3,Wilson,Brandío,11/12/2023,Salvador,1600,
4292,HL8851,Notebook,2,Júlio,Fraga,2/18/2023,Salvador,3500,
4296,HL2714,Tablet,5,Cí­cero,Ramos,10/7/2023,Salvador,1600,
4305,HL1918,iPhone,3,Bruna,Soares,11/23/2023,Salvador,5300,
4306,HL1918,iPhone,4,Thayane,Resende,7/26/2023,Salvador,5300,
4308,HL7348,SmartWatch,4,Gabriel,Thoni,7/31/2023,Salvador,1400,
4309,HL1918,iPhone,4,Rafaela,Feio,6/4/2023,Salvador,5300,
4321,HL4379,Televisão,1,Jeferson,Costa,1/2/2023,Salvador,2500,
4335,HL1918,iPhone,5,Bruna,Ramos,10/11/2023,Salvador,5300,
4340,HL7348,SmartWatch,2,Guilherme,Monteiro,10/27/2023,Salvador,1400,
4347,HL2714,Tablet,5,Bruno,Oliveira,2/26/2023,Salvador,1600,
4348,HL1148,Câmera,5,Bernardo,Botelho,9/24/2023,Salvador,2100,
4366,HL1918,iPhone,3,Jorge,Carvalho,7/28/2023,Salvador,5300,
4378,HL1918,iPhone,5,Caio,Ferreira,3/19/2023,Salvador,5300,
4385,HL9962,Android,3,Eric,Júnior,4/28/2023,Salvador,3400,
4390,HL9962,Android,1,Fabio,Ramos,8/4/2023,Salvador,3400,
4397,HL4379,Televisão,4,Luí,Sá,4/16/2023,Salvador,2500,
4419,HL1918,iPhone,3,Luí­sa,Fonseca,8/23/2023,Salvador,5300,
4456,HL8851,Notebook,1,Lucas,Fontoura,12/13/2023,Salvador,3500,
4459,HL8851,Notebook,3,Lara,Moreira,11/16/2023,Salvador,3500,
4476,HL2714,Tablet,3,Maike,Pereira,7/2/2023,Salvador,1600,
4498,HL1918,iPhone,2,Juliana,Barreira,4/19/2023,Salvador,5300,
4521,HL4379,Televisão,5,Bernardo,Soares,11/23/2023,Salvador,2500,
4532,HL1918,iPhone,4,Isabelle,Firmino,11/11/2023,Salvador,5300,
4536,HL1918,iPhone,1,Julia,Silva,8/16/2023,Salvador,5300,
4547,HL7348,SmartWatch,5,Marcelo,Pereira,12/11/2023,Salvador,1400,
4555,HL4379,Televisão,5,Bruno,Velucci,10/11/2023,Salvador,2500,
4564,HL1918,iPhone,4,Itai,Puntel,7/15/2023,Salvador,5300,
4565,HL1918,iPhone,3,Karina,Camara,8/29/2023,Salvador,5300,
4566,HL1918,iPhone,4,Rafael,Guimaríes,6/1/2023,Salvador,5300,
4570,HL4379,Televisão,1,Lí­via,Marques,9/2/2023,Salvador,2500,
4578,HL1918,iPhone,3,Juliana,Hollander,10/23/2023,Salvador,5300,
4580,HL1148,Câmera,5,Thais,Rodrigues,1/13/2023,Salvador,2100,
4582,HL1918,iPhone,3,Larissa,Cruz,4/10/2023,Salvador,5300,
4589,HL2714,Tablet,2,Vivianne,Rodrigues,4/23/2023,Salvador,1600,
4608,HL1918,iPhone,4,Cézar,Santos,4/13/2023,Salvador,5300,
4611,HL2714,Tablet,3,Beatriz,Biase,9/13/2023,Salvador,1600,
4616,HL4379,Televisão,2,Gustavo,Aragío,4/7/2023,Salvador,2500,
4623,HL7348,SmartWatch,5,Antonio,Manhíes,9/2/2023,Salvador,1400,
4628,HL4379,Televisão,4,Guilherme,Castilho,3/17/2023,Salvador,2500,
4639,HL1148,Câmera,3,Lucas,Baptista,11/17/2023,Salvador,2100,
4640,HL1918,iPhone,3,Fabio,Ramos,1/29/2023,Salvador,5300,
4648,HL9962,Android,1,Fernanda,Silva,2/2/2023,Salvador,3400,
4651,HL9962,Android,5,Natalia,Andrade,5/1/2023,Salvador,3400,
4653,HL7348,SmartWatch,3,Lucas,Baptista,9/11/2023,Salvador,1400,
4656,HL7348,SmartWatch,5,Diogo,Peixoto,5/29/2023,Salvador,1400,
4657,HL2714,Tablet,4,Luiza,Procaci,11/30/2023,Salvador,1600,
4658,HL1918,iPhone,2,Alex,Fernandes,6/9/2023,Salvador,5300,
4660,HL1918,iPhone,4,Priscila,Vogel,2/12/2023,Salvador,5300,
4662,HL8851,Notebook,3,Bruna,Silveira,2/25/2023,Salvador,3500,
4668,HL8851,Notebook,2,Yasser,Calbucci,4/7/2023,Salvador,3500,
4669,HL1918,iPhone,4,Stefan,Nunes,8/17/2023,Salvador,5300,
4671,HL8851,Notebook,3,Luí­za,Goulart,12/1/2023,Salvador,3500,
4672,HL7348,SmartWatch,1,Tadeu,Sousa,2/25/2023,Salvador,1400,
4694,HL1918,iPhone,5,Bruna,Brandao,9/18/2023,Salvador,5300,
4702,HL2714,Tablet,3,Amanda,Felippe,3/25/2023,Salvador,1600,
4704,HL1918,iPhone,5,Joío,Monteiro,10/14/2023,Salvador,5300,
4712,HL1918,iPhone,2,Isabela,Resende,12/1/2023,Salvador,5300,
4736,HL1918,iPhone,2,Raí­sa,Rodrigues,7/27/2023,Salvador,5300,
4750,HL1148,Câmera,1,Jéssica,Stefanelli,5/13/2023,Salvador,2100,
4761,HL4379,Televisão,2,Larissa,Florim,6/19/2023,Salvador,2500,
4775,HL9962,Android,3,Gabrielle,Silva,5/12/2023,Salvador,3400,
4777,HL1918,iPhone,1,Yasmim,Bittencourt,7/15/2023,Salvador,5300,
4783,HL2714,Tablet,5,Pedro,Sena,11/21/2023,Salvador,1600,
4790,HL7348,SmartWatch,5,Gabrielle,Wanderley,9/11/2023,Salvador,1400,
4803,HL4379,Televisão,4,Rafaela,Rodrigues,9/8/2023,Salvador,2500,
4806,HL7348,SmartWatch,2,Isabelle,Gonçalves,11/21/2023,Salvador,1400,
4815,HL1918,iPhone,4,Maria,Junior,7/12/2023,Salvador,5300,
4824,HL4379,Televisão,2,Mariana,Sousa,4/24/2023,Salvador,2500,
4827,HL2714,Tablet,2,Tayla,Lima,9/29/2023,Salvador,1600,
4837,HL1918,iPhone,1,Paula,Isbelle,11/8/2023,Salvador,5300,
4854,HL4379,Televisão,5,Mateus,Duque,12/27/2023,Salvador,2500,
4859,HL7348,SmartWatch,5,Guilherme,Vianna,12/13/2023,Salvador,1400,
4861,HL9962,Android,2,Leonardo,Faria,6/4/2023,Salvador,3400,
4865,HL1918,iPhone,5,Renan,Nascimento,6/22/2023,Salvador,5300,
4876,HL1918,iPhone,2,Jessica,Ferreira,11/7/2023,Salvador,5300,
4882,HL1918,iPhone,2,Bruno,Souza,8/10/2023,Salvador,5300,
4888,HL1148,Câmera,1,Isabella,Montanholi,5/8/2023,Salvador,2100,
4890,HL1918,iPhone,4,Rafaela,Ferreira,11/20/2023,Salvador,5300,
4897,HL1918,iPhone,1,Jackson,Derossi,12/27/2023,Salvador,5300,
4900,HL1918,iPhone,4,Clara,Silveira,12/14/2023,Salvador,5300,
4903,HL2714,Tablet,4,Viviane,Souza,9/16/2023,Salvador,1600,
4908,HL9962,Android,5,Adriana,Passos,10/14/2023,Salvador,3400,
4918,HL1918,iPhone,3,Priscila,Suzano,10/9/2023,Salvador,5300,
4930,HL2714,Tablet,4,Juliana,Correa,12/4/2023,Salvador,1600,
4941,HL1918,iPhone,5,Luis,Oliveira,2/4/2023,Salvador,5300,
4952,HL1148,Câmera,1,Isabela,Rodrigues,4/1/2023,Salvador,2100,
4957,HL2714,Tablet,5,Thaí­s,Ribeiro,12/25/2023,Salvador,1600,
4967,HL4379,Televisão,4,Gabriel,Rubim,9/16/2023,Salvador,2500,
4970,HL8851,Notebook,5,Myllena,Carneiro,1/29/2023,Salvador,3500,
4984,HL4379,Televisão,3,Paula,Cavalcanti,5/27/2023,Salvador,2500,
4989,HL7348,SmartWatch,4,Thiago,Costa,1/17/2023,Salvador,1400,
5001,HL2714,Tablet,4,Matheus,Gomes,6/10/2023,Salvador,1600,
5020,HL4379,Televisão,5,Juliana,Goes,8/12/2023,Salvador,2500,
5028,HL2714,Tablet,4,Laura,Araujo,8/7/2023,Salvador,1600,
5040,HL1148,Câmera,2,Matheus,Gomes,7/10/2023,Salvador,2100,
5047,HL2714,Tablet,5,Luiz,Freire,9/13/2023,Salvador,1600,
5050,HL9962,Android,2,Raí­ssa,Oros,1/2/2023,Salvador,3400,
5055,HL7348,SmartWatch,2,Deysiane,Medronho,4/9/2023,Salvador,1400,
5058,HL1918,iPhone,2,Carolina,Alfradique,1/9/2023,Salvador,5300,
5072,HL9962,Android,1,Lí­via,Tanaka,6/23/2023,Salvador,3400,
5074,HL8851,Notebook,5,Fernanda,Junior,7/16/2023,Salvador,3500,
5079,HL8851,Notebook,1,Marcelo,Rosa,7/23/2023,Salvador,3500,
5080,HL1918,iPhone,1,Luiza,Cavalcanti,3/4/2023,Salvador,5300,
5096,HL9962,Android,2,Yasser,Calbucci,8/13/2023,Salvador,3400,
5101,HL4379,Televisão,3,Ravena,Bhering,12/16/2023,Salvador,2500,
5112,HL1918,iPhone,3,Nina,Magalhíes,9/4/2023,Salvador,5300,
5114,HL1918,iPhone,5,Julia,Aliani,7/21/2023,Salvador,5300,
5120,HL8851,Notebook,5,Alon,Palmeira,8/10/2023,Salvador,3500,
5124,HL1918,iPhone,4,Rafaela,Ferreira,7/31/2023,Salvador,5300,
5129,HL1148,Câmera,2,Ramon,Araujo,2/18/2023,Salvador,2100,
5145,HL7348,SmartWatch,5,Carolina,Santos,12/9/2023,Salvador,1400,
5156,HL8851,Notebook,2,Ana,Felippe,11/5/2023,Salvador,3500,
5162,HL1918,iPhone,5,Letí­cia,Rodrigues,10/21/2023,Salvador,5300,
5175,HL2714,Tablet,4,Anna,Maia,1/29/2023,Salvador,1600,
5176,HL9962,Android,1,Aline,Mello,3/26/2023,Salvador,3400,
5177,HL8851,Notebook,5,Lázaro,Villanova,11/13/2023,Salvador,3500,
5180,HL1918,iPhone,1,Raissa,Negrelli,7/10/2023,Salvador,5300,
5183,HL1918,iPhone,4,Guilherme,Lima,2/13/2023,Salvador,5300,
5189,HL4379,Televisão,5,Patrí­cia,Amaral,6/4/2023,Salvador,2500,
5199,HL2714,Tablet,4,Pedro,Ferrari,1/27/2023,Salvador,1600,
5205,HL1918,iPhone,2,Jessica,Cordovil,6/11/2023,Salvador,5300,
5206,HL7348,SmartWatch,4,Gabriel,Puntel,2/17/2023,Salvador,1400,
5208,HL9962,Android,4,Danilo,Rubim,8/27/2023,Salvador,3400,
5234,HL1918,iPhone,2,Rodrigo,Silva,11/18/2023,Salvador,5300,
5246,HL2714,Tablet,5,Rilson,Guedes,4/3/2023,Salvador,1600,
5247,HL4379,Televisão,2,Bernardo,Borges,2/25/2023,Salvador,2500,
5265,HL1918,iPhone,2,Alon,Pestana,7/5/2023,Salvador,5300,
5274,HL4379,Televisão,1,Raissa,Sales,6/22/2023,Salvador,2500,
5276,HL8851,Notebook,1,Arthur,Fernandes,5/24/2023,Salvador,3500,
5285,HL8851,Notebook,4,Joyce,Souza,11/24/2023,Salvador,3500,
5328,HL7348,SmartWatch,5,Raphael,Mattos,1/2/2023,Salvador,1400,
5331,HL2714,Tablet,5,Adrielle,Vieira,3/16/2023,Salvador,1600,
5335,HL7348,SmartWatch,5,Lázaro,Nascimento,3/22/2023,Salvador,1400,
5337,HL1918,iPhone,3,Luiz,Almeida,3/20/2023,Salvador,5300,
5353,HL1918,iPhone,5,Bruna,Silva,3/2/2023,Salvador,5300,
5365,HL1918,iPhone,1,Thayna,Martins,5/13/2023,Salvador,5300,
5371,HL1918,iPhone,2,Joío,Araujo,5/16/2023,Salvador,5300,
5374,HL1918,iPhone,5,Giulia,Pessanha,3/10/2023,Salvador,5300,
5384,HL9962,Android,4,Célio,Xavier,3/18/2023,Salvador,3400,
5390,HL1918,iPhone,1,Michelle,Pereira,12/24/2023,Salvador,5300,
5395,HL1918,iPhone,1,Ives,Pinheiro,8/22/2023,Salvador,5300,
5407,HL9962,Android,2,Izabel,Lopes,1/6/2023,Salvador,3400,
5431,HL1918,iPhone,3,Joío,Silva,12/20/2023,Salvador,5300,
5434,HL1918,iPhone,3,Matheus,Afonso,5/15/2023,Salvador,5300,
5442,HL2714,Tablet,2,Yasmim,Bittencourt,2/6/2023,Salvador,1600,
5447,HL4379,Televisão,4,Luí­za,Garcia,9/16/2023,Salvador,2500,
5457,HL4379,Televisão,5,Felipe,Cavalcanti,4/11/2023,Salvador,2500,
5460,HL1148,Câmera,5,Beatriz,Almeida,11/18/2023,Salvador,2100,
5464,HL1918,iPhone,3,Bruna,Gomes,9/22/2023,Salvador,5300,
5472,HL1148,Câmera,4,Luiz,Almeida,5/15/2023,Salvador,2100,
5474,HL8851,Notebook,4,Pedro,Ferrari,4/24/2023,Salvador,3500,
5484,HL9962,Android,4,José,Jesus,7/9/2023,Salvador,3400,
5497,HL1918,iPhone,3,Nicolas,Monteiro,3/27/2023,Salvador,5300,
5500,HL8851,Notebook,1,Camille,Silva,4/17/2023,Salvador,3500,
5510,HL1918,iPhone,5,Rafael,Ramos,12/24/2023,Salvador,5300,
5512,HL4379,Televisão,4,Marcelo,Magalhíes,7/5/2023,Salvador,2500,
5513,HL7348,SmartWatch,1,Daniela,Rosa,6/17/2023,Salvador,1400,
5514,HL4379,Televisão,3,Thiago,Costa,1/25/2023,Salvador,2500,
5558,HL1918,iPhone,2,Bruna,Gomes,4/28/2023,Salvador,5300,
5562,HL1918,iPhone,2,José,Seixas,10/25/2023,Salvador,5300,
5564,HL8851,Notebook,5,Ana,Monte,3/21/2023,Salvador,3500,
5567,HL1148,Câmera,5,Luana,Santana,12/24/2023,Salvador,2100,
5571,HL4379,Televisão,1,Maria,Junior,7/30/2023,Salvador,2500,
5573,HL4379,Televisão,3,Stephanie,Gonçalves,3/26/2023,Salvador,2500,
5582,HL1148,Câmera,2,Rebeca,Manhíes,7/16/2023,Salvador,2100,
5598,HL2714,Tablet,5,Ana,Gomes,3/5/2023,Salvador,1600,
5608,HL1918,iPhone,5,Felipe,Freitas,12/20/2023,Salvador,5300,
5610,HL9962,Android,3,Beatriz,Santos,10/11/2023,Salvador,3400,
5613,HL1148,Câmera,3,Roberta,Pimenta,9/17/2023,Salvador,2100,
5627,HL9962,Android,4,Renan,Nucci,7/14/2023,Salvador,3400,
5630,HL9962,Android,2,Marcelo,Borges,2/15/2023,Salvador,3400,
5640,HL1918,iPhone,2,Pedro,Sena,3/4/2023,Salvador,5300,
5645,HL2714,Tablet,2,Gabriel,Almeida,7/9/2023,Salvador,1600,
5651,HL1918,iPhone,2,Bruno,Silva,11/18/2023,Salvador,5300,
5653,HL1918,iPhone,3,Eduardo,Ferreira,12/2/2023,Salvador,5300,
5666,HL7348,SmartWatch,1,Letí­cia,Rodrigues,4/23/2023,Salvador,1400,
5677,HL9962,Android,3,Felipe,Paulo,4/10/2023,Salvador,3400,
5681,HL1148,Câmera,1,Vivianne,Rodrigues,1/28/2023,Salvador,2100,
5682,HL1918,iPhone,2,Cí­cero,Lima,11/10/2023,Salvador,5300,
5686,HL4379,Televisão,4,Joío,Junior,9/22/2023,Salvador,2500,
5695,HL1918,iPhone,1,Bianca,Procaci,5/10/2023,Salvador,5300,
5725,HL4379,Televisão,3,Bruno,Oliveira,9/1/2023,Salvador,2500,
5727,HL8851,Notebook,5,Eduardo,Peluzo,5/25/2023,Salvador,3500,
5733,HL9962,Android,5,Eduardo,Vargas,7/17/2023,Salvador,3400,
5752,HL1918,iPhone,2,Julia,Figueiredo,4/15/2023,Salvador,5300,
5762,HL9962,Android,4,Eduardo,Ferreira,10/19/2023,Salvador,3400,
5768,HL9962,Android,3,Guilherme,Merotto,9/3/2023,Salvador,3400,
5774,HL1918,iPhone,2,Michelle,Pereira,6/6/2023,Salvador,5300,
5784,HL9962,Android,1,Willian,Albino,7/30/2023,Salvador,3400,
5793,HL4379,Televisão,2,Lorena,Kohn,5/26/2023,Salvador,2500,
5799,HL9962,Android,4,Carolina,Costa,6/4/2023,Salvador,3400,
5803,HL7348,SmartWatch,1,Priscila,Garcia,9/11/2023,Salvador,1400,
5804,HL8851,Notebook,3,Priscila,Carvalho,6/24/2023,Salvador,3500,
5805,HL8851,Notebook,5,Caio,Silva,12/1/2023,Salvador,3500,
5810,HL4379,Televisão,2,Renan,Cunha,11/12/2023,Salvador,2500,
5811,HL1918,iPhone,1,Lucas,Freitas,6/10/2023,Salvador,5300,
5819,HL8851,Notebook,2,Carlos,Barbosa,4/23/2023,Salvador,3500,
5843,HL2714,Tablet,4,Luiza,Farias,8/13/2023,Salvador,1600,
5858,HL9962,Android,5,Isabela,Resende,3/25/2023,Salvador,3400,
5861,HL1918,iPhone,2,Pedro,Cardoso,1/10/2023,Salvador,5300,
5876,HL1918,iPhone,5,Miguel,Carneiro,2/21/2023,Salvador,5300,
5885,HL8851,Notebook,3,Júlia,Almeida,1/16/2023,Salvador,3500,
5891,HL4379,Televisão,1,Victor,Gomes,7/20/2023,Salvador,2500,
5898,HL7348,SmartWatch,1,Pedro,Ronfini,5/5/2023,Salvador,1400,
5899,HL1918,iPhone,3,Marcela,Gasperi,10/22/2023,Salvador,5300,
5912,HL7348,SmartWatch,1,Rodrigo,Alves,5/21/2023,Salvador,1400,
5918,HL1918,iPhone,1,Bruno,Silva,4/9/2023,Salvador,5300,
5923,HL1148,Câmera,1,Cí­cero,Ramos,7/3/2023,Salvador,2100,
5938,HL1918,iPhone,2,Julia,Penteado,9/14/2023,Salvador,5300,
5941,HL1918,iPhone,1,Elena,Barreto,12/26/2023,Salvador,5300,
5946,HL2714,Tablet,1,Lucas,Araújo,5/6/2023,Salvador,1600,
5949,HL9962,Android,1,Chan,Santos,2/1/2023,Salvador,3400,
5953,HL8851,Notebook,3,Rodrigo,Silva,8/5/2023,Salvador,3500,
5955,HL4379,Televisão,4,Bruno,Souza,3/5/2023,Salvador,2500,
5957,HL4379,Televisão,3,Maria,Gasperi,6/5/2023,Salvador,2500,
5959,HL1918,iPhone,4,Fabio,Ramos,7/28/2023,Salvador,5300,
5974,HL4379,Televisão,4,Rilson,Guedes,5/17/2023,Salvador,2500,
5978,HL1918,iPhone,5,Ananda,Dias,8/27/2023,Salvador,5300,
5989,HL7348,SmartWatch,2,Felipe,Mendonça,11/11/2023,Salvador,1400,
5992,HL1918,iPhone,4,Fernanda,Bhering,4/16/2023,Salvador,5300,
5994,HL8851,Notebook,1,Gustavo,Guimaríes,8/13/2023,Salvador,3500,
6003,HL1148,Câmera,4,Marcela,Medeiros,8/2/2023,Salvador,2100,
6005,HL1918,iPhone,3,Marina,Delgado,9/21/2023,Salvador,5300,
6017,HL8851,Notebook,2,Lucas,Reis,6/21/2023,Salvador,3500,
6019,HL1148,Câmera,5,Raí­za,Lopes,7/4/2023,Salvador,2100,
6030,HL4379,Televisão,5,David,Campelo,4/4/2023,Salvador,2500,
6043,HL1918,iPhone,2,Raphael,Kurtz,8/21/2023,Salvador,5300,
6045,HL2714,Tablet,5,Carolina,Carneiro,6/13/2023,Salvador,1600,
6047,HL9962,Android,5,Camila,Bastazini,3/29/2023,Salvador,3400,
6054,HL9962,Android,2,Maria,Costa,12/9/2023,Salvador,3400,
6057,HL4379,Televisão,2,Lenon,Fernandes,9/3/2023,Salvador,2500,
6070,HL4379,Televisão,3,Lucas,Junior,7/1/2023,Salvador,2500,
6087,HL1148,Câmera,2,Platini,Heimlich,4/3/2023,Salvador,2100,
6088,HL1918,iPhone,3,Carla,Zakhm,6/27/2023,Salvador,5300,
6091,HL7348,SmartWatch,4,Joío,Peçanha,2/3/2023,Salvador,1400,
6097,HL7348,SmartWatch,3,Allan,Guedes,1/7/2023,Salvador,1400,
6101,HL8851,Notebook,5,Cassio,Faria,3/21/2023,Salvador,3500,
6117,HL1918,iPhone,1,Victoria,Mazza,10/30/2023,Salvador,5300,
6132,HL8851,Notebook,3,Bruno,Silva,3/11/2023,Salvador,3500,
6142,HL1918,iPhone,5,Tadeu,Nakayama,7/23/2023,Salvador,5300,
6143,HL2714,Tablet,4,Lucas,Assunçío,10/22/2023,Salvador,1600,
6146,HL1918,iPhone,5,Caio,Fernandes,1/17/2023,Salvador,5300,
6149,HL1918,iPhone,5,Rafael,Wajnsztok,7/7/2023,Salvador,5300,
6157,HL1918,iPhone,3,Gabriel,Assis,2/11/2023,Salvador,5300,
6162,HL1918,iPhone,4,Daniel,Sousa,12/24/2023,Salvador,5300,
6170,HL7348,SmartWatch,1,Júlio,Freire,3/26/2023,Salvador,1400,
6173,HL1918,iPhone,5,Julia,Leig,2/27/2023,Salvador,5300,
6182,HL4379,Televisão,1,Joío,Monteiro,11/7/2023,Salvador,2500,
6188,HL4379,Televisão,5,Mariana,Miranda,2/24/2023,Salvador,2500,
6195,HL1918,iPhone,5,Adrielle,Gabriel,2/17/2023,Salvador,5300,
6197,HL1918,iPhone,2,Giuseppe,Borges,10/28/2023,Salvador,5300,
6201,HL9962,Android,1,Wendela,Mariz,10/30/2023,Salvador,3400,
6209,HL1148,Câmera,5,Khaio,Mesquita,3/5/2023,Salvador,2100,
6210,HL9962,Android,3,Breno,Costa,8/4/2023,Salvador,3400,
6212,HL1148,Câmera,2,Ana,Felippe,5/15/2023,Salvador,2100,
6216,HL1918,iPhone,5,Alon,Pestana,3/9/2023,Salvador,5300,
6223,HL9962,Android,5,Matheus,Gomes,7/17/2023,Salvador,3400,
6224,HL8851,Notebook,1,Fabio,Sepúlveda,5/25/2023,Salvador,3500,
6234,HL1918,iPhone,3,Lí­via,Marques,1/15/2023,Salvador,5300,
6239,HL9962,Android,4,Victor,Ferreira,5/11/2023,Salvador,3400,
6258,HL8851,Notebook,1,Thomáz,Bôas,1/21/2023,Salvador,3500,
6261,HL1148,Câmera,2,Raí­za,Lopes,3/17/2023,Salvador,2100,
6264,HL4379,Televisão,5,Amanda,Machado,8/7/2023,Salvador,2500,
6269,HL1918,iPhone,4,Rafael,Portela,10/20/2023,Salvador,5300,
6270,HL7348,SmartWatch,1,Michelle,Figueiredo,7/2/2023,Salvador,1400,
6310,HL1148,Câmera,1,Thomáz,Vannier,2/7/2023,Salvador,2100,
6312,HL1918,iPhone,4,Maria,Correa,11/14/2023,Salvador,5300,
6314,HL2714,Tablet,1,Kimberly,Sad,2/9/2023,Salvador,1600,
6344,HL4379,Televisão,1,Hiaiune,Valim,5/10/2023,Salvador,2500,
6347,HL2714,Tablet,5,Leandro,Ferreira,2/25/2023,Salvador,1600,
6362,HL2714,Tablet,4,Beatriz,Nogueira,10/8/2023,Salvador,1600,
6372,HL7348,SmartWatch,2,Gustavo,Azevedo,5/18/2023,Salvador,1400,
6383,HL4379,Televisão,1,Wellington,Duarte,11/29/2023,Salvador,2500,
6389,HL1918,iPhone,5,Maria,Assumpçío,8/17/2023,Salvador,5300,
6390,HL1918,iPhone,1,David,Vasconcelos,7/19/2023,Salvador,5300,
6395,HL1918,iPhone,1,Ana,Almeida,3/28/2023,Salvador,5300,
6399,HL1148,Câmera,4,Eduardo,Vargas,7/17/2023,Salvador,2100,
6429,HL7348,SmartWatch,3,Luiz,Freire,6/21/2023,Salvador,1400,
6440,HL1918,iPhone,3,Vitor,Arruda,11/27/2023,Salvador,5300,
6441,HL2714,Tablet,4,Adriane,Gomes,4/12/2023,Salvador,1600,
6445,HL1918,iPhone,4,Leandro,Melo,11/13/2023,Salvador,5300,
6451,HL1918,iPhone,4,Amanda,Felippe,12/18/2023,Salvador,5300,
6458,HL1918,iPhone,2,Carlos,Cardoso,6/17/2023,Salvador,5300,
6462,HL1918,iPhone,4,Hiaiune,Valim,6/2/2023,Salvador,5300,
6479,HL2714,Tablet,3,Adriane,Chagas,5/15/2023,Salvador,1600,
6483,HL1148,Câmera,1,Stephanie,Novak,7/29/2023,Salvador,2100,
6491,HL4379,Televisão,4,Luis,Villanova,6/8/2023,Salvador,2500,
6510,HL9962,Android,3,Tadeu,Nakayama,12/13/2023,Salvador,3400,
6512,HL9962,Android,5,Gabriel,Almeida,5/2/2023,Salvador,3400,
6514,HL4379,Televisão,1,Beatriz,Silva,12/22/2023,Salvador,2500,
6520,HL1918,iPhone,5,Thomáz,Bôas,7/2/2023,Salvador,5300,
6526,HL4379,Televisão,1,Joío,Costa,1/29/2023,Salvador,2500,
6527,HL1918,iPhone,1,Luis,Souza,2/1/2023,Salvador,5300,
6545,HL8851,Notebook,5,Caio,Moraes,6/19/2023,Salvador,3500,
6549,HL4379,Televisão,4,Karine,Barros,8/30/2023,Salvador,2500,
6560,HL4379,Televisão,3,Silvio,Provenzano,11/13/2023,Salvador,2500,
6580,HL9962,Android,3,Carolina,Alfradique,6/12/2023,Salvador,3400,
6606,HL1148,Câmera,3,Lucas,Valim,7/21/2023,Salvador,2100,
6617,HL9962,Android,5,Luí­za,Garcia,1/24/2023,Salvador,3400,
6629,HL7348,SmartWatch,4,Júlia,Almeida,4/24/2023,Salvador,1400,
6641,HL7348,SmartWatch,4,Amanda,Procaci,1/20/2023,Salvador,1400,
6645,HL8851,Notebook,3,Manuela,Merege,11/14/2023,Salvador,3500,
6657,HL1148,Câmera,3,Rafael,Wajnsztok,8/26/2023,Salvador,2100,
6662,HL1148,Câmera,3,Yasmim,Bittencourt,10/30/2023,Salvador,2100,
6665,HL1918,iPhone,2,Igor,Lima,4/5/2023,Salvador,5300,
6694,HL1918,iPhone,5,Adrielle,Gabriel,6/3/2023,Salvador,5300,
6696,HL8851,Notebook,2,Beatriz,Nogueira,12/5/2023,Salvador,3500,
6708,HL9962,Android,3,Luí­za,Melo,4/20/2023,Salvador,3400,
6710,HL1918,iPhone,5,Gabriel,Rocha,1/28/2023,Salvador,5300,
6711,HL9962,Android,2,Luiza,Cabral,2/1/2023,Salvador,3400,
6712,HL2714,Tablet,4,Lucas,Almeida,6/14/2023,Salvador,1600,
6719,HL2714,Tablet,5,Letí­cia,Rodrigues,7/4/2023,Salvador,1600,
6731,HL4379,Televisão,1,Lucas,Assunçío,8/29/2023,Salvador,2500,
6734,HL1918,iPhone,4,Gabriel,Brito,5/20/2023,Salvador,5300,
6738,HL7348,SmartWatch,3,Wilson,Vianna,5/11/2023,Salvador,1400,
6750,HL1918,iPhone,1,Lais,Candido,7/8/2023,Salvador,5300,
6764,HL2714,Tablet,3,Antônio,Soares,4/25/2023,Salvador,1600,
6768,HL2714,Tablet,4,Pedro,Jorge,12/29/2023,Salvador,1600,
6770,HL4379,Televisão,5,Wilson,Meirelles,4/24/2023,Salvador,2500,
6771,HL1918,iPhone,4,Victor,Ferreira,5/19/2023,Salvador,5300,
6777,HL1148,Câmera,2,Bruna,Gomes,11/22/2023,Salvador,2100,
6782,HL7348,SmartWatch,5,Guilherme,Seixas,4/19/2023,Salvador,1400,
6785,HL1918,iPhone,1,Stephanie,Oliveira,4/1/2023,Salvador,5300,
6787,HL9962,Android,4,Viní­cius,Antunes,4/19/2023,Salvador,3400,
6798,HL7348,SmartWatch,5,Juliana,Silva,3/17/2023,Salvador,1400,
6806,HL1918,iPhone,4,Mariana,Baptista,8/7/2023,Salvador,5300,
6808,HL1918,iPhone,4,Alon,Pestana,10/28/2023,Salvador,5300,
6810,HL2714,Tablet,4,Joío,Luz,9/6/2023,Salvador,1600,
6829,HL4379,Televisão,4,Mateus,Franco,8/9/2023,Salvador,2500,
6833,HL7348,SmartWatch,1,Bruno,Souza,1/2/2023,Salvador,1400,
6841,HL8851,Notebook,5,Letí­cia,Rodrigues,10/6/2023,Salvador,3500,
6846,HL1918,iPhone,5,Marcelo,Guadagnino,4/23/2023,Salvador,5300,
6848,HL9962,Android,1,Joío,Bach,10/9/2023,Salvador,3400,
6851,HL1918,iPhone,5,Carlos,Melo,5/27/2023,Salvador,5300,
6861,HL7348,SmartWatch,5,Izabel,Miura,12/4/2023,Salvador,1400,
6862,HL8851,Notebook,4,Lunna,Vannier,4/7/2023,Salvador,3500,
6869,HL4379,Televisão,5,Lucas,Lacerda,6/28/2023,Salvador,2500,
6874,HL1918,iPhone,4,Ana,Silva,8/1/2023,Salvador,5300,
6887,HL1918,iPhone,2,Stefan,Nunes,5/24/2023,Salvador,5300,
6888,HL1918,iPhone,1,Ana,Soledade,3/1/2023,Salvador,5300,
6895,HL4379,Televisão,3,Renan,Firmino,8/9/2023,Salvador,2500,
6904,HL9962,Android,3,Paula,Carneiro,2/18/2023,Salvador,3400,
6905,HL8851,Notebook,5,Rodrigo,Mendes,12/5/2023,Salvador,3500,
6908,HL9962,Android,2,Roberto,Tiradentes,8/2/2023,Salvador,3400,
6913,HL4379,Televisão,4,Jonatas,Passos,7/25/2023,Salvador,2500,
6916,HL2714,Tablet,2,Matheus,Silva,6/20/2023,Salvador,1600,
6917,HL2714,Tablet,2,Eduardo,Soares,2/12/2023,Salvador,1600,
6918,HL7348,SmartWatch,4,Carlos,Barbosa,6/20/2023,Salvador,1400,
6920,HL1918,iPhone,2,Jéssica,Stefanelli,5/5/2023,Salvador,5300,
6922,HL2714,Tablet,4,Adriane,Gomes,2/2/2023,Salvador,1600,
6941,HL1918,iPhone,1,Ulisses,Filho,11/1/2023,Salvador,5300,
6943,HL7348,SmartWatch,1,Allan,Candido,9/30/2023,Salvador,1400,
6953,HL2714,Tablet,4,Julia,Leig,9/1/2023,Salvador,1600,
6962,HL1918,iPhone,5,Caio,Moura,8/11/2023,Salvador,5300,
6969,HL4379,Televisão,4,Iuri,Neto,10/17/2023,Salvador,2500,
6979,HL1918,iPhone,5,Livia,Corríªa,11/8/2023,Salvador,5300,
6980,HL4379,Televisão,5,Pedro,Rodrigues,1/10/2023,Salvador,2500,
6982,HL7348,SmartWatch,3,Clara,Bruno,3/8/2023,Salvador,1400,
6983,HL1918,iPhone,5,Sylvio,Bernhardt,2/24/2023,Salvador,5300,
7005,HL1918,iPhone,1,Natália,Appel,12/4/2023,Salvador,5300,
7025,HL7348,SmartWatch,4,Helvio,Pedrosa,11/20/2023,Salvador,1400,
7026,HL8851,Notebook,1,Anna,Maia,1/31/2023,Salvador,3500,
7030,HL4379,Televisão,1,Gabriel,Azevedo,3/26/2023,Salvador,2500,
7038,HL2714,Tablet,5,Victor,Magalhíes,6/15/2023,Salvador,1600,
7045,HL1918,iPhone,1,Roberta,Nogueira,2/17/2023,Salvador,5300,
7046,HL1918,iPhone,4,Célio,Xavier,3/4/2023,Salvador,5300,
7047,HL1918,iPhone,4,Vivianne,Rodrigues,9/17/2023,Salvador,5300,
7054,HL9962,Android,4,Rafael,Carneiro,6/16/2023,Salvador,3400,
7075,HL4379,Televisão,2,Gabriela,Fernandes,3/13/2023,Salvador,2500,
7077,HL8851,Notebook,4,Bruna,Gomes,10/3/2023,Salvador,3500,
7086,HL8851,Notebook,2,Marcelo,Magalhíes,8/14/2023,Salvador,3500,
7100,HL1918,iPhone,1,Pedro,Costa,10/16/2023,Salvador,5300,
7104,HL8851,Notebook,2,Lázaro,Villanova,7/8/2023,Salvador,3500,
7128,HL4379,Televisão,5,Caroll,Johnson,5/25/2023,Salvador,2500,
7133,HL4379,Televisão,2,Gustavo,Guimaríes,6/7/2023,Salvador,2500,
7140,HL1148,Câmera,5,Matheus,Souza,2/14/2023,Salvador,2100,
7146,HL1918,iPhone,3,Ana,Soledade,3/26/2023,Salvador,5300,
7154,HL4379,Televisão,5,Izabel,Lopes,1/26/2023,Salvador,2500,
7166,HL8851,Notebook,1,Amanda,Machado,3/29/2023,Salvador,3500,
7167,HL4379,Televisão,3,Leonardo,Ferreira,6/21/2023,Salvador,2500,
7176,HL8851,Notebook,1,Gustavo,Junior,5/15/2023,Salvador,3500,
7182,HL4379,Televisão,4,Joío,Capitulo,4/13/2023,Salvador,2500,
7183,HL4379,Televisão,5,Ana,Michetti,7/10/2023,Salvador,2500,
7188,HL4379,Televisão,2,Juan,Barbosa,4/25/2023,Salvador,2500,
7200,HL8851,Notebook,3,Bruna,Silveira,11/9/2023,Salvador,3500,
7215,HL2714,Tablet,2,Patrí­cia,Amaral,11/3/2023,Salvador,1600,
7236,HL9962,Android,5,Fernanda,Coutinho,4/1/2023,Salvador,3400,
7243,HL1918,iPhone,1,Gabrielle,Costa,1/31/2023,Salvador,5300,
7248,HL7348,SmartWatch,1,Leandro,Ferreira,10/27/2023,Salvador,1400,
7275,HL4379,Televisão,3,Gabriella,Sagrillo,3/4/2023,Salvador,2500,
7290,HL1918,iPhone,2,Raí­ssa,Oros,12/7/2023,Salvador,5300,
7302,HL1148,Câmera,4,Iuri,Barbosa,7/13/2023,Salvador,2100,
7311,HL1148,Câmera,2,Bruna,Rosa,3/13/2023,Salvador,2100,
7318,HL8851,Notebook,2,Samara,Pinto,8/4/2023,Salvador,3500,
7327,HL4379,Televisão,5,Victor,Lira,12/12/2023,Salvador,2500,
7331,HL1918,iPhone,5,Yasmim,Verly,9/14/2023,Salvador,5300,
7334,HL1918,iPhone,3,Marina,Mesquita,10/10/2023,Salvador,5300,
7337,HL1918,iPhone,5,Bianca,Paz,10/3/2023,Salvador,5300,
7338,HL1918,iPhone,5,Danilo,Alves,11/2/2023,Salvador,5300,
7348,HL7348,SmartWatch,3,Natalia,Accioly,6/19/2023,Salvador,1400,
7352,HL7348,SmartWatch,2,Gabriella,Sagrillo,10/31/2023,Salvador,1400,
7355,HL7348,SmartWatch,3,Paola,Abreu,3/29/2023,Salvador,1400,
7361,HL2714,Tablet,5,Wellington,Duarte,5/3/2023,Salvador,1600,
7381,HL9962,Android,2,Anderson,Martins,8/10/2023,Salvador,3400,
7387,HL9962,Android,1,Carolina,Motta,10/1/2023,Salvador,3400,
7391,HL7348,SmartWatch,2,Stefan,Nunes,5/25/2023,Salvador,1400,
7398,HL7348,SmartWatch,2,Bruna,Silveira,11/22/2023,Salvador,1400,
7403,HL9962,Android,5,Dandara,Reis,8/20/2023,Salvador,3400,
7404,HL2714,Tablet,4,Felipe,Cavalcanti,7/27/2023,Salvador,1600,
7411,HL4379,Televisão,5,Isabelle,Gonçalves,9/13/2023,Salvador,2500,
7448,HL1148,Câmera,3,Raissa,Pinheiro,9/19/2023,Salvador,2100,
7458,HL9962,Android,1,Vitor,Campos,2/15/2023,Salvador,3400,
7466,HL7348,SmartWatch,1,Jonas,Gomes,5/24/2023,Salvador,1400,
7471,HL7348,SmartWatch,1,Juliana,Hollander,6/17/2023,Salvador,1400,
7472,HL4379,Televisão,4,Victor,Gomes,7/2/2023,Salvador,2500,
7487,HL1148,Câmera,3,Lunna,Vannier,8/28/2023,Salvador,2100,
7488,HL1918,iPhone,5,Gabriel,Pereira,11/17/2023,Salvador,5300,
7489,HL1918,iPhone,1,Juliana,Mesquita,4/9/2023,Salvador,5300,
7494,HL1148,Câmera,5,Debora,Silva,2/14/2023,Salvador,2100,
7506,HL4379,Televisão,5,Carolina,Siqueira,9/26/2023,Salvador,2500,
7526,HL4379,Televisão,1,Carla,Zakhm,2/17/2023,Salvador,2500,
7536,HL1148,Câmera,4,Aline,Mello,12/3/2023,Salvador,2100,
7544,HL4379,Televisão,4,Lázaro,Nascimento,12/16/2023,Salvador,2500,
7561,HL1918,iPhone,1,Rodrigo,Bruno,4/20/2023,Salvador,5300,
7572,HL4379,Televisão,2,Gabriella,Sagrillo,2/22/2023,Salvador,2500,
7579,HL1918,iPhone,1,Juliana,Souza,4/2/2023,Salvador,5300,
7580,HL4379,Televisão,5,Bernard,Pedrosa,9/24/2023,Salvador,2500,
7585,HL8851,Notebook,3,Jorge,Fonseca,12/30/2023,Salvador,3500,
7588,HL2714,Tablet,5,Andre,Nóbrega,9/4/2023,Salvador,1600,
7594,HL7348,SmartWatch,2,Pedro,Jorge,7/14/2023,Salvador,1400,
7596,HL9962,Android,2,Ana,Júnior,8/11/2023,Salvador,3400,
7600,HL1148,Câmera,2,Joío,Matheus,8/15/2023,Salvador,2100,
7611,HL4379,Televisão,2,Lucas,Araújo,9/20/2023,Salvador,2500,
7613,HL7348,SmartWatch,3,Bruna,Brandao,11/16/2023,Salvador,1400,
7622,HL9962,Android,5,Jessica,Ferreira,5/15/2023,Salvador,3400,
7629,HL1148,Câmera,3,Felipe,Freitas,6/22/2023,Salvador,2100,
7641,HL7348,SmartWatch,3,Nina,Magalhíes,4/21/2023,Salvador,1400,
7652,HL4379,Televisão,1,Felipe,Freitas,4/9/2023,Salvador,2500,
7657,HL1918,iPhone,4,Allan,Guedes,1/11/2023,Salvador,5300,
7658,HL2714,Tablet,5,Natalia,Guedes,4/16/2023,Salvador,1600,
7667,HL1918,iPhone,4,Wellington,Duarte,11/17/2023,Salvador,5300,
7674,HL1918,iPhone,4,Juliana,Guimaríes,1/12/2023,Salvador,5300,
7675,HL2714,Tablet,5,Giulia,Pessanha,3/28/2023,Salvador,1600,
7682,HL1918,iPhone,3,Pedro,Xavier,2/15/2023,Salvador,5300,
7684,HL8851,Notebook,1,Ana,Fioretti,8/21/2023,Salvador,3500,
7685,HL4379,Televisão,3,Bruna,Franco,10/12/2023,Salvador,2500,
7702,HL1918,iPhone,2,Platini,Heimlich,2/10/2023,Salvador,5300,
7706,HL1148,Câmera,3,Raul,Silveira,1/3/2023,Salvador,2100,
7723,HL1918,iPhone,2,Maria,Assumpçío,10/2/2023,Salvador,5300,
7729,HL2714,Tablet,2,Ana,Gonzaga,11/2/2023,Salvador,1600,
7737,HL7348,SmartWatch,3,Renan,Freire,8/16/2023,Salvador,1400,
7755,HL1148,Câmera,4,Carolina,Brum,10/29/2023,Salvador,2100,
7760,HL9962,Android,4,Luis,Souza,12/11/2023,Salvador,3400,
7778,HL8851,Notebook,1,Raphael,Kurtz,10/6/2023,Salvador,3500,
7781,HL4379,Televisão,5,Ylana,Teraoka,1/18/2023,Salvador,2500,
7784,HL7348,SmartWatch,4,Renan,Nascimento,1/2/2023,Salvador,1400,
7788,HL1918,iPhone,4,Beatriz,Perdomo,11/29/2023,Salvador,5300,
7795,HL1148,Câmera,1,Bianca,Allevato,3/18/2023,Salvador,2100,
7805,HL7348,SmartWatch,1,Julia,Leig,10/22/2023,Salvador,1400,
7808,HL4379,Televisão,1,Pedro,Dalforne,4/19/2023,Salvador,2500,
7823,HL4379,Televisão,2,Antonio,Manhíes,2/25/2023,Salvador,2500,
7830,HL1918,iPhone,2,Sthefeson,Kohn,8/9/2023,Salvador,5300,
7834,HL1148,Câmera,5,Thiago,Costa,12/16/2023,Salvador,2100,
7842,HL4379,Televisão,2,Alon,Palmeira,5/6/2023,Salvador,2500,
7857,HL1918,iPhone,5,Rojane,Lima,5/14/2023,Salvador,5300,
7866,HL1918,iPhone,3,Alessandra,Martins,10/11/2023,Salvador,5300,
7869,HL1918,iPhone,4,Glenda,Santos,10/28/2023,Salvador,5300,
7872,HL7348,SmartWatch,4,Leonardo,Ferreira,4/20/2023,Salvador,1400,
7876,HL8851,Notebook,5,Ana,Gonzaga,6/15/2023,Salvador,3500,
7878,HL4379,Televisão,4,Isabelle,Gonçalves,12/3/2023,Salvador,2500,
7884,HL8851,Notebook,5,Lara,Moreira,12/4/2023,Salvador,3500,
7893,HL2714,Tablet,5,Adriane,Chagas,9/18/2023,Salvador,1600,
7894,HL1918,iPhone,5,Matheus,Ramos,9/15/2023,Salvador,5300,
7897,HL4379,Televisão,2,Lucas,Araújo,11/13/2023,Salvador,2500,
7898,HL4379,Televisão,5,Fillipe,Almeida,6/24/2023,Salvador,2500,
7899,HL7348,SmartWatch,3,Ana,Almeida,5/14/2023,Salvador,1400,
7903,HL1918,iPhone,5,Myllena,Corríªa,8/12/2023,Salvador,5300,
7921,HL4379,Televisão,5,Victor,Lira,7/26/2023,Salvador,2500,
7925,HL1918,iPhone,5,Wen,Santos,12/18/2023,Salvador,5300,
7928,HL4379,Televisão,3,Matheus,Sapir,12/16/2023,Salvador,2500,
7948,HL8851,Notebook,5,Lucas,Lima,11/1/2023,Salvador,3500,
7949,HL1918,iPhone,4,Daniel,Nauenberg,8/23/2023,Salvador,5300,
7954,HL1918,iPhone,4,Wilson,Miranda,12/15/2023,Salvador,5300,
7965,HL8851,Notebook,3,Ana,Campos,6/6/2023,Salvador,3500,
7968,HL1918,iPhone,2,Raissa,Sales,3/27/2023,Salvador,5300,
7969,HL1148,Câmera,1,Carlos,Souza,2/27/2023,Salvador,2100,
7974,HL1918,iPhone,2,Matheus,Moraes,9/11/2023,Salvador,5300,
7985,HL8851,Notebook,4,Gabriela,Aliani,7/23/2023,Salvador,3500,
7987,HL1918,iPhone,4,Clarissa,Santos,10/10/2023,Salvador,5300,
7988,HL4379,Televisão,4,Carolina,Carneiro,7/10/2023,Salvador,2500,
7992,HL2714,Tablet,1,Vitor,Arruda,6/26/2023,Salvador,1600,
8006,HL8851,Notebook,2,Luiz,Limp,10/21/2023,Salvador,3500,
8013,HL1918,iPhone,3,Marina,Mesquita,2/15/2023,Salvador,5300,
8015,HL4379,Televisão,4,Raissa,Maia,1/8/2023,Salvador,2500,
8028,HL1918,iPhone,2,Raphael,Ferman,3/17/2023,Salvador,5300,
8042,HL1918,iPhone,4,Bruno,Velucci,6/3/2023,Salvador,5300,
8043,HL7348,SmartWatch,3,Renan,Cunha,5/1/2023,Salvador,1400,
8044,HL8851,Notebook,3,Caio,Fernandes,1/20/2023,Salvador,3500,
8054,HL2714,Tablet,1,Hércules,Júnior,3/18/2023,Salvador,1600,
8064,HL4379,Televisão,3,Roger,Rosa,12/9/2023,Salvador,2500,
8074,HL1148,Câmera,2,Priscila,Suzano,2/27/2023,Salvador,2100,
8078,HL8851,Notebook,2,Thales,Portillo,6/13/2023,Salvador,3500,
8090,HL1148,Câmera,1,Michelle,Figueiredo,5/23/2023,Salvador,2100,
8091,HL4379,Televisão,5,Luiza,Procaci,11/27/2023,Salvador,2500,
8093,HL1918,iPhone,4,Joao,Silva,4/15/2023,Salvador,5300,
8095,HL8851,Notebook,1,Lucas,Destri,8/4/2023,Salvador,3500,
8110,HL9962,Android,4,Manuela,Merege,12/15/2023,Salvador,3400,
8111,HL7348,SmartWatch,2,Juliana,Barreira,2/22/2023,Salvador,1400,
8115,HL1148,Câmera,2,Victor,Gomes,10/2/2023,Salvador,2100,
8124,HL1918,iPhone,5,Daniel,Araujo,3/4/2023,Salvador,5300,
8136,HL1918,iPhone,2,Vivianne,Rodrigues,10/9/2023,Salvador,5300,
8138,HL4379,Televisão,1,Marina,Miranda,8/11/2023,Salvador,2500,
8142,HL7348,SmartWatch,2,Thales,Fanara,11/7/2023,Salvador,1400,
8151,HL2714,Tablet,1,Isabel,Lacerda,6/10/2023,Salvador,1600,
8176,HL1148,Câmera,1,Caroline,Cavalcanti,10/30/2023,Salvador,2100,
8186,HL8851,Notebook,5,Luiza,Johnson,8/27/2023,Salvador,3500,
8189,HL1148,Câmera,5,Dandara,Reis,2/19/2023,Salvador,2100,
8197,HL1918,iPhone,2,Joío,Abraçado,6/6/2023,Salvador,5300,
8215,HL7348,SmartWatch,1,Caroline,Pinto,1/10/2023,Salvador,1400,
8226,HL2714,Tablet,1,Carlos,Galvío,6/16/2023,Salvador,1600,
8231,HL7348,SmartWatch,4,Michelle,Miura,2/20/2023,Salvador,1400,
8238,HL4379,Televisão,2,Eduardo,Pacheco,6/17/2023,Salvador,2500,
8277,HL9962,Android,4,Lucas,Cavalcanti,3/1/2023,Salvador,3400,
8286,HL1918,iPhone,4,Victoria,Mazza,11/5/2023,Salvador,5300,
8295,HL1918,iPhone,4,Bruna,Londero,8/18/2023,Salvador,5300,
8297,HL9962,Android,3,Camille,Silva,3/30/2023,Salvador,3400,
8301,HL1918,iPhone,4,Giselia,Thiele,2/9/2023,Salvador,5300,
8307,HL9962,Android,4,Rafaela,Gonçalves,2/10/2023,Salvador,3400,
8314,HL1918,iPhone,3,Natalia,Andrade,7/2/2023,Salvador,5300,
8315,HL9962,Android,3,Beatriz,Cavalcanti,6/29/2023,Salvador,3400,
8321,HL9962,Android,1,Lucas,Cavalcanti,6/29/2023,Salvador,3400,
8324,HL1918,iPhone,4,Bruna,Rosa,5/13/2023,Salvador,5300,
8328,HL1148,Câmera,2,Alon,Palmeira,4/24/2023,Salvador,2100,
8333,HL7348,SmartWatch,3,Felipe,Jorge,8/26/2023,Salvador,1400,
8337,HL9962,Android,3,Morgana,Correa,5/30/2023,Salvador,3400,
8340,HL1918,iPhone,2,Stephanie,Novak,6/19/2023,Salvador,5300,
8341,HL4379,Televisão,1,Julia,Leite,7/31/2023,Salvador,2500,
8343,HL2714,Tablet,2,Lucas,Rodrigues,6/2/2023,Salvador,1600,
8351,HL8851,Notebook,4,Danilo,Alves,4/16/2023,Salvador,3500,
8356,HL1918,iPhone,1,Deysiane,Medronho,4/24/2023,Salvador,5300,
8370,HL8851,Notebook,3,Gustavo,Accardo,3/17/2023,Salvador,3500,
8382,HL2714,Tablet,2,Jéssica,Teixeira,6/22/2023,Salvador,1600,
8393,HL7348,SmartWatch,1,Bruno,Mota,12/14/2023,Salvador,1400,
8398,HL1918,iPhone,2,Gustavo,Erthal,9/21/2023,Salvador,5300,
8400,HL9962,Android,3,Jonatas,Essaber,12/21/2023,Salvador,3400,
8426,HL4379,Televisão,1,Anna,Maia,11/27/2023,Salvador,2500,
8427,HL4379,Televisão,3,Henrique,Silva,2/25/2023,Salvador,2500,
8429,HL2714,Tablet,1,Raí­za,Lopes,11/22/2023,Salvador,1600,
8430,HL1148,Câmera,1,Daniel,Valente,7/2/2023,Salvador,2100,
8434,HL1918,iPhone,5,Thiago,Miura,5/4/2023,Salvador,5300,
8442,HL1918,iPhone,4,Lara,Moreira,11/30/2023,Salvador,5300,
8452,HL1918,iPhone,3,Wilson,Meirelles,9/21/2023,Salvador,5300,
8469,HL4379,Televisão,3,Thays,Castro,8/14/2023,Salvador,2500,
8489,HL1918,iPhone,4,Caio,Vianna,12/31/2023,Salvador,5300,
8493,HL9962,Android,2,Carolina,Brum,4/23/2023,Salvador,3400,
8501,HL4379,Televisão,3,Pedro,Cardoso,8/9/2023,Salvador,2500,
8519,HL1918,iPhone,5,Viviane,Souza,7/5/2023,Salvador,5300,
8520,HL2714,Tablet,3,Ana,Gomes,11/26/2023,Salvador,1600,
8523,HL9962,Android,1,Gabriella,Lopes,4/24/2023,Salvador,3400,
8529,HL1918,iPhone,3,Bernard,Pedrosa,6/2/2023,Salvador,5300,
8540,HL2714,Tablet,1,Matheus,Delgado,5/9/2023,Salvador,1600,
8541,HL1148,Câmera,5,Beatriz,Rodrigues,11/27/2023,Salvador,2100,
8559,HL1918,iPhone,1,Jessica,Ferreira,4/20/2023,Salvador,5300,
8568,HL1148,Câmera,3,Helena,Chafin,4/28/2023,Salvador,2100,
8588,HL8851,Notebook,3,Miguel,Carneiro,8/15/2023,Salvador,3500,
8596,HL9962,Android,1,Aní­zio,Carvalho,2/19/2023,Salvador,3400,
8604,HL1918,iPhone,1,Wen,Santos,6/1/2023,Salvador,5300,
8611,HL8851,Notebook,4,Daniel,Felippe,12/12/2023,Salvador,3500,
8623,HL1918,iPhone,5,Victor,Lira,6/6/2023,Salvador,5300,
8624,HL1918,iPhone,2,Alberto,Silveira,10/22/2023,Salvador,5300,
8625,HL1918,iPhone,5,Ana,Carvalho,2/13/2023,Salvador,5300,
8634,HL4379,Televisão,4,Gabriella,Sagrillo,3/11/2023,Salvador,2500,
8639,HL1918,iPhone,1,Rafael,Rocha,11/5/2023,Salvador,5300,
8640,HL1918,iPhone,2,Julia,Leig,3/30/2023,Salvador,5300,
8641,HL1918,iPhone,3,Gabriel,Brito,12/8/2023,Salvador,5300,
8642,HL8851,Notebook,4,Guilherme,Vianna,5/28/2023,Salvador,3500,
8645,HL1918,iPhone,1,Henrique,Villanova,9/16/2023,Salvador,5300,
8648,HL7348,SmartWatch,4,Mariana,Freire,11/7/2023,Salvador,1400,
8650,HL1918,iPhone,5,Vitor,Arruda,3/11/2023,Salvador,5300,
8660,HL2714,Tablet,2,Bernardo,Ribeiro,9/24/2023,Salvador,1600,
8666,HL8851,Notebook,2,Maria,Mello,11/6/2023,Salvador,3500,
8668,HL1918,iPhone,3,José,Fonseca,3/30/2023,Salvador,5300,
8670,HL7348,SmartWatch,2,Milena,Pereira,4/17/2023,Salvador,1400,
8671,HL4379,Televisão,3,Renan,Ventura,10/18/2023,Salvador,2500,
8674,HL4379,Televisão,4,Juliana,Mesquita,8/8/2023,Salvador,2500,
8675,HL4379,Televisão,2,Cláudio,Aragío,3/10/2023,Salvador,2500,
8683,HL9962,Android,3,Rafael,Wajnsztok,2/6/2023,Salvador,3400,
8685,HL9962,Android,3,Mariana,Baptista,8/8/2023,Salvador,3400,
8688,HL2714,Tablet,5,Lucas,Lima,8/24/2023,Salvador,1600,
8690,HL1918,iPhone,4,Erick,Soares,11/10/2023,Salvador,5300,
8693,HL7348,SmartWatch,5,Bianca,Piero,10/17/2023,Salvador,1400,
8694,HL1918,iPhone,4,Gustavo,Junior,12/6/2023,Salvador,5300,
8702,HL4379,Televisão,3,Paula,Cavalcanti,2/22/2023,Salvador,2500,
8711,HL2714,Tablet,1,Eduardo,Lopes,11/23/2023,Salvador,1600,
8717,HL7348,SmartWatch,4,Bernardo,Botelho,5/10/2023,Salvador,1400,
8720,HL8851,Notebook,3,Anna,Maia,11/30/2023,Salvador,3500,
8721,HL4379,Televisão,2,Beatriz,Rocha,5/24/2023,Salvador,2500,
8727,HL2714,Tablet,3,Victor,Oliveira,8/10/2023,Salvador,1600,
8738,HL9962,Android,4,Cí­cero,Ramos,11/2/2023,Salvador,3400,
8742,HL1918,iPhone,1,Larissa,Vasconcellos,11/14/2023,Salvador,5300,
8746,HL2714,Tablet,3,Isabelle,Gonçalves,6/30/2023,Salvador,1600,
8748,HL1918,iPhone,5,Ana,Gomes,1/24/2023,Salvador,5300,
8751,HL1918,iPhone,2,Pedro,Macckione,5/27/2023,Salvador,5300,
8756,HL4379,Televisão,5,Luiza,Marques,1/12/2023,Salvador,2500,
8758,HL1918,iPhone,4,Eric,Neves,6/20/2023,Salvador,5300,
8763,HL7348,SmartWatch,5,Gabriela,Aliani,4/23/2023,Salvador,1400,
8783,HL4379,Televisão,5,Thainá,Binello,6/20/2023,Salvador,2500,
8802,HL1148,Câmera,1,Thaí­s,Pereira,12/11/2023,Salvador,2100,
8810,HL1918,iPhone,5,Isabela,Resende,12/14/2023,Salvador,5300,
8827,HL8851,Notebook,2,Rogério,Gentile,8/8/2023,Salvador,3500,
8830,HL7348,SmartWatch,4,Stefan,Nunes,9/19/2023,Salvador,1400,
8834,HL8851,Notebook,2,Gabriel,Brito,1/3/2023,Salvador,3500,
8842,HL1918,iPhone,5,Luí­za,Garcia,6/26/2023,Salvador,5300,
8855,HL2714,Tablet,5,Igor,Lima,3/4/2023,Salvador,1600,
8866,HL4379,Televisão,4,Luana,Santos,12/15/2023,Salvador,2500,
8867,HL7348,SmartWatch,2,Tiago,Pereira,11/13/2023,Salvador,1400,
8870,HL7348,SmartWatch,1,Joío,Tabet,7/30/2023,Salvador,1400,
8872,HL9962,Android,3,Lucas,Fontoura,1/13/2023,Salvador,3400,
8893,HL8851,Notebook,2,Célio,Xavier,2/15/2023,Salvador,3500,
8898,HL7348,SmartWatch,5,Rodrigo,Bruno,7/8/2023,Salvador,1400,
8913,HL9962,Android,3,Paulo,Campos,1/28/2023,Salvador,3400,
8920,HL9962,Android,3,Ruan,Lopes,4/23/2023,Salvador,3400,
8927,HL1148,Câmera,4,Matheus,Santos,5/14/2023,Salvador,2100,
8931,HL1918,iPhone,2,Maria,Mello,2/25/2023,Salvador,5300,
8934,HL7348,SmartWatch,3,Felipe,Paulo,10/13/2023,Salvador,1400,
8937,HL4379,Televisão,5,Eduardo,Nunes,12/15/2023,Salvador,2500,
8944,HL4379,Televisão,4,Carlos,Galvío,8/19/2023,Salvador,2500,
8946,HL1918,iPhone,4,Natalia,Andrade,8/19/2023,Salvador,5300,
8947,HL8851,Notebook,1,Carolina,Silva,12/3/2023,Salvador,3500,
8967,HL1148,Câmera,2,Rebeca,Taylor,8/29/2023,Salvador,2100,
8969,HL1918,iPhone,5,Daniel,Nauenberg,5/28/2023,Salvador,5300,
8974,HL1918,iPhone,2,Thiago,Costa,6/7/2023,Salvador,5300,
8977,HL4379,Televisão,2,Rafael,Rocha,10/31/2023,Salvador,2500,
8981,HL1148,Câmera,2,Jonas,Gomes,3/16/2023,Salvador,2100,
8984,HL8851,Notebook,2,Isabella,Montanholi,5/2/2023,Salvador,3500,
8986,HL4379,Televisão,5,Bruna,Londero,7/18/2023,Salvador,2500,
9003,HL1918,iPhone,3,Diego,Marchesi,10/6/2023,Salvador,5300,
9008,HL1918,iPhone,1,Rachel,Restum,5/30/2023,Salvador,5300,
9013,HL9962,Android,2,Pedro,Oliveira,1/2/2023,Salvador,3400,
9015,HL9962,Android,2,Thomáz,Rodriguez,11/28/2023,Salvador,3400,
9017,HL1148,Câmera,1,Fernanda,Coutinho,2/14/2023,Salvador,2100,
9027,HL7348,SmartWatch,5,Thays,Castro,10/26/2023,Salvador,1400,
9036,HL1918,iPhone,1,Thayna,Martins,3/8/2023,Salvador,5300,
9044,HL4379,Televisão,3,Bruno,Mota,6/9/2023,Salvador,2500,
9045,HL7348,SmartWatch,3,Natali,Rangel,3/9/2023,Salvador,1400,
9062,HL8851,Notebook,2,Mariana,Baptista,7/6/2023,Salvador,3500,
9074,HL1148,Câmera,1,Juan,Fernandes,5/5/2023,Salvador,2100,
9093,HL9962,Android,2,Juliana,Silva,12/6/2023,Salvador,3400,
9116,HL2714,Tablet,4,Matheus,Gomes,8/6/2023,Salvador,1600,
9132,HL4379,Televisão,4,Jéssica,Netto,2/10/2023,Salvador,2500,
9149,HL7348,SmartWatch,5,Tiago,Pereira,11/1/2023,Salvador,1400,
9163,HL8851,Notebook,1,Lí­via,Marques,1/2/2023,Salvador,3500,
9169,HL4379,Televisão,4,Daniel,Terra,2/6/2023,Salvador,2500,
9173,HL7348,SmartWatch,5,Ana,Gomes,7/21/2023,Salvador,1400,
9188,HL9962,Android,5,Gabriel,Azevedo,10/27/2023,Salvador,3400,
9206,HL9962,Android,5,Lí­via,Tanaka,8/14/2023,Salvador,3400,
9225,HL7348,SmartWatch,3,Julia,Teixeira,6/5/2023,Salvador,1400,
9232,HL9962,Android,3,Thomáz,Vannier,4/9/2023,Salvador,3400,
9239,HL1918,iPhone,2,Caio,Vianna,3/15/2023,Salvador,5300,
9253,HL1918,iPhone,1,Lorena,Kohn,4/28/2023,Salvador,5300,
9263,HL1918,iPhone,1,Lucas,Baptista,7/6/2023,Salvador,5300,
9273,HL1918,iPhone,1,Bruna,Londero,7/1/2023,Salvador,5300,
9274,HL4379,Televisão,5,Thais,Rodrigues,8/7/2023,Salvador,2500,
9279,HL4379,Televisão,2,Andreza,Ramos,5/11/2023,Salvador,2500,
9280,HL1918,iPhone,5,Guilherme,Seixas,1/8/2023,Salvador,5300,
9283,HL4379,Televisão,5,Guilherme,Vianna,4/1/2023,Salvador,2500,
9289,HL1148,Câmera,5,Ulisses,Filho,10/4/2023,Salvador,2100,
9294,HL1148,Câmera,5,Lucas,Rodrigues,5/27/2023,Salvador,2100,
9300,HL1918,iPhone,5,Carolina,Figueiredo,1/13/2023,Salvador,5300,
9305,HL1918,iPhone,2,Joana,Calmon,9/29/2023,Salvador,5300,
9314,HL8851,Notebook,5,Luiza,Marques,7/6/2023,Salvador,3500,
9317,HL4379,Televisão,2,Leandro,Ferreira,4/21/2023,Salvador,2500,
9321,HL1918,iPhone,5,Matheus,Miranda,10/2/2023,Salvador,5300,
9323,HL1918,iPhone,4,Gabriel,Almeida,12/23/2023,Salvador,5300,
9325,HL4379,Televisão,3,José,Marques,11/13/2023,Salvador,2500,
9326,HL7348,SmartWatch,4,Sandy,Figueiredo,9/18/2023,Salvador,1400,
9329,HL4379,Televisão,1,Platini,Heimlich,7/5/2023,Salvador,2500,
9333,HL1918,iPhone,3,Renan,Nascimento,6/25/2023,Salvador,5300,
9344,HL4379,Televisão,5,Roger,Rosa,6/7/2023,Salvador,2500,
9347,HL7348,SmartWatch,3,Lí­via,Tanaka,12/23/2023,Salvador,1400,
9356,HL4379,Televisão,3,Thiago,Veloso,5/20/2023,Salvador,2500,
9382,HL7348,SmartWatch,1,Wen,Santos,3/8/2023,Salvador,1400,
9387,HL1918,iPhone,4,Raí­za,Lopes,5/14/2023,Salvador,5300,
9434,HL1918,iPhone,1,José,Marques,9/13/2023,Salvador,5300,
9442,HL1918,iPhone,2,Victor,Oliveira,4/2/2023,Salvador,5300,
9444,HL7348,SmartWatch,5,Felipe,Mendonça,10/31/2023,Salvador,1400,
9452,HL4379,Televisão,3,Rafaela,Ferreira,1/17/2023,Salvador,2500,
9460,HL1918,iPhone,1,Diego,Rodrigues,2/16/2023,Salvador,5300,
9468,HL1918,iPhone,5,Larissa,Jesus,11/25/2023,Salvador,5300,
9477,HL1918,iPhone,1,Hércules,Júnior,8/10/2023,Salvador,5300,
9479,HL1918,iPhone,1,Caio,Moraes,10/6/2023,Salvador,5300,
9486,HL9962,Android,3,Matheus,Silva,5/31/2023,Salvador,3400,
9508,HL7348,SmartWatch,4,Luiz,Limp,2/17/2023,Salvador,1400,
9509,HL7348,SmartWatch,3,Carolina,Costa,3/6/2023,Salvador,1400,
9515,HL8851,Notebook,1,Ulisses,Quinto,11/8/2023,Salvador,3500,
9529,HL1918,iPhone,1,Daniel,Nauenberg,11/14/2023,Salvador,5300,
9535,HL7348,SmartWatch,1,Carlos,Mesquita,7/12/2023,Salvador,1400,
9541,HL4379,Televisão,2,Giselia,Thiele,7/29/2023,Salvador,2500,
9549,HL4379,Televisão,1,Ana,Felippe,2/9/2023,Salvador,2500,
9558,HL1918,iPhone,4,Bruno,Mota,3/31/2023,Salvador,5300,
9563,HL4379,Televisão,5,Eduardo,Ferreira,4/24/2023,Salvador,2500,
9566,HL1148,Câmera,3,Joío,Matheus,11/5/2023,Salvador,2100,
9572,HL1148,Câmera,3,Glenda,Santos,3/17/2023,Salvador,2100,
9597,HL1148,Câmera,1,Beatriz,Rodrigues,10/29/2023,Salvador,2100,
9600,HL4379,Televisão,1,Clarissa,Santos,3/21/2023,Salvador,2500,
9602,HL7348,SmartWatch,5,Marina,Marins,4/25/2023,Salvador,1400,
9603,HL4379,Televisão,1,Stefan,Nunes,1/18/2023,Salvador,2500,
9605,HL8851,Notebook,5,Tadeu,Sousa,6/29/2023,Salvador,3500,
9616,HL1918,iPhone,5,Bruno,Silva,2/17/2023,Salvador,5300,
9621,HL1148,Câmera,4,Thaí­s,Ribeiro,10/21/2023,Salvador,2100,
9630,HL8851,Notebook,3,Raphael,Rezende,10/11/2023,Salvador,3500,
9651,HL8851,Notebook,4,Breno,Godoy,1/23/2023,Salvador,3500,
9677,HL4379,Televisão,2,Thiago,Nóbrega,5/25/2023,Salvador,2500,
9681,HL4379,Televisão,3,Larissa,Nauenberg,4/16/2023,Salvador,2500,
9682,HL1918,iPhone,1,Mariana,Miranda,1/21/2023,Salvador,5300,
9684,HL9962,Android,1,Raphael,Mattos,9/19/2023,Salvador,3400,
9689,HL1918,iPhone,2,Letí­cia,Leal,12/24/2023,Salvador,5300,
9692,HL1148,Câmera,2,Gabriel,Thome,4/7/2023,Salvador,2100,
9721,HL9962,Android,2,Igor,Azevedo,7/23/2023,Salvador,3400,
9726,HL4379,Televisão,4,Larissa,Cruz,7/28/2023,Salvador,2500,
9735,HL4379,Televisão,3,Mariana,Baptista,12/14/2023,Salvador,2500,
9743,HL4379,Televisão,4,Julie,Ferreira,1/21/2023,Salvador,2500,
9748,HL8851,Notebook,3,Lucas,Coelho,10/31/2023,Salvador,3500,
9754,HL2714,Tablet,1,Vanessa,Neves,4/27/2023,Salvador,1600,
9760,HL2714,Tablet,2,Luis,Souza,1/16/2023,Salvador,1600,
9761,HL4379,Televisão,3,Sandy,Moreira,5/22/2023,Salvador,2500,
9762,HL4379,Televisão,5,Rilson,Dias,8/22/2023,Salvador,2500,
9771,HL4379,Televisão,3,Júlia,Almeida,7/6/2023,Salvador,2500,
9776,HL7348,SmartWatch,3,Katharina,Barros,1/18/2023,Salvador,1400,
9791,HL8851,Notebook,3,Kimberly,Sad,11/4/2023,Salvador,3500,
9792,HL1918,iPhone,4,Juliana,Barreira,7/25/2023,Salvador,5300,
9796,HL1918,iPhone,4,Lucas,Valim,7/24/2023,Salvador,5300,
9798,HL1918,iPhone,1,Rodrigo,Silva,11/1/2023,Salvador,5300,
9800,HL8851,Notebook,3,Thales,Gouvíªa,9/5/2023,Salvador,3500,
9807,HL1918,iPhone,4,Joao,Pereira,12/30/2023,Salvador,5300,
9815,HL4379,Televisão,5,Adriana,Passos,1/30/2023,Salvador,2500,
9826,HL1148,Câmera,5,Luis,Garcia,3/17/2023,Salvador,2100,
9837,HL1918,iPhone,2,Alvaro,Kranz,1/14/2023,Salvador,5300,
9842,HL1148,Câmera,5,Bruno,Ferreira,12/17/2023,Salvador,2100,
9862,HL9962,Android,1,Helena,Chafin,9/27/2023,Salvador,3400,
9863,HL4379,Televisão,2,Eric,Neves,8/31/2023,Salvador,2500,
9879,HL1918,iPhone,5,Marcelo,Magalhíes,2/27/2023,Salvador,5300,
9882,HL9962,Android,4,Lucas,Freitas,9/19/2023,Salvador,3400,
9885,HL4379,Televisão,5,Rodrigo,Mendes,7/6/2023,Salvador,2500,
9897,HL7348,SmartWatch,5,Maike,Pereira,4/26/2023,Salvador,1400,
9898,HL1148,Câmera,5,Lucas,Wanderley,9/3/2023,Salvador,2100,
9908,HL2714,Tablet,3,Leandro,Ferreira,3/17/2023,Salvador,1600,
9919,HL4379,Televisão,5,Miguel,Carneiro,2/19/2023,Salvador,2500,
9924,HL2714,Tablet,1,Lorena,Carvalho,5/8/2023,Salvador,1600,
9933,HL1918,iPhone,3,Lucas,Monte,9/13/2023,Salvador,5300,
9936,HL1918,iPhone,4,Rojane,Lima,1/6/2023,Salvador,5300,
9939,HL7348,SmartWatch,1,Caroline,Cavalcanti,2/5/2023,Salvador,1400,
9950,HL1148,Câmera,4,Antonio,Bernhardt,10/27/2023,Salvador,2100,
9954,HL4379,Televisão,3,Alon,Palmeira,5/13/2023,Salvador,2500,
9962,HL7348,SmartWatch,1,Eduardo,Nunes,7/26/2023,Salvador,1400,
9964,HL2714,Tablet,1,Caroline,Delgado,3/30/2023,Salvador,1600,
9965,HL1148,Câmera,4,Samara,Pinto,3/11/2023,Salvador,2100,
9970,HL9962,Android,1,Fernanda,Junior,9/12/2023,Salvador,3400,
9972,HL1918,iPhone,4,Helena,Chafin,8/10/2023,Salvador,5300,
9988,HL1918,iPhone,1,Aline,Morais,5/23/2023,Salvador,5300,
9990,HL8851,Notebook,2,Raí­ssa,Oros,5/20/2023,Salvador,3500,
