﻿,SKU,Produto,Quantidade,Primeiro Nome,Sobrenome,Data,Loja,Valor Unitário,Unnamed: 8
0,HL4379,Televisão,5,Gabriel,Thoni,6/30/2023,Curitiba,2500,
7,HL2714,Tablet,2,Thays,Castro,3/7/2023,Curitiba,1600,
22,HL1918,iPhone,3,Lucas,Rodrigues,10/8/2023,Curitiba,5300,
28,HL1918,iPhone,3,Gabriel,Silva,8/21/2023,Curitiba,5300,
59,HL4379,Televisão,3,Pedro,Conceiçío,5/16/2023,Curitiba,2500,
61,HL2714,Tablet,3,Sandy,Ribeiro,5/4/2023,Curitiba,1600,
64,HL7348,SmartWatch,4,Isabela,Teixeira,8/31/2023,Curitiba,1400,
66,HL1918,iPhone,3,Carolina,Costa,3/28/2023,Curitiba,5300,
79,HL8851,Notebook,2,Victor,Gomes,3/23/2023,Curitiba,3500,
83,HL4379,Televisão,3,Joío,Alves,5/7/2023,Curitiba,2500,
85,HL9962,Android,5,Thales,Fanara,4/14/2023,Curitiba,3400,
89,HL4379,Televisão,3,Jonatas,Essaber,2/3/2023,Curitiba,2500,
109,HL1918,iPhone,3,Beatriz,Cavalcanti,10/30/2023,Curitiba,5300,
114,HL1918,iPhone,4,Bianca,Ferezin,6/2/2023,Curitiba,5300,
122,HL1148,Câmera,2,Laura,Araujo,12/18/2023,Curitiba,2100,
140,HL4379,Televisão,3,Bernardo,Souza,9/23/2023,Curitiba,2500,
151,HL7348,SmartWatch,1,Joío,Capitulo,2/26/2023,Curitiba,1400,
194,HL8851,Notebook,3,Renan,Melo,12/2/2023,Curitiba,3500,
224,HL4379,Televisão,5,Sthefeson,Pereira,3/30/2023,Curitiba,2500,
225,HL7348,SmartWatch,1,Guilherme,Lima,7/16/2023,Curitiba,1400,
226,HL1918,iPhone,4,Eduardo,Pacheco,12/28/2023,Curitiba,5300,
235,HL1918,iPhone,1,Anna,Silva,7/20/2023,Curitiba,5300,
240,HL7348,SmartWatch,4,Giuseppe,Borges,7/11/2023,Curitiba,1400,
250,HL1918,iPhone,4,Victor,Oliveira,1/30/2023,Curitiba,5300,
251,HL2714,Tablet,3,Joío,Menezes,8/3/2023,Curitiba,1600,
263,HL4379,Televisão,5,Carlos,Melo,8/5/2023,Curitiba,2500,
266,HL1918,iPhone,5,Roberto,Mattos,2/8/2023,Curitiba,5300,
277,HL7348,SmartWatch,4,Matheus,Gomes,6/26/2023,Curitiba,1400,
302,HL8851,Notebook,5,Clara,Silveira,5/15/2023,Curitiba,3500,
322,HL1148,Câmera,5,Antonio,Bernhardt,1/17/2023,Curitiba,2100,
326,HL9962,Android,2,Jonatas,Passos,9/18/2023,Curitiba,3400,
354,HL1918,iPhone,1,Bruno,Ursulino,9/11/2023,Curitiba,5300,
361,HL8851,Notebook,2,Alon,Guedes,2/25/2023,Curitiba,3500,
365,HL2714,Tablet,3,Victor,Lira,5/16/2023,Curitiba,1600,
373,HL1148,Câmera,5,Beatriz,Rocha,12/28/2023,Curitiba,2100,
413,HL8851,Notebook,5,Luí­za,Goulart,3/1/2023,Curitiba,3500,
415,HL2714,Tablet,2,Carolina,Alfradique,6/9/2023,Curitiba,1600,
436,HL8851,Notebook,4,Lucas,Monte,9/27/2023,Curitiba,3500,
440,HL1918,iPhone,5,Marcos,Nucci,5/11/2023,Curitiba,5300,
444,HL8851,Notebook,5,Alvaro,Kranz,7/21/2023,Curitiba,3500,
466,HL1918,iPhone,4,Isabella,Santos,9/28/2023,Curitiba,5300,
468,HL1918,iPhone,4,Vanessa,Neves,8/28/2023,Curitiba,5300,
481,HL4379,Televisão,5,Ruan,Gonçalves,3/5/2023,Curitiba,2500,
493,HL1918,iPhone,4,Paulo,Campos,10/6/2023,Curitiba,5300,
513,HL4379,Televisão,1,Ana,Felippe,11/18/2023,Curitiba,2500,
536,HL7348,SmartWatch,4,Sthefeson,Barroso,7/21/2023,Curitiba,1400,
545,HL1918,iPhone,3,Rachel,Silva,8/28/2023,Curitiba,5300,
553,HL8851,Notebook,4,Mariana,Freire,8/29/2023,Curitiba,3500,
582,HL1918,iPhone,2,Mayara,Soares,5/3/2023,Curitiba,5300,
594,HL4379,Televisão,1,Bianca,Paz,12/16/2023,Curitiba,2500,
607,HL2714,Tablet,4,Mariana,Miranda,9/13/2023,Curitiba,1600,
612,HL1148,Câmera,3,Joío,Abraçado,5/27/2023,Curitiba,2100,
624,HL4379,Televisão,3,Matheus,Delgado,10/16/2023,Curitiba,2500,
633,HL4379,Televisão,5,Carlos,Silva,2/17/2023,Curitiba,2500,
634,HL2714,Tablet,5,Clara,Bruno,12/16/2023,Curitiba,1600,
652,HL1918,iPhone,3,Caroline,Aquino,6/17/2023,Curitiba,5300,
663,HL1918,iPhone,1,Karine,Barros,6/24/2023,Curitiba,5300,
666,HL4379,Televisão,4,Maurí­cio,Dias,11/14/2023,Curitiba,2500,
700,HL8851,Notebook,1,Jéssica,Teixeira,12/26/2023,Curitiba,3500,
744,HL1918,iPhone,3,Pedro,Sena,1/27/2023,Curitiba,5300,
758,HL4379,Televisão,1,Alexandre,Rodriguez,6/30/2023,Curitiba,2500,
764,HL2714,Tablet,4,Anna,Silva,1/18/2023,Curitiba,1600,
765,HL1148,Câmera,5,Bernardo,Botelho,7/19/2023,Curitiba,2100,
767,HL9962,Android,5,Filipe,Barros,4/28/2023,Curitiba,3400,
799,HL4379,Televisão,3,Carlos,Assis,3/16/2023,Curitiba,2500,
821,HL4379,Televisão,2,Renan,Nascimento,3/22/2023,Curitiba,2500,
832,HL1148,Câmera,4,Ana,Gomes,7/31/2023,Curitiba,2100,
836,HL1148,Câmera,3,Adrielle,Vieira,11/3/2023,Curitiba,2100,
839,HL8851,Notebook,1,Deysiane,Medronho,6/25/2023,Curitiba,3500,
843,HL1148,Câmera,1,Jeferson,Costa,12/14/2023,Curitiba,2100,
849,HL1918,iPhone,5,Willian,Albino,8/2/2023,Curitiba,5300,
851,HL4379,Televisão,2,Luis,Silva,4/18/2023,Curitiba,2500,
859,HL4379,Televisão,4,Matheus,Tostes,7/20/2023,Curitiba,2500,
863,HL1918,iPhone,1,Gustavo,Aragío,11/13/2023,Curitiba,5300,
866,HL9962,Android,3,Ana,Carvalho,12/31/2023,Curitiba,3400,
870,HL1148,Câmera,1,Wen,Braga,10/5/2023,Curitiba,2100,
895,HL4379,Televisão,2,Luí­sa,Fonseca,6/9/2023,Curitiba,2500,
901,HL1148,Câmera,4,Amanda,Machado,9/2/2023,Curitiba,2100,
911,HL1918,iPhone,3,Carlos,Souza,2/13/2023,Curitiba,5300,
928,HL1918,iPhone,4,Joío,Alves,1/5/2023,Curitiba,5300,
940,HL2714,Tablet,1,Joío,Matheus,7/27/2023,Curitiba,1600,
969,HL1918,iPhone,1,Izabel,Lopes,3/10/2023,Curitiba,5300,
972,HL8851,Notebook,3,Bernardo,Botelho,12/24/2023,Curitiba,3500,
982,HL8851,Notebook,5,Hiaiune,Valim,9/20/2023,Curitiba,3500,
993,HL1918,iPhone,4,Daniela,Rosa,5/1/2023,Curitiba,5300,
995,HL2714,Tablet,3,Ana,Felippe,9/27/2023,Curitiba,1600,
999,HL8851,Notebook,5,Raissa,Maia,3/20/2023,Curitiba,3500,
1002,HL2714,Tablet,4,Adrielle,Vieira,12/26/2023,Curitiba,1600,
1017,HL4379,Televisão,1,Sandy,Moreira,10/16/2023,Curitiba,2500,
1020,HL4379,Televisão,2,Fernanda,Rubim,9/29/2023,Curitiba,2500,
1021,HL1148,Câmera,1,Matheus,Moraes,12/20/2023,Curitiba,2100,
1031,HL9962,Android,2,Thomaz,Ferreira,12/18/2023,Curitiba,3400,
1042,HL4379,Televisão,1,Ravena,Bhering,9/29/2023,Curitiba,2500,
1072,HL9962,Android,3,Alex,Fernandes,6/20/2023,Curitiba,3400,
1080,HL1918,iPhone,4,Carolina,Siqueira,10/25/2023,Curitiba,5300,
1093,HL1148,Câmera,3,Stephanie,Novak,12/11/2023,Curitiba,2100,
1095,HL1148,Câmera,2,Paula,Isbelle,12/27/2023,Curitiba,2100,
1097,HL4379,Televisão,1,Juliana,Huon,1/3/2023,Curitiba,2500,
1101,HL2714,Tablet,1,Alex,Fernandes,3/9/2023,Curitiba,1600,
1105,HL1918,iPhone,3,Izabel,Lopes,2/26/2023,Curitiba,5300,
1109,HL4379,Televisão,4,Maria,Moita,2/13/2023,Curitiba,2500,
1113,HL1918,iPhone,4,Joío,Siqueira,5/10/2023,Curitiba,5300,
1131,HL1918,iPhone,5,Pedro,Ayres,12/16/2023,Curitiba,5300,
1158,HL1918,iPhone,5,Catarina,Teixeira,7/19/2023,Curitiba,5300,
1184,HL2714,Tablet,1,Thomáz,Bí´as,7/31/2023,Curitiba,1600,
1195,HL8851,Notebook,2,Anna,Maia,12/4/2023,Curitiba,3500,
1215,HL4379,Televisão,5,Erick,Soares,3/15/2023,Curitiba,2500,
1250,HL7348,SmartWatch,1,Roberto,Nogueira,4/24/2023,Curitiba,1400,
1254,HL2714,Tablet,4,Giselia,Thiele,9/28/2023,Curitiba,1600,
1255,HL1918,iPhone,4,Luiz,Mendonça,5/3/2023,Curitiba,5300,
1260,HL7348,SmartWatch,1,Sylvio,Bernhardt,1/8/2023,Curitiba,1400,
1268,HL1918,iPhone,3,Vivianne,Rodrigues,7/3/2023,Curitiba,5300,
1275,HL2714,Tablet,1,Matheus,Moraes,5/14/2023,Curitiba,1600,
1279,HL9962,Android,2,Mateus,Maia,6/17/2023,Curitiba,3400,
1285,HL8851,Notebook,2,Ananda,Dias,3/19/2023,Curitiba,3500,
1295,HL1148,Câmera,1,Isabella,Rodrigues,6/14/2023,Curitiba,2100,
1310,HL4379,Televisão,4,Larissa,Florim,9/21/2023,Curitiba,2500,
1313,HL4379,Televisão,5,Andressa,Chou,8/31/2023,Curitiba,2500,
1318,HL1148,Câmera,3,Joío,Araujo,2/5/2023,Curitiba,2100,
1327,HL7348,SmartWatch,2,Renan,Nascimento,5/2/2023,Curitiba,1400,
1330,HL1918,iPhone,4,Juliana,Silva,1/26/2023,Curitiba,5300,
1364,HL9962,Android,2,Caroline,Cavalcanti,4/15/2023,Curitiba,3400,
1366,HL4379,Televisão,5,Isabelle,Firmino,3/10/2023,Curitiba,2500,
1393,HL1148,Câmera,1,Jonatas,Passos,7/25/2023,Curitiba,2100,
1402,HL1918,iPhone,4,Wellington,Duarte,12/2/2023,Curitiba,5300,
1410,HL4379,Televisão,2,Allan,Guedes,8/18/2023,Curitiba,2500,
1446,HL7348,SmartWatch,5,Gustavo,Aragío,12/31/2023,Curitiba,1400,
1452,HL1918,iPhone,4,Rafael,Carneiro,5/8/2023,Curitiba,5300,
1457,HL8851,Notebook,3,Lucas,Valim,10/18/2023,Curitiba,3500,
1460,HL9962,Android,5,Joyce,Medina,4/21/2023,Curitiba,3400,
1462,HL1918,iPhone,1,Renan,Freire,2/7/2023,Curitiba,5300,
1518,HL9962,Android,1,Dykson,Silva,8/31/2023,Curitiba,3400,
1521,HL8851,Notebook,4,Marcelo,Rosa,12/23/2023,Curitiba,3500,
1534,HL4379,Televisão,4,Breno,Quinto,12/1/2023,Curitiba,2500,
1545,HL4379,Televisão,5,Pedro,Conceiçío,10/19/2023,Curitiba,2500,
1553,HL4379,Televisão,2,Danilo,Mendonça,3/23/2023,Curitiba,2500,
1555,HL8851,Notebook,3,Thomáz,Bí´as,6/19/2023,Curitiba,3500,
1571,HL8851,Notebook,2,Diogo,Peixoto,10/12/2023,Curitiba,3500,
1573,HL1918,iPhone,2,Raul,Junqueira,10/27/2023,Curitiba,5300,
1577,HL9962,Android,1,Raphael,Kurtz,8/19/2023,Curitiba,3400,
1587,HL1918,iPhone,3,Luana,Santana,6/3/2023,Curitiba,5300,
1593,HL1918,iPhone,1,Thaí­s,Pereira,5/28/2023,Curitiba,5300,
1650,HL1918,iPhone,4,Gabriel,Puntel,1/17/2023,Curitiba,5300,
1656,HL8851,Notebook,5,Rafael,Rocha,10/22/2023,Curitiba,3500,
1661,HL8851,Notebook,4,Cí­cero,Ramos,8/7/2023,Curitiba,3500,
1679,HL2714,Tablet,2,Lucas,Monte,6/27/2023,Curitiba,1600,
1691,HL2714,Tablet,4,Lara,Moreira,7/7/2023,Curitiba,1600,
1694,HL1918,iPhone,5,Bárbara,Lima,11/14/2023,Curitiba,5300,
1775,HL1918,iPhone,1,Viviane,Cunha,3/8/2023,Curitiba,5300,
1795,HL1918,iPhone,4,Rafaela,Gomes,12/11/2023,Curitiba,5300,
1825,HL2714,Tablet,1,Rilson,Dias,3/31/2023,Curitiba,1600,
1837,HL7348,SmartWatch,3,Gabriel,Silva,12/23/2023,Curitiba,1400,
1840,HL9962,Android,5,Marcelo,Pereira,10/25/2023,Curitiba,3400,
1851,HL9962,Android,3,Rafaela,Ferreira,3/7/2023,Curitiba,3400,
1863,HL1918,iPhone,3,Anderson,Martins,5/29/2023,Curitiba,5300,
1869,HL1918,iPhone,2,Mariana,Sousa,7/3/2023,Curitiba,5300,
1885,HL4379,Televisão,3,Larissa,Jesus,3/8/2023,Curitiba,2500,
1897,HL1918,iPhone,2,Renan,Melo,6/23/2023,Curitiba,5300,
1921,HL8851,Notebook,5,Larissa,Jesus,10/12/2023,Curitiba,3500,
1926,HL4379,Televisão,2,Lucas,Lima,11/2/2023,Curitiba,2500,
1947,HL4379,Televisão,3,Glenda,Santos,9/3/2023,Curitiba,2500,
1958,HL7348,SmartWatch,2,Rafaella,Mello,5/20/2023,Curitiba,1400,
1985,HL1148,Câmera,2,Caroll,Johnson,9/8/2023,Curitiba,2100,
2004,HL1148,Câmera,1,Pedro,Oliveira,1/17/2023,Curitiba,2100,
2024,HL8851,Notebook,5,Caio,Moraes,3/25/2023,Curitiba,3500,
2029,HL1148,Câmera,4,Carlos,Galvío,12/21/2023,Curitiba,2100,
2046,HL1918,iPhone,4,José,Carvalho,9/15/2023,Curitiba,5300,
2050,HL8851,Notebook,4,Lucas,Destri,9/10/2023,Curitiba,3500,
2056,HL8851,Notebook,1,Caio,Moura,12/12/2023,Curitiba,3500,
2058,HL1918,iPhone,3,Lucas,Freitas,4/19/2023,Curitiba,5300,
2060,HL4379,Televisão,1,Raphael,Guedes,10/23/2023,Curitiba,2500,
2084,HL9962,Android,5,Luiza,Cabral,3/4/2023,Curitiba,3400,
2093,HL9962,Android,1,Rodrigo,Silva,10/7/2023,Curitiba,3400,
2096,HL1918,iPhone,5,Roberta,Pimenta,3/21/2023,Curitiba,5300,
2133,HL1918,iPhone,1,Sthefeson,Barroso,8/12/2023,Curitiba,5300,
2137,HL4379,Televisão,4,Danilo,Mendonça,2/3/2023,Curitiba,2500,
2138,HL4379,Televisão,3,Carolina,Alfradique,1/10/2023,Curitiba,2500,
2139,HL7348,SmartWatch,3,Victor,Zakhm,11/13/2023,Curitiba,1400,
2150,HL8851,Notebook,2,Sarah,Souza,1/21/2023,Curitiba,3500,
2168,HL8851,Notebook,3,Carlos,Assis,8/5/2023,Curitiba,3500,
2236,HL9962,Android,1,Eduardo,Vargas,7/29/2023,Curitiba,3400,
2241,HL7348,SmartWatch,3,Gabriel,Thoni,2/24/2023,Curitiba,1400,
2249,HL8851,Notebook,5,Alexandre,Dantas,6/7/2023,Curitiba,3500,
2250,HL1148,Câmera,1,Hygor,Essaber,1/26/2023,Curitiba,2100,
2274,HL7348,SmartWatch,2,Lucas,Machado,7/30/2023,Curitiba,1400,
2289,HL4379,Televisão,3,Diego,Rodrigues,8/9/2023,Curitiba,2500,
2296,HL4379,Televisão,5,Jessica,Cordovil,12/7/2023,Curitiba,2500,
2300,HL1918,iPhone,4,Caio,Fernandes,12/2/2023,Curitiba,5300,
2304,HL9962,Android,2,Joío,Capitulo,6/21/2023,Curitiba,3400,
2317,HL2714,Tablet,2,Isabela,Resende,2/16/2023,Curitiba,1600,
2329,HL1918,iPhone,3,Carolina,Abrahío,10/25/2023,Curitiba,5300,
2360,HL4379,Televisão,3,Gabriel,Azevedo,5/1/2023,Curitiba,2500,
2361,HL1918,iPhone,2,Caio,Cardoso,10/3/2023,Curitiba,5300,
2364,HL1918,iPhone,2,Miguel,Carneiro,11/7/2023,Curitiba,5300,
2371,HL8851,Notebook,1,Raissa,Pinheiro,6/12/2023,Curitiba,3500,
2387,HL1918,iPhone,4,Nicolas,Monteiro,3/1/2023,Curitiba,5300,
2403,HL9962,Android,4,Gabriel,Soares,4/11/2023,Curitiba,3400,
2425,HL1918,iPhone,3,Pedro,Pereira,11/11/2023,Curitiba,5300,
2427,HL7348,SmartWatch,1,Bianca,Ferezin,12/24/2023,Curitiba,1400,
2434,HL9962,Android,3,Camilla,Guimaríes,11/5/2023,Curitiba,3400,
2437,HL2714,Tablet,5,Lucas,Rodrigues,5/23/2023,Curitiba,1600,
2440,HL8851,Notebook,4,Rafaella,Mello,1/12/2023,Curitiba,3500,
2467,HL1148,Câmera,2,Vanessa,Bach,4/14/2023,Curitiba,2100,
2475,HL2714,Tablet,5,Breno,Farias,5/29/2023,Curitiba,1600,
2492,HL9962,Android,5,Caroline,Pinto,9/4/2023,Curitiba,3400,
2503,HL7348,SmartWatch,3,Victor,Franco,1/25/2023,Curitiba,1400,
2510,HL1918,iPhone,2,Jeferson,Sone,10/16/2023,Curitiba,5300,
2512,HL1918,iPhone,4,Kim,Ferreira,4/18/2023,Curitiba,5300,
2514,HL1918,iPhone,5,Débora,Lopes,6/17/2023,Curitiba,5300,
2527,HL4379,Televisão,3,Izabel,Lopes,5/18/2023,Curitiba,2500,
2536,HL1918,iPhone,5,Diego,Rodrigues,3/18/2023,Curitiba,5300,
2544,HL1148,Câmera,5,Cí­cero,Lima,5/5/2023,Curitiba,2100,
2549,HL2714,Tablet,4,Philipe,Morete,8/19/2023,Curitiba,1600,
2552,HL2714,Tablet,3,Izabel,Miura,8/30/2023,Curitiba,1600,
2594,HL1148,Câmera,1,Cézar,Santos,6/5/2023,Curitiba,2100,
2597,HL8851,Notebook,2,Luis,Souza,5/26/2023,Curitiba,3500,
2606,HL4379,Televisão,4,Adrielle,Forte,2/9/2023,Curitiba,2500,
2608,HL1148,Câmera,4,Célio,Xavier,12/30/2023,Curitiba,2100,
2642,HL1918,iPhone,2,Nathalia,Ventura,8/6/2023,Curitiba,5300,
2652,HL4379,Televisão,5,Lucas,Rodrigues,2/14/2023,Curitiba,2500,
2659,HL1918,iPhone,4,Priscila,Carvalho,4/26/2023,Curitiba,5300,
2661,HL7348,SmartWatch,3,Helena,Chafin,10/14/2023,Curitiba,1400,
2670,HL7348,SmartWatch,2,Anna,Maia,2/1/2023,Curitiba,1400,
2684,HL4379,Televisão,1,Wen,Santos,7/2/2023,Curitiba,2500,
2697,HL4379,Televisão,3,Carlos,Portela,6/23/2023,Curitiba,2500,
2733,HL1918,iPhone,5,Gabriel,Rubim,11/7/2023,Curitiba,5300,
2750,HL7348,SmartWatch,3,Júlio,Freire,5/12/2023,Curitiba,1400,
2757,HL7348,SmartWatch,2,Cí­cero,Lima,3/6/2023,Curitiba,1400,
2785,HL1918,iPhone,4,Kimberly,Sad,2/10/2023,Curitiba,5300,
2789,HL1918,iPhone,3,Guilherme,Vianna,2/8/2023,Curitiba,5300,
2803,HL1918,iPhone,1,Jonatas,Passos,8/3/2023,Curitiba,5300,
2807,HL1918,iPhone,3,Joío,Peçanha,6/18/2023,Curitiba,5300,
2816,HL1918,iPhone,3,Gustavo,Gomes,11/11/2023,Curitiba,5300,
2848,HL4379,Televisão,1,Thayna,Martins,12/28/2023,Curitiba,2500,
2849,HL4379,Televisão,3,Joío,Castilho,3/9/2023,Curitiba,2500,
2852,HL4379,Televisão,2,Tiago,Pereira,10/26/2023,Curitiba,2500,
2856,HL4379,Televisão,4,Raul,Junqueira,5/7/2023,Curitiba,2500,
2870,HL1918,iPhone,3,Carlos,Souza,10/24/2023,Curitiba,5300,
2872,HL7348,SmartWatch,3,Luiza,Cavalcanti,8/18/2023,Curitiba,1400,
2882,HL7348,SmartWatch,5,Glenda,Santos,5/29/2023,Curitiba,1400,
2883,HL8851,Notebook,4,Juliana,Goes,9/20/2023,Curitiba,3500,
2902,HL8851,Notebook,5,Ana,Campos,3/3/2023,Curitiba,3500,
2936,HL9962,Android,3,Sylvio,Bernhardt,3/14/2023,Curitiba,3400,
2943,HL1918,iPhone,1,Camilla,Cardeman,5/16/2023,Curitiba,5300,
2950,HL1918,iPhone,4,Alon,Pestana,2/20/2023,Curitiba,5300,
2953,HL1918,iPhone,2,Anna,Maia,3/25/2023,Curitiba,5300,
2957,HL1918,iPhone,2,Thales,Santos,6/24/2023,Curitiba,5300,
3032,HL4379,Televisão,5,Clara,Silveira,9/9/2023,Curitiba,2500,
3047,HL4379,Televisão,2,Isabel,Mesquita,1/3/2023,Curitiba,2500,
3070,HL1918,iPhone,3,Pedro,Jorge,1/11/2023,Curitiba,5300,
3152,HL1918,iPhone,1,Renan,Freire,5/21/2023,Curitiba,5300,
3153,HL2714,Tablet,2,Isabella,Scalabrin,11/29/2023,Curitiba,1600,
3196,HL4379,Televisão,2,Leonardo,Ferreira,3/25/2023,Curitiba,2500,
3197,HL4379,Televisão,4,Daniel,Terra,5/29/2023,Curitiba,2500,
3201,HL1918,iPhone,3,Rodrigo,Feijo,2/6/2023,Curitiba,5300,
3206,HL7348,SmartWatch,2,Igor,Lima,12/21/2023,Curitiba,1400,
3242,HL7348,SmartWatch,2,Luana,Santana,9/23/2023,Curitiba,1400,
3261,HL4379,Televisão,4,Bruno,Barcessat,6/19/2023,Curitiba,2500,
3268,HL9962,Android,5,Joío,Silva,2/14/2023,Curitiba,3400,
3279,HL9962,Android,3,Matheus,Sapir,8/20/2023,Curitiba,3400,
3289,HL1148,Câmera,1,Caio,Silva,8/8/2023,Curitiba,2100,
3310,HL1918,iPhone,1,William,Mendonça,10/16/2023,Curitiba,5300,
3338,HL1918,iPhone,3,Matheus,Ramos,1/7/2023,Curitiba,5300,
3341,HL4379,Televisão,4,Norman,Jimbo,7/12/2023,Curitiba,2500,
3350,HL7348,SmartWatch,4,Maria,Motta,2/27/2023,Curitiba,1400,
3353,HL8851,Notebook,2,Mariane,Ferreira,3/13/2023,Curitiba,3500,
3359,HL8851,Notebook,4,Marcelo,Borges,9/28/2023,Curitiba,3500,
3372,HL4379,Televisão,4,Giselia,Thiele,3/30/2023,Curitiba,2500,
3396,HL4379,Televisão,3,Vanessa,Bach,4/15/2023,Curitiba,2500,
3398,HL8851,Notebook,5,Joío,Júnior,8/27/2023,Curitiba,3500,
3402,HL1918,iPhone,5,Mariana,Baptista,8/11/2023,Curitiba,5300,
3412,HL2714,Tablet,4,Amanda,Delgado,7/11/2023,Curitiba,1600,
3425,HL9962,Android,5,Gabriel,Silva,8/29/2023,Curitiba,3400,
3432,HL1918,iPhone,5,Eduardo,Nunes,4/2/2023,Curitiba,5300,
3443,HL1918,iPhone,3,Rafael,Rocha,10/21/2023,Curitiba,5300,
3452,HL1918,iPhone,2,Anna,Maia,11/13/2023,Curitiba,5300,
3469,HL1148,Câmera,5,Joío,Alves,5/7/2023,Curitiba,2100,
3483,HL1148,Câmera,2,Luis,Garcia,8/16/2023,Curitiba,2100,
3505,HL9962,Android,5,Joío,Siqueira,2/22/2023,Curitiba,3400,
3508,HL4379,Televisão,3,Breno,Farias,1/24/2023,Curitiba,2500,
3509,HL4379,Televisão,1,Carolina,Santos,6/12/2023,Curitiba,2500,
3510,HL9962,Android,5,Pedro,Oliveira,11/15/2023,Curitiba,3400,
3532,HL2714,Tablet,4,Stephanie,Oliveira,3/3/2023,Curitiba,1600,
3538,HL8851,Notebook,3,Julia,Leite,1/12/2023,Curitiba,3500,
3541,HL8851,Notebook,3,Pedro,Santana,8/21/2023,Curitiba,3500,
3546,HL1148,Câmera,5,Patrí­cia,Ferreira,2/20/2023,Curitiba,2100,
3552,HL8851,Notebook,3,Renan,Firmino,10/21/2023,Curitiba,3500,
3558,HL2714,Tablet,3,Anna,Silva,7/1/2023,Curitiba,1600,
3573,HL1918,iPhone,2,Daniel,Cardoso,7/13/2023,Curitiba,5300,
3582,HL9962,Android,2,Raphael,Kurtz,7/25/2023,Curitiba,3400,
3619,HL4379,Televisão,3,Raissa,Negrelli,7/18/2023,Curitiba,2500,
3624,HL2714,Tablet,2,Eduardo,Nunes,7/24/2023,Curitiba,1600,
3668,HL4379,Televisão,2,Ana,Campos,8/27/2023,Curitiba,2500,
3705,HL8851,Notebook,1,Gabriela,Cavalcanti,7/28/2023,Curitiba,3500,
3715,HL1148,Câmera,1,Ana,Silva,12/29/2023,Curitiba,2100,
3722,HL8851,Notebook,2,Gabriela,Aliani,6/2/2023,Curitiba,3500,
3747,HL4379,Televisão,2,Alvaro,Kranz,6/28/2023,Curitiba,2500,
3759,HL4379,Televisão,5,Rebeca,Reis,11/8/2023,Curitiba,2500,
3765,HL9962,Android,2,Rafaela,Ferreira,9/14/2023,Curitiba,3400,
3774,HL4379,Televisão,5,Isabela,Chagas,11/3/2023,Curitiba,2500,
3803,HL4379,Televisão,1,Roberta,Nogueira,1/29/2023,Curitiba,2500,
3810,HL8851,Notebook,1,Raphael,Guedes,12/10/2023,Curitiba,3500,
3814,HL9962,Android,5,Rafaela,Feio,12/8/2023,Curitiba,3400,
3826,HL1148,Câmera,1,Rogério,Gentile,5/2/2023,Curitiba,2100,
3829,HL4379,Televisão,4,Desirée,Heimlich,11/8/2023,Curitiba,2500,
3848,HL7348,SmartWatch,4,Luana,Santos,7/12/2023,Curitiba,1400,
3865,HL4379,Televisão,4,Lucas,Baptista,3/10/2023,Curitiba,2500,
3877,HL7348,SmartWatch,5,Eduardo,Soares,7/11/2023,Curitiba,1400,
3888,HL1918,iPhone,4,Natali,Rangel,10/30/2023,Curitiba,5300,
3897,HL1918,iPhone,1,Natalia,Andrade,8/13/2023,Curitiba,5300,
3904,HL4379,Televisão,4,Jonatas,Essaber,8/19/2023,Curitiba,2500,
3938,HL9962,Android,2,Gabrielle,Wanderley,7/27/2023,Curitiba,3400,
3944,HL4379,Televisão,1,Gustavo,Junior,9/1/2023,Curitiba,2500,
3956,HL8851,Notebook,5,Mayara,Soares,10/31/2023,Curitiba,3500,
3963,HL7348,SmartWatch,1,Camilla,Cardeman,12/1/2023,Curitiba,1400,
3964,HL2714,Tablet,2,Norman,Jimbo,8/25/2023,Curitiba,1600,
3994,HL1918,iPhone,1,Rafael,Guimaríes,5/24/2023,Curitiba,5300,
3998,HL7348,SmartWatch,5,Isabella,Scalabrin,11/12/2023,Curitiba,1400,
4012,HL8851,Notebook,1,Guilherme,Seixas,6/8/2023,Curitiba,3500,
4064,HL1918,iPhone,1,Carolina,Motta,10/16/2023,Curitiba,5300,
4065,HL9962,Android,4,Rubens,Valente,6/28/2023,Curitiba,3400,
4068,HL4379,Televisão,5,Philipe,Morete,12/3/2023,Curitiba,2500,
4092,HL4379,Televisão,3,Rafael,Rocha,12/17/2023,Curitiba,2500,
4095,HL1918,iPhone,4,Myllena,Carneiro,1/27/2023,Curitiba,5300,
4116,HL2714,Tablet,2,Luiz,Limp,5/7/2023,Curitiba,1600,
4141,HL4379,Televisão,4,Matheus,Santos,5/30/2023,Curitiba,2500,
4144,HL2714,Tablet,3,Ana,Felippe,10/24/2023,Curitiba,1600,
4176,HL1918,iPhone,5,Caroline,Aquino,6/30/2023,Curitiba,5300,
4199,HL4379,Televisão,3,Lais,Candido,8/10/2023,Curitiba,2500,
4203,HL2714,Tablet,1,Eduardo,Soares,6/14/2023,Curitiba,1600,
4210,HL1148,Câmera,3,Júlio,Fraga,5/4/2023,Curitiba,2100,
4221,HL1918,iPhone,1,Amanda,Amaral,4/12/2023,Curitiba,5300,
4222,HL1918,iPhone,1,Stela,Mendonça,8/23/2023,Curitiba,5300,
4246,HL1918,iPhone,5,Tayla,Lima,5/16/2023,Curitiba,5300,
4298,HL4379,Televisão,2,Juliana,Hollander,4/15/2023,Curitiba,2500,
4312,HL1918,iPhone,5,Anderson,Martins,4/20/2023,Curitiba,5300,
4344,HL8851,Notebook,3,Alessandra,Martins,6/20/2023,Curitiba,3500,
4345,HL2714,Tablet,5,Priscila,Carvalho,2/23/2023,Curitiba,1600,
4346,HL9962,Android,3,Juliana,Silva,8/2/2023,Curitiba,3400,
4387,HL1148,Câmera,3,Luis,Garcia,5/16/2023,Curitiba,2100,
4394,HL1918,iPhone,5,Adriana,Passos,4/16/2023,Curitiba,5300,
4398,HL1918,iPhone,2,Julia,Figueiredo,1/30/2023,Curitiba,5300,
4424,HL4379,Televisão,5,Victor,Lira,3/12/2023,Curitiba,2500,
4425,HL1918,iPhone,5,Marina,Delgado,12/7/2023,Curitiba,5300,
4432,HL1918,iPhone,3,Daniel,Felippe,1/3/2023,Curitiba,5300,
4442,HL4379,Televisão,2,Marina,Marins,2/23/2023,Curitiba,2500,
4467,HL4379,Televisão,1,Renan,Melo,1/24/2023,Curitiba,2500,
4479,HL9962,Android,2,Cláudio,Aragío,10/13/2023,Curitiba,3400,
4482,HL8851,Notebook,4,Caio,Moraes,7/25/2023,Curitiba,3500,
4489,HL1918,iPhone,1,Isabelle,Gonçalves,9/8/2023,Curitiba,5300,
4500,HL4379,Televisão,4,Luis,Villanova,10/23/2023,Curitiba,2500,
4505,HL4379,Televisão,4,Renan,Nascimento,3/25/2023,Curitiba,2500,
4539,HL9962,Android,3,Hygor,Essaber,6/28/2023,Curitiba,3400,
4569,HL8851,Notebook,4,Lí­via,Tanaka,1/8/2023,Curitiba,3500,
4601,HL1918,iPhone,5,Daniel,Sousa,4/17/2023,Curitiba,5300,
4603,HL1918,iPhone,5,Bruno,Ferreira,5/7/2023,Curitiba,5300,
4617,HL4379,Televisão,2,Gabriel,Pereira,11/17/2023,Curitiba,2500,
4621,HL1918,iPhone,4,Jonatas,Essaber,1/21/2023,Curitiba,5300,
4633,HL7348,SmartWatch,4,Daniel,Costa,8/26/2023,Curitiba,1400,
4664,HL2714,Tablet,3,Vanessa,Bach,7/14/2023,Curitiba,1600,
4675,HL1918,iPhone,1,Pedro,Martins,1/20/2023,Curitiba,5300,
4703,HL1918,iPhone,2,Carolina,Motta,2/13/2023,Curitiba,5300,
4708,HL8851,Notebook,5,Aní­zio,Carvalho,2/11/2023,Curitiba,3500,
4729,HL7348,SmartWatch,1,Katharina,Barros,1/3/2023,Curitiba,1400,
4743,HL8851,Notebook,3,Arthur,Portela,2/27/2023,Curitiba,3500,
4752,HL9962,Android,2,Rodrigo,Feijo,1/16/2023,Curitiba,3400,
4762,HL1918,iPhone,2,David,Vasconcelos,3/21/2023,Curitiba,5300,
4772,HL8851,Notebook,3,Adrielle,Gabriel,6/22/2023,Curitiba,3500,
4773,HL4379,Televisão,1,Gustavo,Erthal,9/8/2023,Curitiba,2500,
4786,HL7348,SmartWatch,4,Joío,Araujo,1/13/2023,Curitiba,1400,
4798,HL4379,Televisão,1,Breno,Quinto,11/21/2023,Curitiba,2500,
4802,HL2714,Tablet,2,Juliana,Guimaríes,12/31/2023,Curitiba,1600,
4807,HL2714,Tablet,1,Anderson,Martins,2/23/2023,Curitiba,1600,
4828,HL1918,iPhone,4,Gabriela,Cavalcanti,6/12/2023,Curitiba,5300,
4834,HL1918,iPhone,2,Alberto,Silveira,10/25/2023,Curitiba,5300,
4838,HL2714,Tablet,3,Debora,Silva,12/19/2023,Curitiba,1600,
4846,HL4379,Televisão,3,Ana,Carvalho,10/6/2023,Curitiba,2500,
4867,HL8851,Notebook,4,Deysiane,Medronho,11/11/2023,Curitiba,3500,
4868,HL7348,SmartWatch,4,Luiz,Almeida,4/2/2023,Curitiba,1400,
4895,HL8851,Notebook,3,Arthur,Souza,2/10/2023,Curitiba,3500,
4921,HL1918,iPhone,4,Bernardo,Botelho,7/25/2023,Curitiba,5300,
4932,HL1148,Câmera,4,Breno,Britto,10/24/2023,Curitiba,2100,
4933,HL1148,Câmera,1,Vanessa,Rodrigues,11/28/2023,Curitiba,2100,
4948,HL1918,iPhone,1,Miguel,Carneiro,7/19/2023,Curitiba,5300,
4951,HL1918,iPhone,5,Juliana,Silva,2/18/2023,Curitiba,5300,
4958,HL1918,iPhone,4,Carolina,Bernardes,3/2/2023,Curitiba,5300,
4965,HL8851,Notebook,5,Marcelo,Magalhíes,11/8/2023,Curitiba,3500,
4976,HL2714,Tablet,4,Isabela,Resende,7/4/2023,Curitiba,1600,
4990,HL4379,Televisão,3,Joío,Bach,2/2/2023,Curitiba,2500,
4997,HL2714,Tablet,4,Mayara,Soares,10/27/2023,Curitiba,1600,
5009,HL1918,iPhone,5,Sylvio,Bernhardt,5/21/2023,Curitiba,5300,
5030,HL4379,Televisão,4,Renan,Firmino,1/10/2023,Curitiba,2500,
5064,HL4379,Televisão,2,Hiaiune,Valim,3/19/2023,Curitiba,2500,
5065,HL7348,SmartWatch,5,Henrique,Lencastre,12/20/2023,Curitiba,1400,
5089,HL7348,SmartWatch,1,Juan,Fernandes,7/16/2023,Curitiba,1400,
5098,HL4379,Televisão,3,Joío,Aires,2/4/2023,Curitiba,2500,
5104,HL1918,iPhone,5,Diego,Mello,4/15/2023,Curitiba,5300,
5191,HL1918,iPhone,2,Caio,Affonso,5/12/2023,Curitiba,5300,
5195,HL9962,Android,2,Raissa,Sales,11/19/2023,Curitiba,3400,
5213,HL4379,Televisão,2,Philipe,Morete,8/20/2023,Curitiba,2500,
5217,HL4379,Televisão,4,Arthur,Souza,12/26/2023,Curitiba,2500,
5220,HL4379,Televisão,5,Mariana,Rotava,1/26/2023,Curitiba,2500,
5262,HL1918,iPhone,5,Adriane,Chagas,9/7/2023,Curitiba,5300,
5270,HL8851,Notebook,3,Joío,Bach,1/7/2023,Curitiba,3500,
5279,HL1918,iPhone,3,Andressa,Chou,3/15/2023,Curitiba,5300,
5292,HL1148,Câmera,1,Marina,Gama,6/21/2023,Curitiba,2100,
5310,HL4379,Televisão,4,Beatriz,Cavalcanti,5/21/2023,Curitiba,2500,
5319,HL7348,SmartWatch,4,Pedro,Dalforne,2/8/2023,Curitiba,1400,
5327,HL9962,Android,2,Daniel,Costa,10/7/2023,Curitiba,3400,
5339,HL1918,iPhone,4,Isabela,Resende,9/29/2023,Curitiba,5300,
5344,HL2714,Tablet,2,Wen,Santos,4/12/2023,Curitiba,1600,
5378,HL8851,Notebook,2,Mariana,Freire,8/4/2023,Curitiba,3500,
5386,HL2714,Tablet,1,Bárbara,Lima,4/12/2023,Curitiba,1600,
5393,HL7348,SmartWatch,4,Beatriz,Nogueira,3/24/2023,Curitiba,1400,
5399,HL1918,iPhone,3,Helena,Chafin,2/23/2023,Curitiba,5300,
5404,HL4379,Televisão,3,Fernanda,Junior,6/29/2023,Curitiba,2500,
5406,HL1148,Câmera,1,Luiz,Freire,3/12/2023,Curitiba,2100,
5416,HL1918,iPhone,4,Isabel,Mesquita,7/5/2023,Curitiba,5300,
5417,HL8851,Notebook,1,Amanda,Gontijo,5/26/2023,Curitiba,3500,
5446,HL8851,Notebook,4,Raul,Junqueira,11/20/2023,Curitiba,3500,
5459,HL4379,Televisão,2,Daniel,Cardoso,10/2/2023,Curitiba,2500,
5461,HL1918,iPhone,4,Mariane,Ferreira,2/19/2023,Curitiba,5300,
5470,HL7348,SmartWatch,1,Ives,Barbosa,3/18/2023,Curitiba,1400,
5477,HL1918,iPhone,2,Paula,Calbucci,7/6/2023,Curitiba,5300,
5478,HL7348,SmartWatch,2,Roberto,Tiradentes,4/8/2023,Curitiba,1400,
5483,HL1918,iPhone,3,Rodrigo,Feijo,10/7/2023,Curitiba,5300,
5489,HL7348,SmartWatch,5,Gabriel,Assis,12/28/2023,Curitiba,1400,
5491,HL8851,Notebook,4,Bernardo,Botelho,7/23/2023,Curitiba,3500,
5533,HL8851,Notebook,2,Felipe,Paulo,2/22/2023,Curitiba,3500,
5576,HL1918,iPhone,4,Ana,Felippe,9/21/2023,Curitiba,5300,
5590,HL1918,iPhone,2,Diego,Marchesi,3/24/2023,Curitiba,5300,
5626,HL4379,Televisão,2,Clara,Silveira,9/9/2023,Curitiba,2500,
5638,HL4379,Televisão,1,Lucas,Chagas,2/14/2023,Curitiba,2500,
5658,HL1918,iPhone,1,Jéssica,Stefanelli,2/7/2023,Curitiba,5300,
5690,HL9962,Android,5,Daniel,Terra,1/27/2023,Curitiba,3400,
5723,HL1918,iPhone,3,Livia,Cozendey,5/13/2023,Curitiba,5300,
5734,HL1148,Câmera,4,José,Marques,10/6/2023,Curitiba,2100,
5747,HL1918,iPhone,4,Jí´natas,Castro,12/17/2023,Curitiba,5300,
5758,HL7348,SmartWatch,3,Gabriel,Rubim,2/15/2023,Curitiba,1400,
5780,HL1918,iPhone,2,Cí­cero,Ramos,7/24/2023,Curitiba,5300,
5783,HL1918,iPhone,5,Rubens,Valente,3/10/2023,Curitiba,5300,
5785,HL7348,SmartWatch,1,Gustavo,Aragío,4/5/2023,Curitiba,1400,
5786,HL2714,Tablet,4,Lucas,Rocha,2/10/2023,Curitiba,1600,
5795,HL4379,Televisão,5,Luiz,Almeida,3/23/2023,Curitiba,2500,
5850,HL4379,Televisão,3,Rachel,Restum,2/9/2023,Curitiba,2500,
5921,HL1918,iPhone,2,Luiza,Johnson,4/23/2023,Curitiba,5300,
5939,HL1918,iPhone,2,Gabrielle,Wanderley,7/3/2023,Curitiba,5300,
5940,HL1918,iPhone,3,Milena,Alcoforado,5/27/2023,Curitiba,5300,
5950,HL9962,Android,1,Victor,Soares,12/19/2023,Curitiba,3400,
5951,HL1918,iPhone,5,Caroline,Pinto,9/17/2023,Curitiba,5300,
5956,HL4379,Televisão,4,Silvio,Provenzano,3/4/2023,Curitiba,2500,
5960,HL1148,Câmera,3,Joío,Junior,4/10/2023,Curitiba,2100,
5962,HL8851,Notebook,1,Carolina,Alfradique,1/6/2023,Curitiba,3500,
5967,HL1148,Câmera,5,Bruno,Barcessat,9/28/2023,Curitiba,2100,
5980,HL1148,Câmera,2,Tadeu,Nakayama,10/28/2023,Curitiba,2100,
6008,HL8851,Notebook,2,Fernanda,Junior,11/5/2023,Curitiba,3500,
6018,HL4379,Televisão,4,Eduardo,Soares,5/7/2023,Curitiba,2500,
6022,HL4379,Televisão,5,Joyce,Medina,8/9/2023,Curitiba,2500,
6027,HL1918,iPhone,3,Adriana,Carneiro,6/7/2023,Curitiba,5300,
6051,HL1918,iPhone,1,Raphael,Coelho,7/12/2023,Curitiba,5300,
6052,HL1918,iPhone,4,Wendela,Mariz,11/22/2023,Curitiba,5300,
6063,HL8851,Notebook,3,Mí´nica,Rotolo,2/23/2023,Curitiba,3500,
6074,HL9962,Android,1,Daniela,Rosa,6/3/2023,Curitiba,3400,
6083,HL1918,iPhone,1,Daniela,Pereira,4/20/2023,Curitiba,5300,
6085,HL1918,iPhone,4,Lucas,Machado,7/3/2023,Curitiba,5300,
6093,HL1148,Câmera,3,Fernanda,Bhering,7/12/2023,Curitiba,2100,
6106,HL1918,iPhone,5,Maria,Gasperi,5/30/2023,Curitiba,5300,
6145,HL1918,iPhone,4,Carla,Zakhm,4/26/2023,Curitiba,5300,
6167,HL9962,Android,4,Antonio,Bernhardt,9/27/2023,Curitiba,3400,
6174,HL4379,Televisão,2,Ana,Felippe,4/24/2023,Curitiba,2500,
6237,HL8851,Notebook,4,Gabriela,Cavalcanti,6/23/2023,Curitiba,3500,
6252,HL4379,Televisão,5,Eric,Júnior,9/16/2023,Curitiba,2500,
6262,HL9962,Android,5,Maike,Pereira,7/20/2023,Curitiba,3400,
6272,HL8851,Notebook,2,Daniel,Alcoforado,7/29/2023,Curitiba,3500,
6293,HL7348,SmartWatch,5,Adriane,Chagas,7/1/2023,Curitiba,1400,
6300,HL8851,Notebook,3,Joyce,Souza,9/17/2023,Curitiba,3500,
6309,HL4379,Televisão,3,Maria,Cardoso,9/3/2023,Curitiba,2500,
6320,HL8851,Notebook,4,Caio,Vianna,5/21/2023,Curitiba,3500,
6331,HL1918,iPhone,2,Tainah,Nogueira,1/11/2023,Curitiba,5300,
6340,HL1918,iPhone,3,Thais,Rodrigues,9/2/2023,Curitiba,5300,
6348,HL4379,Televisão,5,Lucas,Neto,7/3/2023,Curitiba,2500,
6350,HL8851,Notebook,5,Eduardo,Ferreira,4/5/2023,Curitiba,3500,
6363,HL8851,Notebook,5,Wellington,Duarte,1/10/2023,Curitiba,3500,
6376,HL1148,Câmera,3,Maria,Mello,1/12/2023,Curitiba,2100,
6393,HL1148,Câmera,3,Ulisses,Filho,3/8/2023,Curitiba,2100,
6397,HL1918,iPhone,4,Bernard,Pedrosa,10/7/2023,Curitiba,5300,
6413,HL4379,Televisão,4,Pedro,Pereira,10/28/2023,Curitiba,2500,
6414,HL8851,Notebook,2,Raí­za,Lopes,8/26/2023,Curitiba,3500,
6416,HL7348,SmartWatch,3,Rilson,Guedes,6/1/2023,Curitiba,1400,
6473,HL4379,Televisão,3,Carolina,Brum,2/26/2023,Curitiba,2500,
6487,HL1918,iPhone,1,Fernanda,Rubim,3/1/2023,Curitiba,5300,
6489,HL1918,iPhone,1,Ravena,Bhering,6/2/2023,Curitiba,5300,
6509,HL4379,Televisão,2,Andressa,Rotsztejn,1/7/2023,Curitiba,2500,
6519,HL1918,iPhone,2,Carolina,Santos,5/17/2023,Curitiba,5300,
6567,HL1148,Câmera,5,Bruna,Silveira,1/23/2023,Curitiba,2100,
6571,HL7348,SmartWatch,4,Gabriel,Garcia,5/8/2023,Curitiba,1400,
6577,HL8851,Notebook,3,Caroll,Johnson,12/15/2023,Curitiba,3500,
6579,HL1148,Câmera,4,Caroline,Pinto,4/17/2023,Curitiba,2100,
6586,HL1918,iPhone,2,Rafael,Rocha,1/12/2023,Curitiba,5300,
6589,HL8851,Notebook,1,Thiago,Costa,5/6/2023,Curitiba,3500,
6608,HL7348,SmartWatch,4,Audir,Franco,12/2/2023,Curitiba,1400,
6643,HL7348,SmartWatch,2,Mariana,Miranda,12/13/2023,Curitiba,1400,
6666,HL4379,Televisão,5,Vanessa,Bach,11/10/2023,Curitiba,2500,
6673,HL4379,Televisão,5,Thiago,Costa,7/22/2023,Curitiba,2500,
6682,HL4379,Televisão,1,Raul,Silveira,7/30/2023,Curitiba,2500,
6684,HL4379,Televisão,2,Joío,Monteiro,6/4/2023,Curitiba,2500,
6713,HL9962,Android,4,Marcelo,Pereira,11/13/2023,Curitiba,3400,
6726,HL7348,SmartWatch,5,Juliana,Goes,5/30/2023,Curitiba,1400,
6741,HL7348,SmartWatch,5,Lucas,Freire,4/23/2023,Curitiba,1400,
6755,HL1918,iPhone,4,Myllena,Corríªa,5/17/2023,Curitiba,5300,
6774,HL1918,iPhone,2,Joyce,Medina,10/22/2023,Curitiba,5300,
6780,HL4379,Televisão,1,Carlos,Portela,4/28/2023,Curitiba,2500,
6800,HL4379,Televisão,4,Lorena,Carvalho,1/29/2023,Curitiba,2500,
6803,HL9962,Android,4,Guilherme,Vianna,12/5/2023,Curitiba,3400,
6821,HL8851,Notebook,5,Lázaro,Villanova,6/12/2023,Curitiba,3500,
6824,HL9962,Android,5,Andre,Sampaio,11/17/2023,Curitiba,3400,
6838,HL9962,Android,4,Luiza,Johnson,4/17/2023,Curitiba,3400,
6858,HL9962,Android,5,David,Vasconcelos,10/11/2023,Curitiba,3400,
6865,HL1148,Câmera,1,Beatriz,Biase,5/11/2023,Curitiba,2100,
6884,HL4379,Televisão,4,Giuseppe,Bhering,10/30/2023,Curitiba,2500,
6886,HL1918,iPhone,2,Priscila,Carvalho,2/6/2023,Curitiba,5300,
6890,HL4379,Televisão,3,Diego,Rodrigues,2/15/2023,Curitiba,2500,
6900,HL9962,Android,5,Livia,Corríªa,10/17/2023,Curitiba,3400,
6937,HL7348,SmartWatch,4,Rodrigo,Mendes,12/12/2023,Curitiba,1400,
6944,HL7348,SmartWatch,1,Raí­za,Lopes,3/11/2023,Curitiba,1400,
6954,HL4379,Televisão,3,Luiza,Farias,10/14/2023,Curitiba,2500,
7000,HL7348,SmartWatch,4,Joío,Peçanha,8/5/2023,Curitiba,1400,
7001,HL8851,Notebook,1,Carlos,Araujo,9/12/2023,Curitiba,3500,
7007,HL1918,iPhone,3,Lí­via,Marques,2/15/2023,Curitiba,5300,
7015,HL4379,Televisão,2,Matheus,Santos,11/21/2023,Curitiba,2500,
7019,HL4379,Televisão,1,Luiza,Ribeiro,8/24/2023,Curitiba,2500,
7042,HL1148,Câmera,2,Douglas,Rodrigues,2/15/2023,Curitiba,2100,
7043,HL4379,Televisão,1,Stela,Mendonça,9/5/2023,Curitiba,2500,
7052,HL1918,iPhone,2,Nathalia,Ventura,11/26/2023,Curitiba,5300,
7062,HL1918,iPhone,5,Priscila,Suzano,9/6/2023,Curitiba,5300,
7064,HL9962,Android,5,Hércules,Júnior,3/24/2023,Curitiba,3400,
7089,HL1918,iPhone,2,Michelle,Miura,10/9/2023,Curitiba,5300,
7095,HL4379,Televisão,1,Marina,Miranda,10/18/2023,Curitiba,2500,
7098,HL1148,Câmera,2,Nathalia,Ventura,7/19/2023,Curitiba,2100,
7137,HL9962,Android,4,Cí­cero,Lima,7/14/2023,Curitiba,3400,
7139,HL7348,SmartWatch,1,Antí´nio,Oliveira,9/10/2023,Curitiba,1400,
7149,HL4379,Televisão,5,Amanda,Procaci,5/22/2023,Curitiba,2500,
7150,HL7348,SmartWatch,4,Raphael,Filho,2/22/2023,Curitiba,1400,
7151,HL1148,Câmera,4,Luiza,Farias,5/5/2023,Curitiba,2100,
7153,HL1918,iPhone,3,Luí,Sá,1/21/2023,Curitiba,5300,
7158,HL4379,Televisão,1,Miguel,Carneiro,8/9/2023,Curitiba,2500,
7192,HL1918,iPhone,2,Thales,Portillo,2/2/2023,Curitiba,5300,
7218,HL1918,iPhone,1,Paula,Carneiro,9/3/2023,Curitiba,5300,
7230,HL7348,SmartWatch,3,Bruna,Silveira,10/6/2023,Curitiba,1400,
7235,HL4379,Televisão,2,Bárbara,Cavalcante,12/1/2023,Curitiba,2500,
7237,HL8851,Notebook,5,Alon,Fahrnholz,11/24/2023,Curitiba,3500,
7261,HL1918,iPhone,1,Lucas,Lacerda,6/27/2023,Curitiba,5300,
7271,HL4379,Televisão,5,Andressa,Chou,2/19/2023,Curitiba,2500,
7305,HL1918,iPhone,1,Jessica,Cordovil,9/20/2023,Curitiba,5300,
7306,HL4379,Televisão,2,Rebeca,Taylor,4/25/2023,Curitiba,2500,
7316,HL1148,Câmera,1,Myllena,Carneiro,10/25/2023,Curitiba,2100,
7326,HL1918,iPhone,3,Vitor,Campos,9/14/2023,Curitiba,5300,
7359,HL1148,Câmera,4,Maurí­cio,Dias,8/27/2023,Curitiba,2100,
7368,HL1918,iPhone,4,Bruna,Soares,2/16/2023,Curitiba,5300,
7419,HL1148,Câmera,4,Katharina,Barros,5/12/2023,Curitiba,2100,
7425,HL4379,Televisão,1,Raí­sa,Rodrigues,12/30/2023,Curitiba,2500,
7432,HL1918,iPhone,4,Myllena,Carneiro,8/11/2023,Curitiba,5300,
7446,HL4379,Televisão,2,Manuela,Ferreira,9/16/2023,Curitiba,2500,
7447,HL4379,Televisão,1,Arthur,Portela,12/29/2023,Curitiba,2500,
7478,HL1918,iPhone,5,Thiago,Veiga,8/27/2023,Curitiba,5300,
7496,HL8851,Notebook,5,Clara,Bruno,8/29/2023,Curitiba,3500,
7499,HL4379,Televisão,1,Anna,Maia,10/12/2023,Curitiba,2500,
7501,HL9962,Android,5,Marina,Gama,8/3/2023,Curitiba,3400,
7508,HL1918,iPhone,1,Caroll,Johnson,10/13/2023,Curitiba,5300,
7514,HL1148,Câmera,2,Bruna,Ramos,3/27/2023,Curitiba,2100,
7543,HL1918,iPhone,1,Antí´nio,Soares,6/12/2023,Curitiba,5300,
7554,HL1918,iPhone,4,Juliana,Huon,12/27/2023,Curitiba,5300,
7558,HL1918,iPhone,4,Victor,Ferreira,6/19/2023,Curitiba,5300,
7560,HL1148,Câmera,2,Eduardo,Ferreira,10/23/2023,Curitiba,2100,
7581,HL9962,Android,5,Lucas,Assunçío,4/4/2023,Curitiba,3400,
7592,HL8851,Notebook,3,Luiza,Cabral,7/15/2023,Curitiba,3500,
7599,HL7348,SmartWatch,2,Giovana,Vilela,12/15/2023,Curitiba,1400,
7625,HL4379,Televisão,4,Leandro,Ferreira,4/24/2023,Curitiba,2500,
7627,HL1918,iPhone,1,Breno,Quinto,2/9/2023,Curitiba,5300,
7636,HL9962,Android,1,Natalia,Guedes,2/11/2023,Curitiba,3400,
7656,HL1148,Câmera,3,Jonatas,Essaber,11/3/2023,Curitiba,2100,
7681,HL1918,iPhone,5,Beatriz,Nogueira,1/24/2023,Curitiba,5300,
7699,HL8851,Notebook,4,Juliana,Guimaríes,1/7/2023,Curitiba,3500,
7716,HL1918,iPhone,5,Alexandre,Dantas,12/1/2023,Curitiba,5300,
7735,HL1918,iPhone,1,Lorena,Carvalho,8/23/2023,Curitiba,5300,
7738,HL7348,SmartWatch,3,Thiago,Lima,4/1/2023,Curitiba,1400,
7756,HL1148,Câmera,2,Pedro,Bitencourt,7/28/2023,Curitiba,2100,
7764,HL1918,iPhone,2,Daniel,Alcoforado,2/15/2023,Curitiba,5300,
7774,HL1148,Câmera,3,Amanda,Procaci,6/14/2023,Curitiba,2100,
7775,HL4379,Televisão,3,Julie,Ferreira,2/1/2023,Curitiba,2500,
7785,HL1148,Câmera,1,Mateus,Franco,10/3/2023,Curitiba,2100,
7798,HL1918,iPhone,3,Lucas,Freire,12/2/2023,Curitiba,5300,
7851,HL1148,Câmera,3,Michelle,Miura,1/31/2023,Curitiba,2100,
7859,HL4379,Televisão,2,Jonas,Gomes,5/20/2023,Curitiba,2500,
7901,HL2714,Tablet,4,Joío,Peçanha,8/22/2023,Curitiba,1600,
7911,HL7348,SmartWatch,3,Paula,Calbucci,2/26/2023,Curitiba,1400,
7920,HL8851,Notebook,4,Raissa,Pinheiro,8/27/2023,Curitiba,3500,
7935,HL7348,SmartWatch,2,Breno,Quinto,4/22/2023,Curitiba,1400,
7938,HL1148,Câmera,3,Joío,Araujo,8/22/2023,Curitiba,2100,
7970,HL1148,Câmera,3,Priscila,Carvalho,1/6/2023,Curitiba,2100,
7975,HL4379,Televisão,1,Khaio,Mesquita,7/1/2023,Curitiba,2500,
7986,HL2714,Tablet,2,Ana,Monte,9/19/2023,Curitiba,1600,
7991,HL4379,Televisão,1,Michelle,Pereira,1/18/2023,Curitiba,2500,
8012,HL1918,iPhone,3,Guilherme,Marchesi,9/15/2023,Curitiba,5300,
8027,HL4379,Televisão,3,Joío,Tabet,11/16/2023,Curitiba,2500,
8038,HL1918,iPhone,5,Mí´nica,Rotolo,3/8/2023,Curitiba,5300,
8080,HL9962,Android,4,Fabio,Boccaletti,7/9/2023,Curitiba,3400,
8158,HL7348,SmartWatch,4,Juliana,Silva,12/3/2023,Curitiba,1400,
8180,HL7348,SmartWatch,1,Caio,Moraes,6/10/2023,Curitiba,1400,
8195,HL7348,SmartWatch,5,Deysiane,Medronho,11/14/2023,Curitiba,1400,
8214,HL7348,SmartWatch,3,Marina,Gama,1/16/2023,Curitiba,1400,
8245,HL4379,Televisão,5,Gabriela,Mello,6/2/2023,Curitiba,2500,
8262,HL4379,Televisão,5,William,Mendonça,2/7/2023,Curitiba,2500,
8265,HL1918,iPhone,3,Raphael,Rezende,7/23/2023,Curitiba,5300,
8300,HL9962,Android,1,Luis,Silva,8/17/2023,Curitiba,3400,
8309,HL4379,Televisão,5,Beatriz,Rocha,12/18/2023,Curitiba,2500,
8317,HL4379,Televisão,5,Pedro,Cardoso,11/17/2023,Curitiba,2500,
8332,HL9962,Android,2,Pedro,Cardoso,11/8/2023,Curitiba,3400,
8345,HL9962,Android,3,Bruno,Velucci,7/25/2023,Curitiba,3400,
8377,HL1918,iPhone,4,Thomaz,Ferreira,10/2/2023,Curitiba,5300,
8395,HL9962,Android,3,Beatriz,Perdomo,4/20/2023,Curitiba,3400,
8403,HL8851,Notebook,3,Thaí­s,Pereira,2/21/2023,Curitiba,3500,
8412,HL8851,Notebook,2,Felipe,Freitas,4/26/2023,Curitiba,3500,
8424,HL4379,Televisão,1,Stefan,Santos,1/17/2023,Curitiba,2500,
8453,HL7348,SmartWatch,4,Ana,Silva,8/4/2023,Curitiba,1400,
8468,HL1918,iPhone,1,Wilson,Meirelles,9/23/2023,Curitiba,5300,
8474,HL4379,Televisão,4,Priscila,Vogel,10/30/2023,Curitiba,2500,
8478,HL4379,Televisão,4,Gustavo,Aragío,11/26/2023,Curitiba,2500,
8484,HL2714,Tablet,5,Roberto,Nogueira,2/6/2023,Curitiba,1600,
8497,HL4379,Televisão,5,Thaí­s,Moura,5/8/2023,Curitiba,2500,
8498,HL2714,Tablet,3,Carolina,Vasconcelos,12/21/2023,Curitiba,1600,
8524,HL1918,iPhone,3,Alon,Pestana,1/22/2023,Curitiba,5300,
8537,HL1148,Câmera,1,Joío,Capitulo,9/20/2023,Curitiba,2100,
8580,HL4379,Televisão,3,Lucas,Lemos,10/19/2023,Curitiba,2500,
8600,HL1918,iPhone,2,Gabriella,Sagrillo,3/8/2023,Curitiba,5300,
8676,HL4379,Televisão,1,Andressa,Rotsztejn,10/13/2023,Curitiba,2500,
8687,HL4379,Televisão,1,Joío,Fonseca,8/15/2023,Curitiba,2500,
8715,HL7348,SmartWatch,1,Fabio,Boccaletti,10/23/2023,Curitiba,1400,
8718,HL4379,Televisão,1,Iuri,Neto,12/15/2023,Curitiba,2500,
8736,HL1918,iPhone,1,Guilherme,Lima,4/20/2023,Curitiba,5300,
8761,HL4379,Televisão,1,Lázaro,Villanova,5/24/2023,Curitiba,2500,
8773,HL9962,Android,2,Gabriela,Fernandes,11/30/2023,Curitiba,3400,
8800,HL2714,Tablet,1,Giovana,Vilela,6/2/2023,Curitiba,1600,
8801,HL1918,iPhone,5,Mateus,Polastri,12/27/2023,Curitiba,5300,
8817,HL4379,Televisão,1,Maria,Motta,8/30/2023,Curitiba,2500,
8819,HL8851,Notebook,1,Raí­sa,Rodrigues,7/7/2023,Curitiba,3500,
8824,HL1148,Câmera,5,Felipe,Júnior,8/16/2023,Curitiba,2100,
8848,HL9962,Android,5,Matheus,Gomes,7/30/2023,Curitiba,3400,
8859,HL1918,iPhone,2,Ian,Almeida,12/14/2023,Curitiba,5300,
8868,HL8851,Notebook,3,Marcelo,Pereira,6/21/2023,Curitiba,3500,
8887,HL8851,Notebook,3,Michelle,Pereira,2/15/2023,Curitiba,3500,
8892,HL2714,Tablet,4,Wen,Santos,1/24/2023,Curitiba,1600,
8905,HL9962,Android,2,Jorge,Carvalho,5/31/2023,Curitiba,3400,
8921,HL2714,Tablet,3,Mariana,Miranda,1/25/2023,Curitiba,1600,
8922,HL2714,Tablet,1,Maike,Pereira,2/18/2023,Curitiba,1600,
8926,HL1148,Câmera,3,Gabriella,Lopes,11/14/2023,Curitiba,2100,
8949,HL4379,Televisão,2,Victor,Magalhíes,2/16/2023,Curitiba,2500,
8956,HL1918,iPhone,4,Júlio,Freire,8/18/2023,Curitiba,5300,
8972,HL4379,Televisão,5,Andressa,Chou,3/1/2023,Curitiba,2500,
8998,HL7348,SmartWatch,5,Thaí­s,Pereira,12/2/2023,Curitiba,1400,
9006,HL1148,Câmera,1,Lucas,Neto,2/4/2023,Curitiba,2100,
9012,HL8851,Notebook,1,Cézar,Santos,12/13/2023,Curitiba,3500,
9026,HL1148,Câmera,3,Marcela,Gasperi,2/3/2023,Curitiba,2100,
9028,HL1148,Câmera,3,Marcos,Nucci,11/7/2023,Curitiba,2100,
9047,HL7348,SmartWatch,4,Ives,Barbosa,9/17/2023,Curitiba,1400,
9051,HL8851,Notebook,1,Giulia,Pessanha,8/24/2023,Curitiba,3500,
9098,HL1918,iPhone,5,Diego,Barros,8/10/2023,Curitiba,5300,
9119,HL2714,Tablet,1,Giovanna,Santos,12/20/2023,Curitiba,1600,
9120,HL7348,SmartWatch,4,Clarissa,Santos,1/7/2023,Curitiba,1400,
9123,HL4379,Televisão,4,Jorge,Carvalho,4/17/2023,Curitiba,2500,
9160,HL8851,Notebook,5,Rafaela,Ferreira,7/6/2023,Curitiba,3500,
9174,HL1918,iPhone,3,Júlia,Almeida,2/20/2023,Curitiba,5300,
9183,HL7348,SmartWatch,3,Luiza,Cabral,2/11/2023,Curitiba,1400,
9203,HL9962,Android,4,Rafael,Guimaríes,7/23/2023,Curitiba,3400,
9215,HL4379,Televisão,5,Victor,Lira,8/15/2023,Curitiba,2500,
9238,HL4379,Televisão,5,Eduardo,Ferreira,3/6/2023,Curitiba,2500,
9261,HL1918,iPhone,4,Sylvio,Bernhardt,9/16/2023,Curitiba,5300,
9328,HL9962,Android,1,Sandy,Figueiredo,12/3/2023,Curitiba,3400,
9332,HL1918,iPhone,4,Ives,Teixeira,3/7/2023,Curitiba,5300,
9374,HL2714,Tablet,2,Julia,Leite,3/4/2023,Curitiba,1600,
9375,HL1148,Câmera,1,Silvio,Provenzano,4/15/2023,Curitiba,2100,
9384,HL8851,Notebook,1,Isabelle,Firmino,11/17/2023,Curitiba,3500,
9401,HL7348,SmartWatch,3,Leandro,Melo,1/31/2023,Curitiba,1400,
9411,HL4379,Televisão,2,Maria,Cardoso,12/12/2023,Curitiba,2500,
9427,HL1148,Câmera,4,Fernanda,Silva,1/13/2023,Curitiba,2100,
9458,HL8851,Notebook,2,Lenon,Fernandes,9/1/2023,Curitiba,3500,
9510,HL7348,SmartWatch,1,Izabel,Lopes,8/2/2023,Curitiba,1400,
9545,HL1148,Câmera,4,Felipe,Paulo,3/2/2023,Curitiba,2100,
9547,HL1918,iPhone,3,Carlos,Portela,7/19/2023,Curitiba,5300,
9556,HL8851,Notebook,3,Guilherme,Castilho,7/11/2023,Curitiba,3500,
9584,HL9962,Android,4,Samara,Pinto,2/19/2023,Curitiba,3400,
9594,HL4379,Televisão,4,Monique,Vasconcelos,10/8/2023,Curitiba,2500,
9611,HL1918,iPhone,2,Igor,Lima,4/10/2023,Curitiba,5300,
9614,HL1148,Câmera,3,Nicolas,Monteiro,3/31/2023,Curitiba,2100,
9644,HL1918,iPhone,5,Ulisses,Filho,9/14/2023,Curitiba,5300,
9657,HL1918,iPhone,1,Debora,Silva,5/9/2023,Curitiba,5300,
9658,HL1148,Câmera,1,Bruna,Gomes,7/9/2023,Curitiba,2100,
9688,HL2714,Tablet,2,Bruno,Ursulino,1/30/2023,Curitiba,1600,
9690,HL8851,Notebook,1,Renan,Freire,1/19/2023,Curitiba,3500,
9703,HL4379,Televisão,4,Mariane,Ferreira,8/23/2023,Curitiba,2500,
9716,HL2714,Tablet,5,Paula,Calbucci,7/19/2023,Curitiba,1600,
9717,HL1148,Câmera,2,Hygor,Essaber,3/28/2023,Curitiba,2100,
9741,HL4379,Televisão,1,Ravena,Bhering,6/10/2023,Curitiba,2500,
9749,HL9962,Android,3,Juliana,Mesquita,3/8/2023,Curitiba,3400,
9759,HL1918,iPhone,2,Nathan,Morelli,9/2/2023,Curitiba,5300,
9775,HL1918,iPhone,2,Rogério,Pereira,8/8/2023,Curitiba,5300,
9787,HL8851,Notebook,1,Luis,Villanova,1/14/2023,Curitiba,3500,
9808,HL8851,Notebook,4,Luiz,Conceiçío,6/13/2023,Curitiba,3500,
9823,HL1918,iPhone,2,Natalia,Andrade,8/11/2023,Curitiba,5300,
9835,HL1918,iPhone,2,Guilherme,Merotto,12/24/2023,Curitiba,5300,
9836,HL2714,Tablet,2,Wendela,Veloso,6/21/2023,Curitiba,1600,
9844,HL7348,SmartWatch,3,Ana,Bí´as,1/21/2023,Curitiba,1400,
9849,HL9962,Android,2,Caio,Moura,11/26/2023,Curitiba,3400,
9851,HL9962,Android,2,Fernanda,Silva,3/31/2023,Curitiba,3400,
9859,HL2714,Tablet,1,Júlio,Fraga,12/25/2023,Curitiba,1600,
9876,HL4379,Televisão,5,Bruno,Mota,4/30/2023,Curitiba,2500,
9918,HL1148,Câmera,2,Lucas,Reis,12/27/2023,Curitiba,2100,
9944,HL1918,iPhone,5,Raphael,Kurtz,7/16/2023,Curitiba,5300,
9998,HL7348,SmartWatch,1,Viní­cius,Antunes,12/10/2023,Curitiba,1400,
