﻿,SKU,Produto,Quantidade,Primeiro Nome,Sobrenome,Data,Loja,Valor Unitário,Unnamed: 8
13,HL4379,Televisão,1,Daniel,Monteiro,5/23/2023,Goiás,2500,
19,HL9962,Android,4,Elaine,Santos,7/5/2023,Goiás,3400,
45,HL1918,iPhone,5,Lenon,Fernandes,3/31/2023,Goiás,5300,
50,HL7348,SmartWatch,1,Vivianne,Rodrigues,8/11/2023,Goiás,1400,
97,HL7348,SmartWatch,2,Pedro,Rodrigues,7/26/2023,Goiás,1400,
116,HL2714,Tablet,3,Caio,Cardoso,6/18/2023,Goiás,1600,
123,HL2714,Tablet,4,Lucas,Freire,1/13/2023,Goiás,1600,
130,HL9962,Android,5,Caio,Fernandes,7/25/2023,Goiás,3400,
133,HL1918,iPhone,4,Kim,Ferreira,5/11/2023,Goiás,5300,
135,HL4379,Televisão,4,Beatriz,Rocha,10/23/2023,Goiás,2500,
139,HL4379,Televisão,2,Leandro,Ferreira,1/25/2023,Goiás,2500,
146,HL1918,iPhone,1,Thomáz,Bôas,7/22/2023,Goiás,5300,
159,HL9962,Android,4,Philipe,Morete,10/18/2023,Goiás,3400,
164,HL4379,Televisão,3,Felipe,Jorge,7/10/2023,Goiás,2500,
181,HL9962,Android,2,Joío,Junior,1/11/2023,Goiás,3400,
187,HL1918,iPhone,4,Marina,Gama,7/20/2023,Goiás,5300,
197,HL4379,Televisão,4,Rilson,Guedes,3/15/2023,Goiás,2500,
205,HL1918,iPhone,4,Felipe,Mello,3/13/2023,Goiás,5300,
228,HL8851,Notebook,3,Beatriz,Silva,9/21/2023,Goiás,3500,
233,HL7348,SmartWatch,3,Vanessa,Rodrigues,10/20/2023,Goiás,1400,
246,HL7348,SmartWatch,4,Camila,Bastazini,4/28/2023,Goiás,1400,
265,HL1918,iPhone,4,Julia,Teixeira,6/5/2023,Goiás,5300,
267,HL2714,Tablet,2,Raissa,Sales,9/21/2023,Goiás,1600,
281,HL1918,iPhone,1,Lorena,Carvalho,2/10/2023,Goiás,5300,
293,HL7348,SmartWatch,4,Beatriz,Biase,11/8/2023,Goiás,1400,
312,HL1148,Câmera,4,Juliana,Goes,8/19/2023,Goiás,2100,
355,HL1918,iPhone,5,Guilherme,Monteiro,11/9/2023,Goiás,5300,
356,HL1918,iPhone,4,Rafaela,Gomes,3/26/2023,Goiás,5300,
395,HL4379,Televisão,2,William,Mendoní§a,3/27/2023,Goiás,2500,
421,HL8851,Notebook,2,Clara,Silveira,9/16/2023,Goiás,3500,
441,HL4379,Televisão,2,David,Assumpí§ío,10/25/2023,Goiás,2500,
447,HL4379,Televisão,5,Camilla,Cardeman,11/20/2023,Goiás,2500,
450,HL4379,Televisão,1,Julie,Ferreira,4/19/2023,Goiás,2500,
479,HL8851,Notebook,5,Myllena,Carneiro,4/4/2023,Goiás,3500,
498,HL1918,iPhone,1,Izabel,Miura,5/12/2023,Goiás,5300,
504,HL1918,iPhone,5,Rojane,Lima,9/24/2023,Goiás,5300,
512,HL1918,iPhone,4,Luiza,Procaci,4/19/2023,Goiás,5300,
525,HL8851,Notebook,1,Lucas,Neto,5/2/2023,Goiás,3500,
541,HL9962,Android,3,Beatriz,Li,9/20/2023,Goiás,3400,
556,HL8851,Notebook,5,Arthur,Pereira,4/13/2023,Goiás,3500,
560,HL4379,Televisão,2,Mateus,Maia,7/9/2023,Goiás,2500,
572,HL2714,Tablet,5,Thaí­s,Ribeiro,10/29/2023,Goiás,1600,
588,HL1918,iPhone,3,Nicolas,Monteiro,12/14/2023,Goiás,5300,
597,HL4379,Televisão,1,Amanda,Braga,9/15/2023,Goiás,2500,
615,HL9962,Android,4,Carolina,Santos,6/11/2023,Goiás,3400,
636,HL1918,iPhone,1,Raí­ssa,Oros,12/31/2023,Goiás,5300,
637,HL7348,SmartWatch,5,Rodrigo,Bruno,2/9/2023,Goiás,1400,
655,HL4379,Televisão,1,Eduardo,Soares,10/31/2023,Goiás,2500,
668,HL1918,iPhone,2,Rebeca,Reis,9/12/2023,Goiás,5300,
670,HL4379,Televisão,5,Gabriel,Rubim,2/6/2023,Goiás,2500,
716,HL1148,Câmera,1,Diego,Rodrigues,10/17/2023,Goiás,2100,
728,HL7348,SmartWatch,3,Danilo,Rubim,3/21/2023,Goiás,1400,
754,HL9962,Android,5,Fabio,Boccaletti,11/22/2023,Goiás,3400,
755,HL1148,Câmera,1,Samara,Pinto,3/26/2023,Goiás,2100,
770,HL1918,iPhone,5,Desirée,Heimlich,11/6/2023,Goiás,5300,
774,HL9962,Android,2,Lucas,Freitas,10/28/2023,Goiás,3400,
776,HL4379,Televisão,1,Pedro,Macckione,9/19/2023,Goiás,2500,
786,HL9962,Android,2,Lunna,Vannier,12/22/2023,Goiás,3400,
805,HL9962,Android,4,Joío,Capitulo,11/14/2023,Goiás,3400,
810,HL4379,Televisão,4,Lucas,Rodrigues,7/7/2023,Goiás,2500,
826,HL4379,Televisão,1,Joío,Capitulo,11/16/2023,Goiás,2500,
829,HL1148,Câmera,1,Victor,Zakhm,11/15/2023,Goiás,2100,
841,HL4379,Televisão,5,Lucas,Neto,9/29/2023,Goiás,2500,
865,HL1918,iPhone,4,Gabriel,Rocha,3/19/2023,Goiás,5300,
884,HL4379,Televisão,5,Anna,Maia,8/13/2023,Goiás,2500,
892,HL1918,iPhone,5,Patrí­cia,Amaral,8/21/2023,Goiás,5300,
907,HL1918,iPhone,3,Helena,Chafin,5/25/2023,Goiás,5300,
920,HL4379,Televisão,5,Andre,Nóbrega,10/16/2023,Goiás,2500,
924,HL1148,Câmera,4,Bianca,Piero,10/11/2023,Goiás,2100,
939,HL1918,iPhone,4,Matheus,Ramos,12/4/2023,Goiás,5300,
951,HL4379,Televisão,1,Dykson,Silva,5/26/2023,Goiás,2500,
989,HL9962,Android,5,Rafaela,Rodrigues,9/4/2023,Goiás,3400,
1011,HL1148,Câmera,2,Amanda,Procaci,2/15/2023,Goiás,2100,
1034,HL1918,iPhone,2,Larissa,Jesus,3/21/2023,Goiás,5300,
1035,HL1918,iPhone,3,Carolina,Vasconcelos,3/3/2023,Goiás,5300,
1040,HL4379,Televisão,1,Bianca,Piero,2/12/2023,Goiás,2500,
1051,HL9962,Android,2,Andressa,Chou,1/4/2023,Goiás,3400,
1055,HL1918,iPhone,5,Aní­zio,Carvalho,12/5/2023,Goiás,5300,
1086,HL1918,iPhone,2,Lucas,Monte,6/6/2023,Goiás,5300,
1116,HL4379,Televisão,5,Victor,Magalhíes,8/14/2023,Goiás,2500,
1142,HL4379,Televisão,4,Raul,Junqueira,2/3/2023,Goiás,2500,
1149,HL9962,Android,2,Karina,Camara,9/17/2023,Goiás,3400,
1150,HL1918,iPhone,5,Larissa,Vasconcellos,1/9/2023,Goiás,5300,
1163,HL1918,iPhone,1,Audir,Franco,2/25/2023,Goiás,5300,
1165,HL9962,Android,5,Thiago,Miura,11/21/2023,Goiás,3400,
1182,HL8851,Notebook,4,Adriana,Passos,10/11/2023,Goiás,3500,
1199,HL8851,Notebook,3,Lucas,Monte,11/27/2023,Goiás,3500,
1234,HL4379,Televisão,5,Roberta,Pimenta,4/13/2023,Goiás,2500,
1263,HL4379,Televisão,3,Henrique,Lencastre,7/17/2023,Goiás,2500,
1272,HL1148,Câmera,4,Guilherme,Lima,11/6/2023,Goiás,2100,
1299,HL8851,Notebook,4,Lí­via,Tanaka,3/9/2023,Goiás,3500,
1309,HL7348,SmartWatch,2,Pedro,Costa,9/26/2023,Goiás,1400,
1328,HL4379,Televisão,2,Victor,Gomes,12/5/2023,Goiás,2500,
1335,HL2714,Tablet,4,Rilson,Guedes,1/2/2023,Goiás,1600,
1345,HL7348,SmartWatch,5,Pedro,Martins,6/22/2023,Goiás,1400,
1386,HL4379,Televisão,5,Caroline,Cavalcanti,12/10/2023,Goiás,2500,
1403,HL4379,Televisão,4,Gabriel,Brito,1/27/2023,Goiás,2500,
1407,HL4379,Televisão,1,Thomáz,Rodriguez,2/14/2023,Goiás,2500,
1416,HL8851,Notebook,4,Elena,Barreto,4/5/2023,Goiás,3500,
1419,HL1918,iPhone,2,Lorena,Carvalho,11/19/2023,Goiás,5300,
1435,HL8851,Notebook,4,Pedro,Macckione,5/19/2023,Goiás,3500,
1437,HL1918,iPhone,5,Carolina,Rachide,10/8/2023,Goiás,5300,
1448,HL7348,SmartWatch,3,Felipe,Paulo,4/22/2023,Goiás,1400,
1456,HL7348,SmartWatch,3,Lenon,Fernandes,7/8/2023,Goiás,1400,
1463,HL7348,SmartWatch,3,Eduardo,Pacheco,7/28/2023,Goiás,1400,
1464,HL4379,Televisão,4,Allan,Candido,9/18/2023,Goiás,2500,
1465,HL1918,iPhone,1,Daniel,Sousa,11/19/2023,Goiás,5300,
1469,HL4379,Televisão,3,Luiz,Campista,4/16/2023,Goiás,2500,
1492,HL1918,iPhone,3,Raí­ssa,Oliveira,3/11/2023,Goiás,5300,
1494,HL4379,Televisão,4,Rafael,Guimaríes,8/19/2023,Goiás,2500,
1506,HL1918,iPhone,1,Jackson,Derossi,1/16/2023,Goiás,5300,
1508,HL4379,Televisão,1,Marina,Correa,8/29/2023,Goiás,2500,
1510,HL4379,Televisão,3,Maria,Junior,5/2/2023,Goiás,2500,
1539,HL2714,Tablet,5,Raissa,Sales,1/9/2023,Goiás,1600,
1543,HL7348,SmartWatch,3,Julia,Aliani,5/2/2023,Goiás,1400,
1556,HL1918,iPhone,5,Lí­via,Marques,4/5/2023,Goiás,5300,
1574,HL1918,iPhone,1,Carlos,Mesquita,4/14/2023,Goiás,5300,
1579,HL9962,Android,3,Gabrielle,Costa,8/22/2023,Goiás,3400,
1598,HL9962,Android,3,Larissa,Jesus,12/20/2023,Goiás,3400,
1604,HL8851,Notebook,3,Bianca,Tatsch,7/6/2023,Goiás,3500,
1618,HL2714,Tablet,2,Raí­ssa,Oros,3/21/2023,Goiás,1600,
1644,HL1918,iPhone,4,Ana,Carvalho,12/30/2023,Goiás,5300,
1645,HL4379,Televisão,4,Nathan,Morelli,11/8/2023,Goiás,2500,
1647,HL2714,Tablet,4,Thiago,Costa,7/13/2023,Goiás,1600,
1655,HL1918,iPhone,2,Caroline,Cavalcanti,2/19/2023,Goiás,5300,
1690,HL1918,iPhone,3,Sarah,Souza,7/8/2023,Goiás,5300,
1733,HL2714,Tablet,5,Antônio,Soares,12/21/2023,Goiás,1600,
1734,HL1918,iPhone,2,Igor,Lima,8/31/2023,Goiás,5300,
1736,HL1918,iPhone,1,Paloma,Sperandei,12/2/2023,Goiás,5300,
1742,HL1918,iPhone,3,Raissa,Sales,4/26/2023,Goiás,5300,
1755,HL8851,Notebook,4,Wilson,Miranda,1/31/2023,Goiás,3500,
1767,HL1918,iPhone,4,Gabrielle,Wanderley,11/19/2023,Goiás,5300,
1772,HL1148,Câmera,1,Raissa,Maia,8/25/2023,Goiás,2100,
1779,HL1918,iPhone,4,Lucas,Wanderley,6/4/2023,Goiás,5300,
1780,HL7348,SmartWatch,4,Michelle,Miura,3/9/2023,Goiás,1400,
1796,HL4379,Televisão,2,Gabriela,Mello,11/10/2023,Goiás,2500,
1801,HL9962,Android,1,Isabel,Leite,11/10/2023,Goiás,3400,
1808,HL1918,iPhone,3,Joío,Monteiro,10/4/2023,Goiás,5300,
1816,HL8851,Notebook,2,Isabella,Santos,10/10/2023,Goiás,3500,
1820,HL1148,Câmera,2,Miguel,Carneiro,10/5/2023,Goiás,2100,
1823,HL9962,Android,3,Marina,Miranda,1/22/2023,Goiás,3400,
1844,HL1918,iPhone,2,Isabella,Montanholi,4/5/2023,Goiás,5300,
1859,HL1918,iPhone,5,Manuela,Ferreira,1/21/2023,Goiás,5300,
1862,HL2714,Tablet,5,Ana,Felippe,3/4/2023,Goiás,1600,
1866,HL1918,iPhone,2,Maria,Gasperi,3/29/2023,Goiás,5300,
1868,HL1918,iPhone,3,Cézar,Santos,2/10/2023,Goiás,5300,
1870,HL4379,Televisão,4,Paula,Cavalcanti,11/30/2023,Goiás,2500,
1879,HL4379,Televisão,3,Lucas,Machado,1/5/2023,Goiás,2500,
1882,HL4379,Televisão,1,Raul,Junqueira,1/20/2023,Goiás,2500,
1890,HL4379,Televisão,3,José,Fonseca,1/29/2023,Goiás,2500,
1974,HL1918,iPhone,5,Cézar,Santos,3/19/2023,Goiás,5300,
1979,HL7348,SmartWatch,3,Hygor,Essaber,9/13/2023,Goiás,1400,
2018,HL7348,SmartWatch,1,Norman,Jimbo,12/25/2023,Goiás,1400,
2040,HL4379,Televisão,3,Isabella,Rodrigues,5/13/2023,Goiás,2500,
2064,HL4379,Televisão,5,Arthur,Fernandes,6/9/2023,Goiás,2500,
2117,HL9962,Android,3,Vanessa,Neves,3/21/2023,Goiás,3400,
2156,HL1918,iPhone,3,Cí­cero,Lima,9/22/2023,Goiás,5300,
2162,HL4379,Televisão,3,Luí­za,Garcia,3/15/2023,Goiás,2500,
2165,HL8851,Notebook,2,Rebeca,Manhíes,4/23/2023,Goiás,3500,
2179,HL9962,Android,5,Carlos,Melo,4/8/2023,Goiás,3400,
2182,HL1918,iPhone,5,Rafaela,Rodrigues,5/1/2023,Goiás,5300,
2192,HL1918,iPhone,2,Guilherme,Lima,11/15/2023,Goiás,5300,
2195,HL1918,iPhone,2,Daniel,Nauenberg,2/21/2023,Goiás,5300,
2207,HL1918,iPhone,3,Joío,Castilho,11/30/2023,Goiás,5300,
2217,HL4379,Televisão,1,Letí­cia,Rodrigues,9/12/2023,Goiás,2500,
2232,HL2714,Tablet,2,Leonardo,Faria,12/3/2023,Goiás,1600,
2242,HL2714,Tablet,4,Katharina,Barros,3/4/2023,Goiás,1600,
2246,HL2714,Tablet,4,Antonio,Manhíes,7/10/2023,Goiás,1600,
2248,HL1918,iPhone,5,Thais,Rodrigues,2/3/2023,Goiás,5300,
2256,HL4379,Televisão,1,Adriane,Gomes,6/30/2023,Goiás,2500,
2262,HL4379,Televisão,5,Rafael,Wajnsztok,5/20/2023,Goiás,2500,
2277,HL8851,Notebook,4,Camilla,Cardeman,3/28/2023,Goiás,3500,
2286,HL4379,Televisão,4,Leonardo,Ferreira,8/29/2023,Goiás,2500,
2297,HL1918,iPhone,2,Marina,Marins,9/27/2023,Goiás,5300,
2303,HL9962,Android,2,Bianca,Allevato,8/25/2023,Goiás,3400,
2307,HL2714,Tablet,3,Julia,Figueiredo,3/10/2023,Goiás,1600,
2351,HL1918,iPhone,4,Juliana,Souza,9/2/2023,Goiás,5300,
2394,HL4379,Televisão,1,Helena,Chafin,12/25/2023,Goiás,2500,
2396,HL9962,Android,2,Anderson,Cavalcanti,9/29/2023,Goiás,3400,
2428,HL2714,Tablet,1,Rafaela,Ferreira,1/26/2023,Goiás,1600,
2429,HL9962,Android,4,Ananda,Dias,10/8/2023,Goiás,3400,
2456,HL7348,SmartWatch,5,Lucas,Almeida,12/22/2023,Goiás,1400,
2469,HL1918,iPhone,4,Julia,Teixeira,12/31/2023,Goiás,5300,
2486,HL1918,iPhone,3,Luí­za,Melo,7/3/2023,Goiás,5300,
2535,HL1148,Câmera,3,Joío,Araujo,5/10/2023,Goiás,2100,
2541,HL1148,Câmera,4,Bruna,Gomes,7/22/2023,Goiás,2100,
2557,HL1918,iPhone,5,Daniela,Andrada,4/26/2023,Goiás,5300,
2582,HL1148,Câmera,1,Adrielle,Forte,5/20/2023,Goiás,2100,
2611,HL1918,iPhone,4,Thais,Rodrigues,9/25/2023,Goiás,5300,
2614,HL4379,Televisão,2,Elena,Barreto,5/21/2023,Goiás,2500,
2632,HL8851,Notebook,3,Marina,Marins,6/1/2023,Goiás,3500,
2634,HL1918,iPhone,5,Luiz,Campista,8/8/2023,Goiás,5300,
2653,HL1918,iPhone,4,Joío,Pedrazza,11/2/2023,Goiás,5300,
2672,HL1148,Câmera,4,Deysiane,Medronho,1/19/2023,Goiás,2100,
2695,HL1918,iPhone,5,Kimberly,Sad,9/30/2023,Goiás,5300,
2710,HL1918,iPhone,1,Arthur,Fernandes,8/5/2023,Goiás,5300,
2713,HL7348,SmartWatch,1,Isabel,Leite,9/3/2023,Goiás,1400,
2720,HL2714,Tablet,5,Juan,Fernandes,2/6/2023,Goiás,1600,
2721,HL9962,Android,4,Joío,Ribeiro,1/21/2023,Goiás,3400,
2735,HL8851,Notebook,4,Hércules,Moreira,12/22/2023,Goiás,3500,
2760,HL9962,Android,1,Victor,Ferreira,11/12/2023,Goiás,3400,
2775,HL9962,Android,2,Silvio,Fahrnholz,12/10/2023,Goiás,3400,
2779,HL9962,Android,5,Larissa,Jesus,1/11/2023,Goiás,3400,
2793,HL2714,Tablet,1,Henrique,Oliveira,9/9/2023,Goiás,1600,
2809,HL1148,Câmera,3,José,Jesus,6/20/2023,Goiás,2100,
2823,HL1918,iPhone,3,Isabella,Rodrigues,11/13/2023,Goiás,5300,
2835,HL1148,Câmera,3,Gabriel,Pereira,2/3/2023,Goiás,2100,
2855,HL1148,Câmera,2,Fillipe,Almeida,6/1/2023,Goiás,2100,
2862,HL7348,SmartWatch,1,Sandy,Moreira,6/9/2023,Goiás,1400,
2869,HL2714,Tablet,1,Fillipe,Almeida,10/3/2023,Goiás,1600,
2912,HL1918,iPhone,5,Luiz,Limp,10/13/2023,Goiás,5300,
2920,HL4379,Televisão,5,Daniel,Araujo,3/13/2023,Goiás,2500,
2932,HL4379,Televisão,5,Alexandre,Rodriguez,5/20/2023,Goiás,2500,
2942,HL1918,iPhone,3,Carolina,Silva,5/6/2023,Goiás,5300,
2962,HL9962,Android,1,Priscila,Garcia,7/29/2023,Goiás,3400,
2967,HL7348,SmartWatch,3,Guilherme,Seixas,1/11/2023,Goiás,1400,
2968,HL8851,Notebook,3,Arthur,Fernandes,9/9/2023,Goiás,3500,
2970,HL1918,iPhone,3,Mateus,Polastri,10/7/2023,Goiás,5300,
2985,HL1918,iPhone,3,Nicolas,Monteiro,5/10/2023,Goiás,5300,
2986,HL9962,Android,1,Lucas,Villanova,1/30/2023,Goiás,3400,
2992,HL1918,iPhone,4,Mateus,Duque,6/9/2023,Goiás,5300,
2995,HL1918,iPhone,4,Raphael,Machado,5/10/2023,Goiás,5300,
2999,HL1918,iPhone,1,Bruno,Mota,9/18/2023,Goiás,5300,
3011,HL4379,Televisão,2,Amanda,Machado,11/23/2023,Goiás,2500,
3033,HL2714,Tablet,2,Carlos,Barbosa,8/4/2023,Goiás,1600,
3055,HL4379,Televisão,3,Leandro,Rodrigues,4/21/2023,Goiás,2500,
3056,HL4379,Televisão,2,Roberto,Mattos,5/24/2023,Goiás,2500,
3078,HL4379,Televisão,3,Livia,Codeceira,11/7/2023,Goiás,2500,
3083,HL1918,iPhone,3,Danilo,Rubim,11/28/2023,Goiás,5300,
3111,HL9962,Android,3,Cí­cero,Lima,11/6/2023,Goiás,3400,
3114,HL1918,iPhone,5,Bruno,Silva,9/15/2023,Goiás,5300,
3139,HL1918,iPhone,1,Joío,Alves,2/9/2023,Goiás,5300,
3146,HL1918,iPhone,2,Cí­cero,Lima,12/18/2023,Goiás,5300,
3155,HL1918,iPhone,5,Mariana,Freire,6/24/2023,Goiás,5300,
3157,HL1918,iPhone,3,Kim,Ferreira,12/7/2023,Goiás,5300,
3166,HL1918,iPhone,1,Gabriel,Puntel,6/29/2023,Goiás,5300,
3170,HL1918,iPhone,2,Julia,Silva,5/24/2023,Goiás,5300,
3179,HL4379,Televisão,1,Julia,Leig,12/17/2023,Goiás,2500,
3202,HL1918,iPhone,3,Carlos,Melo,11/14/2023,Goiás,5300,
3204,HL1918,iPhone,3,Bruno,Mota,4/7/2023,Goiás,5300,
3220,HL1918,iPhone,3,Eduardo,Veiga,7/30/2023,Goiás,5300,
3233,HL4379,Televisão,4,Gabriel,Soares,3/2/2023,Goiás,2500,
3282,HL4379,Televisão,2,Eric,Júnior,10/9/2023,Goiás,2500,
3284,HL1918,iPhone,2,Matheus,Gomes,8/10/2023,Goiás,5300,
3285,HL8851,Notebook,4,Luí­sa,Fonseca,7/25/2023,Goiás,3500,
3291,HL8851,Notebook,4,Guilherme,Lima,2/13/2023,Goiás,3500,
3298,HL4379,Televisão,2,Livia,Corríªa,7/10/2023,Goiás,2500,
3312,HL1918,iPhone,4,Gabriel,Assis,9/16/2023,Goiás,5300,
3334,HL2714,Tablet,1,Ana,Carvalho,2/2/2023,Goiás,1600,
3336,HL9962,Android,2,Sandy,Figueiredo,3/7/2023,Goiás,3400,
3343,HL9962,Android,2,Carlos,Melo,2/22/2023,Goiás,3400,
3352,HL1148,Câmera,3,Adriano,Silva,8/1/2023,Goiás,2100,
3356,HL1918,iPhone,2,Bruno,Oliveira,2/6/2023,Goiás,5300,
3408,HL7348,SmartWatch,5,Joío,Monteiro,11/26/2023,Goiás,1400,
3424,HL7348,SmartWatch,4,Fernanda,Figueiredo,3/28/2023,Goiás,1400,
3431,HL9962,Android,3,Eduardo,Lopes,5/24/2023,Goiás,3400,
3434,HL4379,Televisão,4,Amanda,Gontijo,3/24/2023,Goiás,2500,
3449,HL9962,Android,4,Ana,Carvalho,8/31/2023,Goiás,3400,
3459,HL1918,iPhone,3,Luiza,Farias,3/27/2023,Goiás,5300,
3471,HL7348,SmartWatch,1,Bernard,Pedrosa,7/18/2023,Goiás,1400,
3511,HL1918,iPhone,5,Rafaela,Gomes,7/25/2023,Goiás,5300,
3521,HL1918,iPhone,3,Juan,Barbosa,4/15/2023,Goiás,5300,
3522,HL1148,Câmera,4,Wen,Braga,12/8/2023,Goiás,2100,
3539,HL1148,Câmera,4,Guilherme,Monteiro,12/17/2023,Goiás,2100,
3553,HL1918,iPhone,4,Mariane,Ferreira,11/12/2023,Goiás,5300,
3556,HL1918,iPhone,1,Sylvio,Bernhardt,1/14/2023,Goiás,5300,
3570,HL1148,Câmera,3,José,Jesus,8/30/2023,Goiás,2100,
3572,HL7348,SmartWatch,2,Luiza,Johnson,8/25/2023,Goiás,1400,
3579,HL1918,iPhone,3,Wendela,Veloso,5/4/2023,Goiás,5300,
3587,HL1918,iPhone,2,Melissa,Nucci,10/15/2023,Goiás,5300,
3593,HL1918,iPhone,3,Roberto,Nogueira,10/18/2023,Goiás,5300,
3600,HL1918,iPhone,5,Felipe,Cavalcanti,10/24/2023,Goiás,5300,
3605,HL1918,iPhone,4,Bruno,Barcessat,7/10/2023,Goiás,5300,
3612,HL4379,Televisão,1,Juliana,Pacheco,2/15/2023,Goiás,2500,
3628,HL9962,Android,5,Luiza,Cavalcanti,5/19/2023,Goiás,3400,
3651,HL4379,Televisão,4,Giulia,Lopes,11/22/2023,Goiás,2500,
3661,HL1148,Câmera,3,Norman,Jimbo,4/29/2023,Goiás,2100,
3670,HL1918,iPhone,2,Gabriella,Lopes,1/9/2023,Goiás,5300,
3674,HL7348,SmartWatch,4,Gabriella,Lopes,3/19/2023,Goiás,1400,
3677,HL9962,Android,2,Maria,Junior,5/6/2023,Goiás,3400,
3701,HL1918,iPhone,3,Ana,Felippe,1/20/2023,Goiás,5300,
3708,HL1918,iPhone,5,Isabel,Mesquita,12/5/2023,Goiás,5300,
3712,HL1918,iPhone,4,Bruna,Chein,3/17/2023,Goiás,5300,
3727,HL1918,iPhone,2,Raphael,Kurtz,7/15/2023,Goiás,5300,
3728,HL2714,Tablet,3,Pedro,Santos,8/16/2023,Goiás,1600,
3754,HL1918,iPhone,4,Andre,Nóbrega,12/26/2023,Goiás,5300,
3757,HL1918,iPhone,2,Henrique,Villanova,4/29/2023,Goiás,5300,
3758,HL1918,iPhone,3,Felipe,Cavalcanti,8/16/2023,Goiás,5300,
3775,HL4379,Televisão,5,Larissa,Cruz,6/30/2023,Goiás,2500,
3776,HL7348,SmartWatch,5,Joío,Monteiro,6/29/2023,Goiás,1400,
3783,HL7348,SmartWatch,5,Lenon,Fernandes,2/24/2023,Goiás,1400,
3786,HL4379,Televisão,2,Julia,Figueiredo,11/13/2023,Goiás,2500,
3792,HL4379,Televisão,1,Priscila,Carvalho,3/13/2023,Goiás,2500,
3813,HL9962,Android,2,Maria,Mello,7/20/2023,Goiás,3400,
3822,HL8851,Notebook,5,Kimberly,Sad,2/20/2023,Goiás,3500,
3836,HL4379,Televisão,5,Daniela,Pereira,12/2/2023,Goiás,2500,
3849,HL8851,Notebook,1,Guilherme,Merotto,11/6/2023,Goiás,3500,
3855,HL7348,SmartWatch,5,Audir,Franco,7/20/2023,Goiás,1400,
3883,HL1918,iPhone,2,Lucas,Almeida,6/13/2023,Goiás,5300,
3889,HL9962,Android,2,Jéssica,Stefanelli,3/16/2023,Goiás,3400,
3913,HL8851,Notebook,3,Daniel,Cardoso,7/9/2023,Goiás,3500,
3920,HL1918,iPhone,2,Ana,Miura,5/13/2023,Goiás,5300,
3959,HL1918,iPhone,2,Carolina,Carneiro,12/8/2023,Goiás,5300,
4006,HL8851,Notebook,5,Maria,Gasperi,9/19/2023,Goiás,3500,
4042,HL1918,iPhone,4,Thomáz,Vannier,5/13/2023,Goiás,5300,
4050,HL1148,Câmera,4,Rodrigo,Ramos,1/10/2023,Goiás,2100,
4053,HL7348,SmartWatch,1,Larissa,Nauenberg,5/25/2023,Goiás,1400,
4054,HL8851,Notebook,1,Victor,Lira,5/8/2023,Goiás,3500,
4055,HL2714,Tablet,2,Wilson,Brandío,8/26/2023,Goiás,1600,
4063,HL1918,iPhone,1,Wen,Braga,5/9/2023,Goiás,5300,
4078,HL2714,Tablet,1,Ives,Teixeira,6/29/2023,Goiás,1600,
4087,HL4379,Televisão,3,Ana,Leite,9/24/2023,Goiás,2500,
4115,HL4379,Televisão,2,Bruno,Velucci,7/12/2023,Goiás,2500,
4129,HL1918,iPhone,1,Arthur,Fernandes,10/6/2023,Goiás,5300,
4131,HL1918,iPhone,1,Vanessa,Bach,2/15/2023,Goiás,5300,
4136,HL7348,SmartWatch,2,Philipe,Morete,10/7/2023,Goiás,1400,
4140,HL4379,Televisão,2,Norman,Jimbo,6/7/2023,Goiás,2500,
4153,HL9962,Android,1,Priscila,Vogel,6/13/2023,Goiás,3400,
4198,HL2714,Tablet,3,Stephanie,Oliveira,5/3/2023,Goiás,1600,
4207,HL2714,Tablet,4,Milena,Alcoforado,1/6/2023,Goiás,1600,
4216,HL1918,iPhone,2,Rodrigo,Feijo,3/22/2023,Goiás,5300,
4229,HL4379,Televisão,5,Andre,Sampaio,12/4/2023,Goiás,2500,
4241,HL8851,Notebook,2,Diego,Marchesi,2/27/2023,Goiás,3500,
4245,HL7348,SmartWatch,1,Ana,Monte,5/6/2023,Goiás,1400,
4250,HL8851,Notebook,3,Beatriz,Cavalcanti,6/5/2023,Goiás,3500,
4258,HL9962,Android,1,Breno,Varella,1/23/2023,Goiás,3400,
4269,HL1148,Câmera,5,Amanda,Roberto,11/29/2023,Goiás,2100,
4314,HL1148,Câmera,1,Igor,Lima,6/14/2023,Goiás,2100,
4324,HL4379,Televisão,5,Bianca,Ferezin,8/1/2023,Goiás,2500,
4329,HL7348,SmartWatch,5,Renan,Melo,5/3/2023,Goiás,1400,
4349,HL7348,SmartWatch,3,Carolina,Siqueira,4/17/2023,Goiás,1400,
4358,HL4379,Televisão,5,Yasmim,Verly,12/10/2023,Goiás,2500,
4361,HL2714,Tablet,3,Fernanda,Coutinho,8/14/2023,Goiás,1600,
4381,HL8851,Notebook,1,Bruno,Oliveira,9/10/2023,Goiás,3500,
4386,HL9962,Android,2,Leandro,Ferreira,7/23/2023,Goiás,3400,
4395,HL1918,iPhone,3,Raul,Junqueira,10/28/2023,Goiás,5300,
4403,HL1918,iPhone,3,Stephanie,Goní§alves,4/27/2023,Goiás,5300,
4414,HL1918,iPhone,3,Victor,Soares,4/22/2023,Goiás,5300,
4415,HL1918,iPhone,5,Arthur,Rocha,2/5/2023,Goiás,5300,
4431,HL4379,Televisão,2,Priscila,Garcia,4/5/2023,Goiás,2500,
4452,HL1148,Câmera,5,Juliana,Silva,12/15/2023,Goiás,2100,
4461,HL4379,Televisão,4,Luana,Santos,2/23/2023,Goiás,2500,
4463,HL2714,Tablet,2,Caio,Moura,10/11/2023,Goiás,1600,
4486,HL9962,Android,5,Raí­ssa,Oliveira,8/26/2023,Goiás,3400,
4509,HL1918,iPhone,3,Guilherme,Rachide,7/16/2023,Goiás,5300,
4510,HL2714,Tablet,5,Lorena,Kohn,10/4/2023,Goiás,1600,
4520,HL4379,Televisão,1,Raphael,Coelho,8/26/2023,Goiás,2500,
4528,HL9962,Android,2,Maria,Junior,12/24/2023,Goiás,3400,
4534,HL1918,iPhone,1,Myllena,Corríªa,6/12/2023,Goiás,5300,
4545,HL4379,Televisão,1,Anna,Silva,9/15/2023,Goiás,2500,
4546,HL1148,Câmera,2,Bianca,Paz,9/7/2023,Goiás,2100,
4548,HL4379,Televisão,1,William,Mendoní§a,3/9/2023,Goiás,2500,
4563,HL7348,SmartWatch,3,Raí­ssa,Nimer,11/16/2023,Goiás,1400,
4581,HL2714,Tablet,1,Fernanda,Rubim,10/11/2023,Goiás,1600,
4625,HL1148,Câmera,1,Gabriela,Mello,12/1/2023,Goiás,2100,
4635,HL7348,SmartWatch,3,Anna,Figueiredo,4/13/2023,Goiás,1400,
4636,HL1918,iPhone,1,Fernanda,Rubim,1/4/2023,Goiás,5300,
4641,HL9962,Android,4,Gabriel,Soares,9/2/2023,Goiás,3400,
4649,HL7348,SmartWatch,1,Karina,Camara,11/18/2023,Goiás,1400,
4680,HL1918,iPhone,5,Lucas,Fontoura,7/20/2023,Goiás,5300,
4681,HL1918,iPhone,5,Joío,Júnior,9/3/2023,Goiás,5300,
4690,HL4379,Televisão,3,Deysiane,Bach,4/9/2023,Goiás,2500,
4707,HL9962,Android,4,Marina,Miranda,7/17/2023,Goiás,3400,
4721,HL1918,iPhone,1,Ylana,Teraoka,1/15/2023,Goiás,5300,
4771,HL8851,Notebook,2,Norman,Jimbo,5/4/2023,Goiás,3500,
4785,HL1918,iPhone,5,Joío,Costa,8/14/2023,Goiás,5300,
4787,HL7348,SmartWatch,3,Matheus,Delgado,7/19/2023,Goiás,1400,
4792,HL1918,iPhone,1,Pedro,Costa,3/28/2023,Goiás,5300,
4795,HL7348,SmartWatch,3,Fernanda,Silva,12/26/2023,Goiás,1400,
4835,HL8851,Notebook,4,Caio,Silva,11/8/2023,Goiás,3500,
4848,HL4379,Televisão,5,Sthefeson,Kohn,3/12/2023,Goiás,2500,
4864,HL1918,iPhone,5,Luiz,Conceií§ío,12/19/2023,Goiás,5300,
4873,HL2714,Tablet,5,Alvaro,Kranz,4/6/2023,Goiás,1600,
4886,HL2714,Tablet,1,Hércules,Moreira,6/19/2023,Goiás,1600,
4887,HL9962,Android,5,Roberta,Nogueira,4/21/2023,Goiás,3400,
4891,HL4379,Televisão,5,Pedro,Costa,5/27/2023,Goiás,2500,
4902,HL1918,iPhone,2,Juliana,Goes,3/2/2023,Goiás,5300,
4909,HL8851,Notebook,3,Thales,Gouvíªa,2/20/2023,Goiás,3500,
4916,HL2714,Tablet,3,Renan,Ventura,11/25/2023,Goiás,1600,
4919,HL4379,Televisão,2,Luis,Garcia,12/24/2023,Goiás,2500,
4937,HL7348,SmartWatch,4,Joío,Castilho,9/29/2023,Goiás,1400,
4979,HL8851,Notebook,4,Willian,Albino,12/6/2023,Goiás,3500,
5002,HL1148,Câmera,2,Thays,Castro,11/3/2023,Goiás,2100,
5006,HL4379,Televisão,3,Rafael,Rocha,10/6/2023,Goiás,2500,
5007,HL4379,Televisão,3,Priscila,Carvalho,12/20/2023,Goiás,2500,
5019,HL4379,Televisão,2,Luí­za,Garcia,7/21/2023,Goiás,2500,
5034,HL4379,Televisão,3,Laí­s,Oliveira,8/6/2023,Goiás,2500,
5035,HL4379,Televisão,3,Danilo,Rubim,2/5/2023,Goiás,2500,
5036,HL4379,Televisão,5,Pedro,Santos,7/23/2023,Goiás,2500,
5037,HL1148,Câmera,5,Raphael,Filho,5/18/2023,Goiás,2100,
5070,HL4379,Televisão,3,Juliana,Pacheco,2/18/2023,Goiás,2500,
5090,HL7348,SmartWatch,3,Antonio,Manhíes,7/7/2023,Goiás,1400,
5093,HL7348,SmartWatch,2,Eduardo,Vargas,1/8/2023,Goiás,1400,
5125,HL9962,Android,1,Felipe,Jorge,9/6/2023,Goiás,3400,
5161,HL1148,Câmera,3,Lais,Candido,7/19/2023,Goiás,2100,
5163,HL9962,Android,4,Mateus,Polastri,9/23/2023,Goiás,3400,
5170,HL1148,Câmera,3,Victor,Ferreira,9/19/2023,Goiás,2100,
5182,HL1918,iPhone,4,Matheus,Miranda,9/5/2023,Goiás,5300,
5203,HL1148,Câmera,2,Luí­za,Melo,5/21/2023,Goiás,2100,
5207,HL1918,iPhone,1,Yasmim,Bittencourt,9/4/2023,Goiás,5300,
5226,HL1148,Câmera,4,Rodrigo,Feijo,3/9/2023,Goiás,2100,
5228,HL1918,iPhone,3,Caio,Moraes,10/22/2023,Goiás,5300,
5239,HL2714,Tablet,3,Eduardo,Quindeler,11/9/2023,Goiás,1600,
5252,HL2714,Tablet,5,Alexandre,Dantas,7/2/2023,Goiás,1600,
5254,HL8851,Notebook,2,Victor,Zakhm,7/27/2023,Goiás,3500,
5257,HL1148,Câmera,5,Wilson,Miranda,5/21/2023,Goiás,2100,
5260,HL8851,Notebook,2,Maria,Mello,4/9/2023,Goiás,3500,
5277,HL8851,Notebook,3,Raí­sa,Rodrigues,11/9/2023,Goiás,3500,
5291,HL4379,Televisão,3,Daniel,Monteiro,1/25/2023,Goiás,2500,
5293,HL7348,SmartWatch,2,Caio,Affonso,8/9/2023,Goiás,1400,
5295,HL1918,iPhone,3,Nina,Magalhíes,8/14/2023,Goiás,5300,
5316,HL1148,Câmera,3,Isabela,Chagas,9/10/2023,Goiás,2100,
5352,HL1918,iPhone,1,Jéssica,Resinente,2/4/2023,Goiás,5300,
5360,HL1918,iPhone,5,Aline,Andrade,10/4/2023,Goiás,5300,
5361,HL2714,Tablet,3,Rachel,Restum,12/19/2023,Goiás,1600,
5375,HL1148,Câmera,4,Joío,Araujo,11/3/2023,Goiás,2100,
5376,HL8851,Notebook,4,Thayna,Martins,6/19/2023,Goiás,3500,
5377,HL9962,Android,3,Milena,Alcoforado,5/23/2023,Goiás,3400,
5398,HL1918,iPhone,4,Jônatas,Soares,4/16/2023,Goiás,5300,
5410,HL1918,iPhone,2,Daniel,Sousa,11/5/2023,Goiás,5300,
5411,HL1918,iPhone,5,Nina,Magalhíes,9/19/2023,Goiás,5300,
5419,HL1918,iPhone,4,Leticia,Mesquita,1/2/2023,Goiás,5300,
5422,HL4379,Televisão,5,Pedro,Dalforne,1/28/2023,Goiás,2500,
5427,HL9962,Android,2,Anderson,Cavalcanti,11/19/2023,Goiás,3400,
5432,HL4379,Televisão,5,Miguel,Carneiro,1/8/2023,Goiás,2500,
5439,HL9962,Android,1,Henrique,Lencastre,4/16/2023,Goiás,3400,
5487,HL1148,Câmera,3,Luí­za,Garcia,10/15/2023,Goiás,2100,
5515,HL1918,iPhone,4,Luí­za,Goulart,2/14/2023,Goiás,5300,
5525,HL1918,iPhone,3,Rafaela,Gomes,6/20/2023,Goiás,5300,
5543,HL1918,iPhone,3,Bianca,Allevato,8/22/2023,Goiás,5300,
5553,HL1148,Câmera,3,Ana,Michetti,6/13/2023,Goiás,2100,
5578,HL1918,iPhone,5,Gabriella,Sagrillo,4/3/2023,Goiás,5300,
5599,HL4379,Televisão,4,Lara,Moreira,2/9/2023,Goiás,2500,
5605,HL7348,SmartWatch,1,Beatriz,Almeida,10/23/2023,Goiás,1400,
5609,HL7348,SmartWatch,2,Gabriela,Cavalcanti,6/8/2023,Goiás,1400,
5618,HL1148,Câmera,3,Camilla,Cardeman,3/27/2023,Goiás,2100,
5620,HL7348,SmartWatch,4,Luí,Sá,12/29/2023,Goiás,1400,
5622,HL4379,Televisão,2,Sthefeson,Pereira,1/5/2023,Goiás,2500,
5624,HL1148,Câmera,4,Lais,Candido,4/22/2023,Goiás,2100,
5644,HL7348,SmartWatch,3,Rilson,Dias,12/28/2023,Goiás,1400,
5649,HL8851,Notebook,5,Luiza,Procaci,5/19/2023,Goiás,3500,
5660,HL8851,Notebook,5,Sandy,Figueiredo,9/6/2023,Goiás,3500,
5680,HL4379,Televisão,1,Beatriz,Nogueira,9/28/2023,Goiás,2500,
5765,HL1148,Câmera,2,Breno,Varella,6/14/2023,Goiás,2100,
5809,HL1148,Câmera,1,Myllena,Corríªa,1/24/2023,Goiás,2100,
5855,HL4379,Televisão,2,Gabriel,Puntel,7/4/2023,Goiás,2500,
5875,HL8851,Notebook,4,Wilson,Farias,4/12/2023,Goiás,3500,
5894,HL9962,Android,4,Marcelo,Guadagnino,5/6/2023,Goiás,3400,
5919,HL1148,Câmera,1,Michelle,Miura,10/12/2023,Goiás,2100,
5928,HL1918,iPhone,4,Gustavo,Thome,6/13/2023,Goiás,5300,
5942,HL7348,SmartWatch,1,Roberta,Teixeira,8/6/2023,Goiás,1400,
5961,HL8851,Notebook,1,Marcelo,Pereira,6/9/2023,Goiás,3500,
5973,HL9962,Android,3,Arthur,Rocha,3/21/2023,Goiás,3400,
5979,HL1148,Câmera,5,Beatriz,Almeida,1/3/2023,Goiás,2100,
6010,HL1918,iPhone,5,Carolina,Abrahío,10/29/2023,Goiás,5300,
6031,HL4379,Televisão,4,Caroll,Johnson,1/16/2023,Goiás,2500,
6062,HL1918,iPhone,4,Thales,Gouvíªa,5/11/2023,Goiás,5300,
6080,HL1918,iPhone,3,Joío,Júnior,12/19/2023,Goiás,5300,
6092,HL1918,iPhone,2,Diego,Marchesi,3/1/2023,Goiás,5300,
6116,HL4379,Televisão,2,Raul,Junqueira,12/23/2023,Goiás,2500,
6120,HL4379,Televisão,2,Jônatas,Soares,5/22/2023,Goiás,2500,
6139,HL1148,Câmera,1,Joío,Menezes,1/31/2023,Goiás,2100,
6144,HL2714,Tablet,5,Anderson,Cavalcanti,4/8/2023,Goiás,1600,
6159,HL1918,iPhone,5,Thiago,Lima,9/16/2023,Goiás,5300,
6177,HL4379,Televisão,1,Beatriz,Silva,4/14/2023,Goiás,2500,
6202,HL1918,iPhone,2,Isabela,Rodrigues,9/8/2023,Goiás,5300,
6219,HL1918,iPhone,4,Mônica,Rotolo,1/15/2023,Goiás,5300,
6242,HL7348,SmartWatch,5,Jeferson,Costa,3/20/2023,Goiás,1400,
6274,HL1918,iPhone,4,Lucas,Villanova,3/27/2023,Goiás,5300,
6275,HL4379,Televisão,5,Lucas,Monte,8/11/2023,Goiás,2500,
6284,HL9962,Android,1,Ana,Silva,10/5/2023,Goiás,3400,
6295,HL4379,Televisão,1,Lí­via,Tanaka,6/12/2023,Goiás,2500,
6302,HL4379,Televisão,3,Lucas,Freitas,6/30/2023,Goiás,2500,
6326,HL4379,Televisão,4,Pedro,Conceií§ío,5/14/2023,Goiás,2500,
6336,HL7348,SmartWatch,5,Debora,Silva,6/12/2023,Goiás,1400,
6341,HL1148,Câmera,4,Rodrigo,Mendes,7/20/2023,Goiás,2100,
6366,HL9962,Android,5,Stefan,Nunes,11/12/2023,Goiás,3400,
6370,HL4379,Televisão,1,Daniela,Rosa,1/13/2023,Goiás,2500,
6373,HL4379,Televisão,4,Breno,Costa,3/3/2023,Goiás,2500,
6378,HL2714,Tablet,1,Thiago,Nóbrega,11/5/2023,Goiás,1600,
6401,HL4379,Televisão,5,Henrique,Lencastre,5/7/2023,Goiás,2500,
6404,HL4379,Televisão,1,Jônatas,Tanaka,8/23/2023,Goiás,2500,
6423,HL4379,Televisão,5,Thayane,Resende,4/23/2023,Goiás,2500,
6436,HL2714,Tablet,2,Myllena,Corríªa,8/27/2023,Goiás,1600,
6454,HL1918,iPhone,4,Thaí­s,Ribeiro,8/29/2023,Goiás,5300,
6456,HL9962,Android,3,Marina,Aragío,9/30/2023,Goiás,3400,
6467,HL4379,Televisão,2,Michelle,Miura,8/14/2023,Goiás,2500,
6471,HL2714,Tablet,4,Eric,Carvalho,6/2/2023,Goiás,1600,
6486,HL8851,Notebook,4,Guilherme,Jordao,1/6/2023,Goiás,3500,
6492,HL4379,Televisão,5,Isabela,Rodrigues,10/25/2023,Goiás,2500,
6503,HL4379,Televisão,5,Ives,Teixeira,10/23/2023,Goiás,2500,
6523,HL7348,SmartWatch,5,Gabriela,Aliani,8/15/2023,Goiás,1400,
6533,HL9962,Android,2,Isabela,Rodrigues,11/13/2023,Goiás,3400,
6542,HL4379,Televisão,4,Gabriela,Mello,12/26/2023,Goiás,2500,
6544,HL1918,iPhone,4,Thales,Portillo,11/7/2023,Goiás,5300,
6612,HL1148,Câmera,5,Clara,Bruno,5/22/2023,Goiás,2100,
6640,HL1918,iPhone,4,Izabel,Miura,1/3/2023,Goiás,5300,
6693,HL8851,Notebook,3,Mateus,Franco,2/25/2023,Goiás,3500,
6697,HL1918,iPhone,5,Mariana,Barrozo,10/3/2023,Goiás,5300,
6700,HL2714,Tablet,5,Amanda,Gontijo,3/1/2023,Goiás,1600,
6714,HL1918,iPhone,4,Rafael,Guimaríes,10/25/2023,Goiás,5300,
6737,HL7348,SmartWatch,3,Philipe,Morete,1/4/2023,Goiás,1400,
6752,HL2714,Tablet,4,Sandy,Figueiredo,8/6/2023,Goiás,1600,
6754,HL7348,SmartWatch,4,Maria,Mello,1/27/2023,Goiás,1400,
6756,HL2714,Tablet,5,Bernardo,Nauenberg,10/17/2023,Goiás,1600,
6767,HL1918,iPhone,2,Thayane,Resende,7/17/2023,Goiás,5300,
6769,HL4379,Televisão,4,Juan,Fernandes,11/25/2023,Goiás,2500,
6812,HL2714,Tablet,1,Luiza,Marques,11/11/2023,Goiás,1600,
6816,HL4379,Televisão,3,Viviane,Cunha,11/26/2023,Goiás,2500,
6864,HL9962,Android,2,Thais,Rodrigues,4/24/2023,Goiás,3400,
6870,HL1918,iPhone,2,Lucas,Reis,2/18/2023,Goiás,5300,
6883,HL9962,Android,1,Diego,Rodrigues,12/16/2023,Goiás,3400,
6930,HL9962,Android,5,Luana,Santana,7/25/2023,Goiás,3400,
6949,HL1918,iPhone,4,Gabriel,Puntel,1/31/2023,Goiás,5300,
6968,HL8851,Notebook,1,Luiza,Procaci,5/15/2023,Goiás,3500,
6976,HL4379,Televisão,3,Felipe,Mello,11/5/2023,Goiás,2500,
6988,HL9962,Android,1,Natalia,Marinho,1/10/2023,Goiás,3400,
6991,HL4379,Televisão,2,Matheus,Miranda,7/17/2023,Goiás,2500,
6994,HL1918,iPhone,2,Luí­sa,Fonseca,6/20/2023,Goiás,5300,
6998,HL4379,Televisão,5,Renan,Melo,11/4/2023,Goiás,2500,
7006,HL4379,Televisão,5,Luiz,Almeida,3/20/2023,Goiás,2500,
7022,HL7348,SmartWatch,1,Luiza,Johnson,6/8/2023,Goiás,1400,
7051,HL4379,Televisão,2,Rodrigo,Ramos,6/22/2023,Goiás,2500,
7074,HL1148,Câmera,5,Rodrigo,Silva,7/19/2023,Goiás,2100,
7084,HL4379,Televisão,4,Carlos,Souza,5/13/2023,Goiás,2500,
7093,HL4379,Televisão,1,Isabel,Leite,10/30/2023,Goiás,2500,
7129,HL1148,Câmera,5,Luiza,Cabral,1/15/2023,Goiás,2100,
7141,HL1148,Câmera,3,Jonatas,Passos,5/19/2023,Goiás,2100,
7187,HL4379,Televisão,1,Breno,Godoy,3/9/2023,Goiás,2500,
7196,HL1918,iPhone,1,Izabel,Lopes,6/10/2023,Goiás,5300,
7202,HL1918,iPhone,2,Lucas,Junior,12/31/2023,Goiás,5300,
7222,HL1918,iPhone,3,Thaí­s,Moura,6/29/2023,Goiás,5300,
7229,HL7348,SmartWatch,2,Matheus,Ramos,7/15/2023,Goiás,1400,
7232,HL1918,iPhone,1,Juliana,Guimaríes,11/27/2023,Goiás,5300,
7272,HL4379,Televisão,4,Lenon,Fernandes,4/19/2023,Goiás,2500,
7284,HL1918,iPhone,5,Jônatas,Tanaka,8/8/2023,Goiás,5300,
7296,HL7348,SmartWatch,4,Priscila,Suzano,3/2/2023,Goiás,1400,
7303,HL7348,SmartWatch,2,Lucas,Almeida,8/8/2023,Goiás,1400,
7319,HL4379,Televisão,5,Vitor,Boccaletti,9/17/2023,Goiás,2500,
7322,HL2714,Tablet,1,Ana,Carvalho,12/11/2023,Goiás,1600,
7347,HL1918,iPhone,2,Alex,Fernandes,6/21/2023,Goiás,5300,
7353,HL1918,iPhone,4,Guilherme,Lima,3/9/2023,Goiás,5300,
7363,HL1918,iPhone,5,Joío,Junior,4/8/2023,Goiás,5300,
7372,HL1918,iPhone,3,Milena,Almeida,12/2/2023,Goiás,5300,
7386,HL2714,Tablet,5,Jônatas,Soares,6/29/2023,Goiás,1600,
7395,HL1918,iPhone,2,Hércules,Júnior,11/9/2023,Goiás,5300,
7413,HL1918,iPhone,5,Marina,Marins,6/30/2023,Goiás,5300,
7423,HL1148,Câmera,4,Joío,Guadagnino,5/15/2023,Goiás,2100,
7444,HL4379,Televisão,1,Andre,Sampaio,12/23/2023,Goiás,2500,
7452,HL7348,SmartWatch,1,Wilson,Brandío,9/14/2023,Goiás,1400,
7462,HL4379,Televisão,3,Isabella,Montanholi,1/23/2023,Goiás,2500,
7490,HL1148,Câmera,3,Mariane,Ferreira,11/10/2023,Goiás,2100,
7502,HL1918,iPhone,1,Adriana,Carneiro,8/28/2023,Goiás,5300,
7528,HL7348,SmartWatch,4,Raissa,Sales,1/18/2023,Goiás,1400,
7538,HL8851,Notebook,4,Pedro,Conceií§ío,12/22/2023,Goiás,3500,
7546,HL2714,Tablet,4,Luis,Garcia,2/3/2023,Goiás,1600,
7551,HL1918,iPhone,1,Bruno,Ursulino,5/7/2023,Goiás,5300,
7552,HL4379,Televisão,5,Lucas,Rocha,12/17/2023,Goiás,2500,
7571,HL1918,iPhone,3,Luana,Santos,6/28/2023,Goiás,5300,
7586,HL1918,iPhone,2,Nathan,Cunha,6/15/2023,Goiás,5300,
7593,HL1918,iPhone,2,Bruna,Rangel,4/5/2023,Goiás,5300,
7605,HL7348,SmartWatch,5,Kimberly,Sad,6/14/2023,Goiás,1400,
7609,HL9962,Android,1,Jônatas,Tanaka,9/10/2023,Goiás,3400,
7615,HL1918,iPhone,5,Izabel,Lopes,1/1/2023,Goiás,5300,
7618,HL7348,SmartWatch,2,Elaine,Santos,3/14/2023,Goiás,1400,
7628,HL4379,Televisão,4,Myllena,Corríªa,2/19/2023,Goiás,2500,
7631,HL7348,SmartWatch,5,Daniel,Costa,11/10/2023,Goiás,1400,
7642,HL1918,iPhone,4,Isabelle,Firmino,7/10/2023,Goiás,5300,
7663,HL2714,Tablet,4,Lucas,Valim,10/1/2023,Goiás,1600,
7669,HL1918,iPhone,3,Luana,Santana,9/10/2023,Goiás,5300,
7671,HL8851,Notebook,5,Thales,Andrade,5/8/2023,Goiás,3500,
7708,HL4379,Televisão,5,Alon,Pestana,6/13/2023,Goiás,2500,
7715,HL4379,Televisão,4,André,Alves,6/26/2023,Goiás,2500,
7728,HL1918,iPhone,3,Rodrigo,Alves,9/17/2023,Goiás,5300,
7747,HL7348,SmartWatch,1,Gabriel,Ribeiro,5/14/2023,Goiás,1400,
7748,HL1918,iPhone,3,Rebeca,Taylor,9/9/2023,Goiás,5300,
7752,HL8851,Notebook,4,Roberta,Teixeira,10/23/2023,Goiás,3500,
7776,HL1918,iPhone,5,Isabela,Resende,2/12/2023,Goiás,5300,
7782,HL7348,SmartWatch,2,Lucas,Valim,12/11/2023,Goiás,1400,
7797,HL9962,Android,3,Breno,Godoy,4/8/2023,Goiás,3400,
7811,HL9962,Android,2,Eduardo,Veiga,10/31/2023,Goiás,3400,
7836,HL1918,iPhone,3,Joío,Costa,2/16/2023,Goiás,5300,
7844,HL7348,SmartWatch,1,Guilherme,Assis,12/14/2023,Goiás,1400,
7849,HL1918,iPhone,2,Hanna,Fonseca,8/9/2023,Goiás,5300,
7855,HL8851,Notebook,1,Caroline,Aquino,5/28/2023,Goiás,3500,
7856,HL1918,iPhone,2,Maria,Assumpí§ío,4/5/2023,Goiás,5300,
7875,HL1148,Câmera,5,Allan,Candido,2/10/2023,Goiás,2100,
7918,HL8851,Notebook,5,Raí­za,Lopes,9/22/2023,Goiás,3500,
7929,HL4379,Televisão,3,Maria,Correa,6/22/2023,Goiás,2500,
7941,HL1148,Câmera,1,Carlos,Assis,5/15/2023,Goiás,2100,
7958,HL4379,Televisão,5,Pedro,Conceií§ío,8/7/2023,Goiás,2500,
7961,HL1148,Câmera,5,Matheus,Gomes,2/9/2023,Goiás,2100,
7966,HL1148,Câmera,2,Raul,Silveira,1/21/2023,Goiás,2100,
7978,HL7348,SmartWatch,3,Bruno,Temporal,4/7/2023,Goiás,1400,
7981,HL4379,Televisão,1,Bruna,Silveira,11/1/2023,Goiás,2500,
7997,HL7348,SmartWatch,5,Wendela,Mariz,7/11/2023,Goiás,1400,
8000,HL1918,iPhone,4,Manuela,Merege,1/3/2023,Goiás,5300,
8018,HL1918,iPhone,3,Gabrielle,Figueiredo,2/6/2023,Goiás,5300,
8033,HL1918,iPhone,4,Ruan,Lopes,11/11/2023,Goiás,5300,
8109,HL7348,SmartWatch,2,Pedro,Cardoso,9/4/2023,Goiás,1400,
8112,HL1918,iPhone,1,Gabriella,Lopes,12/19/2023,Goiás,5300,
8116,HL4379,Televisão,5,Fernanda,Coutinho,8/16/2023,Goiás,2500,
8117,HL1918,iPhone,4,Rafael,Wajnsztok,11/6/2023,Goiás,5300,
8141,HL1918,iPhone,4,Antônio,Soares,9/17/2023,Goiás,5300,
8147,HL1918,iPhone,5,Raissa,Negrelli,3/31/2023,Goiás,5300,
8149,HL9962,Android,2,Giuseppe,Bhering,2/8/2023,Goiás,3400,
8160,HL9962,Android,2,Luí­sa,Fonseca,2/23/2023,Goiás,3400,
8166,HL1918,iPhone,1,Thiago,Veiga,9/28/2023,Goiás,5300,
8171,HL7348,SmartWatch,4,Luiza,Ribeiro,10/9/2023,Goiás,1400,
8190,HL1918,iPhone,2,Guilherme,Santos,1/1/2023,Goiás,5300,
8220,HL1918,iPhone,2,Helena,Chafin,10/23/2023,Goiás,5300,
8263,HL4379,Televisão,5,Giulia,Lopes,4/12/2023,Goiás,2500,
8268,HL2714,Tablet,4,Ylana,Teraoka,6/5/2023,Goiás,1600,
8269,HL1148,Câmera,2,Ulisses,Quinto,9/5/2023,Goiás,2100,
8311,HL8851,Notebook,5,Daniel,Ortiz,1/13/2023,Goiás,3500,
8312,HL7348,SmartWatch,5,Joío,Matheus,8/26/2023,Goiás,1400,
8320,HL1918,iPhone,1,Isabel,Leite,4/30/2023,Goiás,5300,
8326,HL7348,SmartWatch,2,Julia,Teixeira,3/14/2023,Goiás,1400,
8342,HL1918,iPhone,5,Lorena,Carvalho,5/24/2023,Goiás,5300,
8355,HL1918,iPhone,2,Bianca,Allevato,8/7/2023,Goiás,5300,
8363,HL2714,Tablet,2,Carlos,Silva,1/6/2023,Goiás,1600,
8381,HL1918,iPhone,2,Carolina,Alfradique,6/15/2023,Goiás,5300,
8383,HL8851,Notebook,1,Anna,Maia,10/19/2023,Goiás,3500,
8386,HL9962,Android,5,Katharina,Barros,2/27/2023,Goiás,3400,
8389,HL8851,Notebook,5,Pedro,Macckione,8/2/2023,Goiás,3500,
8405,HL4379,Televisão,1,Maria,Mello,7/29/2023,Goiás,2500,
8416,HL4379,Televisão,3,Bruna,Silva,6/27/2023,Goiás,2500,
8423,HL4379,Televisão,3,Arthur,Portela,6/4/2023,Goiás,2500,
8428,HL9962,Android,5,Gabrielle,Virí­ssimo,11/29/2023,Goiás,3400,
8455,HL7348,SmartWatch,2,Luiz,Mendoní§a,4/18/2023,Goiás,1400,
8456,HL4379,Televisão,1,Samara,Pinto,6/7/2023,Goiás,2500,
8472,HL8851,Notebook,5,Victor,Lira,3/5/2023,Goiás,3500,
8476,HL4379,Televisão,2,Bianca,Piero,7/30/2023,Goiás,2500,
8511,HL1918,iPhone,5,Giovanna,Santos,5/6/2023,Goiás,5300,
8553,HL1918,iPhone,3,Victor,Gomes,11/1/2023,Goiás,5300,
8555,HL1148,Câmera,5,Fabio,Boccaletti,6/21/2023,Goiás,2100,
8561,HL1148,Câmera,5,Adriana,Passos,7/6/2023,Goiás,2100,
8589,HL2714,Tablet,5,Pedro,Macckione,10/27/2023,Goiás,1600,
8590,HL8851,Notebook,5,Leandro,Ferreira,12/15/2023,Goiás,3500,
8597,HL1918,iPhone,2,Guilherme,Monteiro,3/6/2023,Goiás,5300,
8613,HL1918,iPhone,2,Caio,Cardoso,2/6/2023,Goiás,5300,
8638,HL8851,Notebook,1,Sandy,Moreira,1/22/2023,Goiás,3500,
8652,HL4379,Televisão,3,Lucas,Neto,2/12/2023,Goiás,2500,
8655,HL2714,Tablet,4,Thiago,Nóbrega,1/23/2023,Goiás,1600,
8662,HL8851,Notebook,1,Thiago,Nóbrega,10/28/2023,Goiás,3500,
8681,HL9962,Android,2,Lucas,Baptista,7/26/2023,Goiás,3400,
8705,HL2714,Tablet,1,Luí­za,Goulart,3/7/2023,Goiás,1600,
8706,HL2714,Tablet,5,Arthur,Souza,11/17/2023,Goiás,1600,
8709,HL1918,iPhone,3,Joío,Aires,7/26/2023,Goiás,5300,
8726,HL2714,Tablet,3,Beatriz,Silva,7/1/2023,Goiás,1600,
8730,HL2714,Tablet,3,Bruno,Salomío,12/25/2023,Goiás,1600,
8760,HL4379,Televisão,1,Joío,Castilho,2/6/2023,Goiás,2500,
8772,HL7348,SmartWatch,1,Guilherme,Marchesi,12/4/2023,Goiás,1400,
8781,HL4379,Televisão,3,Khaio,Mesquita,9/14/2023,Goiás,2500,
8795,HL1918,iPhone,3,Raul,Silveira,7/24/2023,Goiás,5300,
8822,HL9962,Android,2,Tadeu,Sousa,9/11/2023,Goiás,3400,
8829,HL7348,SmartWatch,5,Luiz,Xavier,12/16/2023,Goiás,1400,
8845,HL1148,Câmera,2,Stephanie,Novak,12/14/2023,Goiás,2100,
8850,HL1918,iPhone,2,Isabela,Teixeira,6/6/2023,Goiás,5300,
8860,HL1148,Câmera,1,Matheus,Santos,2/21/2023,Goiás,2100,
8864,HL8851,Notebook,2,Andre,Nóbrega,11/15/2023,Goiás,3500,
8865,HL4379,Televisão,4,Barbara,Procaci,8/15/2023,Goiás,2500,
8869,HL1148,Câmera,2,Henrique,Silva,10/30/2023,Goiás,2100,
8914,HL1918,iPhone,4,Renan,Nascimento,12/11/2023,Goiás,5300,
8916,HL1918,iPhone,5,Juliana,Souza,12/3/2023,Goiás,5300,
8930,HL1918,iPhone,3,Ylana,Teraoka,10/9/2023,Goiás,5300,
8932,HL9962,Android,5,Gabriela,Cavalcanti,9/20/2023,Goiás,3400,
8945,HL4379,Televisão,4,Raphael,Coelho,7/5/2023,Goiás,2500,
8959,HL9962,Android,3,Ana,Leite,10/23/2023,Goiás,3400,
8964,HL1918,iPhone,1,Stefan,Santos,8/24/2023,Goiás,5300,
8990,HL9962,Android,1,Deysiane,Medronho,7/14/2023,Goiás,3400,
8999,HL2714,Tablet,4,Raphael,Ferman,6/27/2023,Goiás,1600,
9004,HL1918,iPhone,3,Luiz,Freire,9/3/2023,Goiás,5300,
9023,HL4379,Televisão,3,Luiz,Almeida,12/29/2023,Goiás,2500,
9025,HL8851,Notebook,3,Cí­cero,Ramos,9/9/2023,Goiás,3500,
9029,HL4379,Televisão,1,Cassio,Faria,6/10/2023,Goiás,2500,
9091,HL1918,iPhone,5,Ana,Silva,3/25/2023,Goiás,5300,
9136,HL2714,Tablet,5,Diego,Rodrigues,11/16/2023,Goiás,1600,
9143,HL7348,SmartWatch,4,Luiza,Cabral,2/13/2023,Goiás,1400,
9144,HL1918,iPhone,5,Pedro,Costa,6/23/2023,Goiás,5300,
9151,HL1918,iPhone,2,Luis,Silva,10/19/2023,Goiás,5300,
9158,HL7348,SmartWatch,1,Elena,Barreto,9/19/2023,Goiás,1400,
9197,HL1148,Câmera,3,Ana,Felippe,4/11/2023,Goiás,2100,
9212,HL4379,Televisão,2,Danilo,Mendoní§a,10/8/2023,Goiás,2500,
9222,HL8851,Notebook,1,Rogério,Pereira,4/12/2023,Goiás,3500,
9227,HL1918,iPhone,3,Hanna,Fonseca,4/7/2023,Goiás,5300,
9231,HL2714,Tablet,1,Rafaela,Gomes,2/28/2023,Goiás,1600,
9252,HL7348,SmartWatch,1,Isabelle,Firmino,12/23/2023,Goiás,1400,
9290,HL1918,iPhone,5,Wendela,Veloso,9/5/2023,Goiás,5300,
9309,HL1918,iPhone,2,Victor,Gomes,6/22/2023,Goiás,5300,
9355,HL9962,Android,1,Glenda,Santos,10/15/2023,Goiás,3400,
9362,HL9962,Android,1,Juan,Fernandes,1/24/2023,Goiás,3400,
9373,HL1918,iPhone,1,Gabrielle,Figueiredo,7/25/2023,Goiás,5300,
9393,HL8851,Notebook,5,Gabriel,Assis,12/4/2023,Goiás,3500,
9395,HL8851,Notebook,1,Diego,Mello,5/27/2023,Goiás,3500,
9421,HL2714,Tablet,2,Joyce,Souza,5/16/2023,Goiás,1600,
9457,HL2714,Tablet,3,Carolina,Bernardes,7/23/2023,Goiás,1600,
9473,HL8851,Notebook,2,Daniel,Cardoso,3/4/2023,Goiás,3500,
9484,HL2714,Tablet,2,Gabriella,Lopes,8/24/2023,Goiás,1600,
9496,HL9962,Android,5,Isabella,Santos,5/30/2023,Goiás,3400,
9503,HL7348,SmartWatch,5,Willian,Albino,4/25/2023,Goiás,1400,
9520,HL1918,iPhone,5,Pedro,Ronfini,9/9/2023,Goiás,5300,
9552,HL4379,Televisão,5,Patrí­cia,Amaral,1/12/2023,Goiás,2500,
9554,HL1148,Câmera,4,Julie,Ferreira,1/26/2023,Goiás,2100,
9591,HL1918,iPhone,4,Marcelo,Guadagnino,12/15/2023,Goiás,5300,
9604,HL2714,Tablet,2,Mateus,Duque,2/13/2023,Goiás,1600,
9612,HL4379,Televisão,3,José,Carvalho,1/24/2023,Goiás,2500,
9626,HL1148,Câmera,5,Lucas,Lemos,1/26/2023,Goiás,2100,
9631,HL9962,Android,2,Lucas,Araújo,1/20/2023,Goiás,3400,
9636,HL1148,Câmera,4,Matheus,Tostes,3/3/2023,Goiás,2100,
9648,HL1148,Câmera,4,Isabel,Lacerda,8/21/2023,Goiás,2100,
9659,HL2714,Tablet,5,Carolina,Rachide,2/20/2023,Goiás,1600,
9704,HL1148,Câmera,4,Andre,Nóbrega,3/18/2023,Goiás,2100,
9705,HL1918,iPhone,5,Jéssica,Netto,8/18/2023,Goiás,5300,
9714,HL1918,iPhone,1,Livia,Codeceira,9/30/2023,Goiás,5300,
9720,HL1918,iPhone,5,Erick,Soares,4/22/2023,Goiás,5300,
9731,HL4379,Televisão,3,Pedro,Xavier,3/2/2023,Goiás,2500,
9795,HL4379,Televisão,3,Glenda,Santos,2/8/2023,Goiás,2500,
9804,HL8851,Notebook,5,Hércules,Moreira,1/6/2023,Goiás,3500,
9833,HL8851,Notebook,5,Bárbara,Lima,11/5/2023,Goiás,3500,
9848,HL4379,Televisão,2,Gabriel,Thoni,7/18/2023,Goiás,2500,
9867,HL8851,Notebook,4,Eduardo,Silva,4/19/2023,Goiás,3500,
9889,HL1148,Câmera,4,Dykson,Silva,6/10/2023,Goiás,2100,
9892,HL1918,iPhone,3,Luis,Garcia,10/19/2023,Goiás,5300,
9903,HL1918,iPhone,3,Karina,Camara,3/24/2023,Goiás,5300,
9916,HL4379,Televisão,5,Andreza,Ramos,7/16/2023,Goiás,2500,
9921,HL1918,iPhone,1,Mateus,Duque,5/15/2023,Goiás,5300,
9925,HL1918,iPhone,2,Victor,Gomes,1/9/2023,Goiás,5300,
9937,HL8851,Notebook,2,Gabriel,Ribeiro,11/28/2023,Goiás,3500,
9943,HL2714,Tablet,2,Giuseppe,Borges,10/5/2023,Goiás,1600,
9968,HL2714,Tablet,2,Caio,Caldas,4/4/2023,Goiás,1600,
9975,HL8851,Notebook,2,Anna,Maia,10/22/2023,Goiás,3500,
