﻿,SKU,Produto,Quantidade,Primeiro Nome,Sobrenome,Data,Loja,Valor Unitário,Unnamed: 8
1,HL4379,Televisão,3,Renan,Nascimento,9/14/2023,Recife,2500,
24,HL2714,Tablet,5,Carla,Zakhm,11/13/2023,Recife,1600,
26,HL1918,iPhone,4,Bianca,Tatsch,10/10/2023,Recife,5300,
35,HL1918,iPhone,3,Guido,Monteiro,4/18/2023,Recife,5300,
44,HL4379,Televisão,1,Eduardo,Quindeler,7/20/2023,Recife,2500,
46,HL8851,Notebook,2,Larissa,Cruz,9/15/2023,Recife,3500,
58,HL9962,Android,1,Alexandre,Dantas,1/28/2023,Recife,3400,
60,HL1148,Câmera,1,Marina,Mesquita,8/25/2023,Recife,2100,
78,HL4379,Televisão,2,Lucas,Junior,8/3/2023,Recife,2500,
90,HL4379,Televisão,4,Luí­za,Goulart,7/25/2023,Recife,2500,
98,HL1148,Câmera,3,Carla,Zakhm,6/7/2023,Recife,2100,
112,HL8851,Notebook,4,Allan,Candido,4/5/2023,Recife,3500,
127,HL7348,SmartWatch,5,Bárbara,Lima,5/6/2023,Recife,1400,
144,HL1148,Câmera,3,Juan,Fernandes,3/28/2023,Recife,2100,
149,HL2714,Tablet,2,Gabrielle,Porto,4/23/2023,Recife,1600,
209,HL1918,iPhone,2,Eduardo,Silva,3/31/2023,Recife,5300,
229,HL1918,iPhone,3,Raphael,Ferman,4/22/2023,Recife,5300,
260,HL4379,Televisão,4,Rilson,Guedes,9/27/2023,Recife,2500,
278,HL1918,iPhone,3,Paola,Abreu,12/9/2023,Recife,5300,
285,HL1918,iPhone,3,Joío,Peí§anha,9/15/2023,Recife,5300,
290,HL9962,Android,3,Victor,Ferreira,3/18/2023,Recife,3400,
291,HL7348,SmartWatch,5,Patrick,Silva,10/28/2023,Recife,1400,
294,HL1918,iPhone,5,Bernard,Pedrosa,6/10/2023,Recife,5300,
321,HL2714,Tablet,1,Catarina,Teixeira,3/9/2023,Recife,1600,
333,HL1918,iPhone,3,Izabel,Miura,11/7/2023,Recife,5300,
337,HL2714,Tablet,3,Joío,Menezes,9/26/2023,Recife,1600,
369,HL8851,Notebook,1,Anderson,Martins,6/6/2023,Recife,3500,
386,HL2714,Tablet,1,Rebeca,Taylor,5/9/2023,Recife,1600,
424,HL1918,iPhone,1,Raissa,Maia,8/19/2023,Recife,5300,
443,HL4379,Televisão,4,Eduardo,Veiga,6/3/2023,Recife,2500,
473,HL4379,Televisão,1,Priscila,Carvalho,2/5/2023,Recife,2500,
483,HL2714,Tablet,3,Lucas,Valim,5/2/2023,Recife,1600,
485,HL1918,iPhone,2,Juliana,Silva,6/26/2023,Recife,5300,
507,HL4379,Televisão,2,Ana,Soledade,3/18/2023,Recife,2500,
508,HL1918,iPhone,5,Letí­cia,Leal,4/7/2023,Recife,5300,
529,HL1918,iPhone,1,Kim,Ferreira,10/8/2023,Recife,5300,
596,HL1148,Câmera,3,Paula,Carneiro,5/22/2023,Recife,2100,
613,HL9962,Android,1,Carolina,Motta,10/18/2023,Recife,3400,
617,HL2714,Tablet,4,Rachel,Silva,12/8/2023,Recife,1600,
619,HL7348,SmartWatch,5,Gabriel,Thome,2/5/2023,Recife,1400,
623,HL8851,Notebook,5,Pedro,Santos,1/27/2023,Recife,3500,
647,HL1148,Câmera,1,Amanda,Braga,3/19/2023,Recife,2100,
667,HL9962,Android,1,Ana,Almeida,1/5/2023,Recife,3400,
669,HL1918,iPhone,2,Bianca,Tatsch,12/22/2023,Recife,5300,
671,HL4379,Televisão,4,Aline,Mello,10/4/2023,Recife,2500,
674,HL1918,iPhone,4,Pedro,Jorge,6/20/2023,Recife,5300,
676,HL9962,Android,3,Henrique,Lencastre,5/5/2023,Recife,3400,
687,HL4379,Televisão,1,Victor,Gomes,5/24/2023,Recife,2500,
694,HL9962,Android,5,Luiza,Ribeiro,7/28/2023,Recife,3400,
709,HL1918,iPhone,2,Débora,Lopes,10/3/2023,Recife,5300,
722,HL1918,iPhone,3,Bernardo,Botelho,8/24/2023,Recife,5300,
746,HL4379,Televisão,5,Vanessa,Bach,5/29/2023,Recife,2500,
749,HL8851,Notebook,5,Hércules,Júnior,7/12/2023,Recife,3500,
769,HL1918,iPhone,3,Rogério,Pereira,1/23/2023,Recife,5300,
804,HL1918,iPhone,2,Khaio,Mesquita,11/30/2023,Recife,5300,
811,HL1918,iPhone,3,Raí­ssa,Nimer,1/31/2023,Recife,5300,
816,HL4379,Televisão,1,Lucas,Assuní§ío,11/1/2023,Recife,2500,
819,HL7348,SmartWatch,3,Thales,Portillo,6/24/2023,Recife,1400,
842,HL8851,Notebook,4,Mariana,Baptista,6/6/2023,Recife,3500,
857,HL9962,Android,4,Luiz,Almeida,4/3/2023,Recife,3400,
877,HL1918,iPhone,1,Maria,Cardoso,10/16/2023,Recife,5300,
909,HL9962,Android,1,Daniel,Nauenberg,4/20/2023,Recife,3400,
914,HL4379,Televisão,2,Luiz,Freire,9/15/2023,Recife,2500,
931,HL4379,Televisão,2,Pedro,Buraco,4/22/2023,Recife,2500,
932,HL1918,iPhone,2,Thomaz,Ferreira,3/12/2023,Recife,5300,
950,HL1918,iPhone,4,Lucas,Freire,5/27/2023,Recife,5300,
954,HL1918,iPhone,5,Caroline,Pinto,1/28/2023,Recife,5300,
962,HL1918,iPhone,4,Daniel,Cardoso,11/1/2023,Recife,5300,
967,HL1918,iPhone,5,Raí­ssa,Oliveira,6/9/2023,Recife,5300,
971,HL7348,SmartWatch,5,Livia,Cozendey,10/9/2023,Recife,1400,
974,HL1918,iPhone,3,Matheus,Sapir,1/8/2023,Recife,5300,
978,HL1918,iPhone,5,Samara,Pinto,8/14/2023,Recife,5300,
980,HL1148,Câmera,5,Ana,Almeida,8/13/2023,Recife,2100,
985,HL7348,SmartWatch,4,Chan,Santos,8/23/2023,Recife,1400,
1012,HL7348,SmartWatch,2,Yasmim,Verly,10/9/2023,Recife,1400,
1027,HL8851,Notebook,2,Helvio,Pedrosa,7/20/2023,Recife,3500,
1032,HL2714,Tablet,5,Dykson,Silva,11/25/2023,Recife,1600,
1039,HL1918,iPhone,1,Mateus,Maia,4/18/2023,Recife,5300,
1049,HL4379,Televisão,4,Carlos,Araujo,10/8/2023,Recife,2500,
1073,HL1918,iPhone,1,Andressa,Ní³brega,2/22/2023,Recife,5300,
1099,HL9962,Android,2,Antonio,Bernhardt,11/10/2023,Recife,3400,
1110,HL1918,iPhone,5,Marina,Perdomo,3/9/2023,Recife,5300,
1112,HL4379,Televisão,4,Fernanda,Bhering,11/19/2023,Recife,2500,
1130,HL4379,Televisão,5,Bruno,Silva,2/18/2023,Recife,2500,
1135,HL1918,iPhone,2,Carolina,Motta,7/28/2023,Recife,5300,
1137,HL4379,Televisão,4,Julia,Aliani,7/31/2023,Recife,2500,
1144,HL9962,Android,5,Beatriz,Perdomo,4/4/2023,Recife,3400,
1155,HL1148,Câmera,2,Marcela,Medeiros,10/30/2023,Recife,2100,
1156,HL9962,Android,2,Eduardo,Vargas,9/25/2023,Recife,3400,
1172,HL4379,Televisão,1,Eduardo,Vargas,8/24/2023,Recife,2500,
1188,HL7348,SmartWatch,3,Ana,Campos,4/12/2023,Recife,1400,
1190,HL9962,Android,1,Gabriel,Silva,7/15/2023,Recife,3400,
1201,HL2714,Tablet,4,Gabriel,Rocha,1/13/2023,Recife,1600,
1225,HL4379,Televisão,3,Jéssica,Stefanelli,5/22/2023,Recife,2500,
1237,HL1918,iPhone,4,Wellington,Duarte,12/20/2023,Recife,5300,
1239,HL1918,iPhone,5,Brenno,Santos,8/30/2023,Recife,5300,
1243,HL4379,Televisão,1,Stefan,Santos,9/15/2023,Recife,2500,
1312,HL2714,Tablet,5,Marina,Mesquita,11/21/2023,Recife,1600,
1316,HL4379,Televisão,3,Bruna,Franco,10/22/2023,Recife,2500,
1320,HL1148,Câmera,4,Luiza,Farias,12/31/2023,Recife,2100,
1322,HL7348,SmartWatch,4,Roberta,Nogueira,8/17/2023,Recife,1400,
1323,HL1918,iPhone,1,Diego,Barros,11/26/2023,Recife,5300,
1324,HL1918,iPhone,5,Joao,Pereira,10/1/2023,Recife,5300,
1414,HL1918,iPhone,5,Amanda,Delgado,5/25/2023,Recife,5300,
1425,HL1918,iPhone,1,Eric,Carvalho,10/25/2023,Recife,5300,
1453,HL1918,iPhone,1,Stefan,Nunes,2/24/2023,Recife,5300,
1458,HL1918,iPhone,3,Carlos,Mesquita,1/14/2023,Recife,5300,
1472,HL1148,Câmera,3,Raul,Junqueira,5/16/2023,Recife,2100,
1479,HL7348,SmartWatch,3,Vitor,Arruda,6/25/2023,Recife,1400,
1480,HL1918,iPhone,3,Amanda,Delgado,4/8/2023,Recife,5300,
1493,HL1918,iPhone,2,Sylvio,Bernhardt,5/8/2023,Recife,5300,
1495,HL2714,Tablet,5,Camille,Silva,5/14/2023,Recife,1600,
1504,HL1148,Câmera,4,Bruno,Velucci,3/29/2023,Recife,2100,
1505,HL1148,Câmera,2,Thaí­s,Ribeiro,11/6/2023,Recife,2100,
1525,HL7348,SmartWatch,5,Marina,Gama,2/18/2023,Recife,1400,
1557,HL4379,Televisão,2,Jéssica,Resinente,12/24/2023,Recife,2500,
1559,HL4379,Televisão,5,Luis,Oliveira,3/3/2023,Recife,2500,
1568,HL1918,iPhone,2,Vanessa,Bach,3/17/2023,Recife,5300,
1576,HL1918,iPhone,4,Lucas,Neto,4/18/2023,Recife,5300,
1586,HL9962,Android,4,David,Assumpí§ío,6/13/2023,Recife,3400,
1588,HL1918,iPhone,3,Guilherme,Vianna,5/2/2023,Recife,5300,
1592,HL1148,Câmera,1,Diego,Marchesi,4/22/2023,Recife,2100,
1595,HL1918,iPhone,4,Isabel,Mesquita,2/20/2023,Recife,5300,
1596,HL1148,Câmera,5,Lázaro,Villanova,11/11/2023,Recife,2100,
1637,HL9962,Android,1,Caroline,Aquino,11/5/2023,Recife,3400,
1664,HL9962,Android,3,José,Fonseca,10/23/2023,Recife,3400,
1678,HL1918,iPhone,3,Daniela,Andrada,4/24/2023,Recife,5300,
1688,HL2714,Tablet,5,Silvio,Provenzano,7/19/2023,Recife,1600,
1689,HL1918,iPhone,1,Thales,Portillo,12/8/2023,Recife,5300,
1699,HL4379,Televisão,5,Natalia,Marinho,6/24/2023,Recife,2500,
1714,HL4379,Televisão,5,Marina,Marins,4/18/2023,Recife,2500,
1738,HL4379,Televisão,5,Andre,Sampaio,12/3/2023,Recife,2500,
1745,HL1918,iPhone,2,Juliana,Mesquita,7/3/2023,Recife,5300,
1746,HL8851,Notebook,1,Pedro,Sena,9/5/2023,Recife,3500,
1765,HL1918,iPhone,4,Diogo,Ressurreií§ío,4/1/2023,Recife,5300,
1822,HL1148,Câmera,1,Débora,Lopes,4/19/2023,Recife,2100,
1827,HL9962,Android,1,Wilson,Brandío,2/13/2023,Recife,3400,
1900,HL4379,Televisão,2,Henrique,Oliveira,8/27/2023,Recife,2500,
1901,HL1918,iPhone,1,Marina,Mesquita,8/20/2023,Recife,5300,
1902,HL1918,iPhone,2,Pedro,Rodrigues,7/23/2023,Recife,5300,
1903,HL1918,iPhone,5,Giulia,Lopes,10/8/2023,Recife,5300,
1905,HL9962,Android,4,Paola,Abreu,7/20/2023,Recife,3400,
1908,HL2714,Tablet,4,Nathan,Cunha,8/12/2023,Recife,1600,
1946,HL1918,iPhone,2,Nathan,Morelli,12/16/2023,Recife,5300,
1983,HL4379,Televisão,4,Ana,Leite,10/29/2023,Recife,2500,
1984,HL8851,Notebook,5,Luis,Silva,9/21/2023,Recife,3500,
2013,HL4379,Televisão,5,Lucas,Junior,9/1/2023,Recife,2500,
2023,HL7348,SmartWatch,3,Victor,Soares,8/11/2023,Recife,1400,
2042,HL1918,iPhone,5,Clarissa,Santos,3/17/2023,Recife,5300,
2074,HL1918,iPhone,5,Guido,Monteiro,5/17/2023,Recife,5300,
2087,HL9962,Android,1,Raí­sa,Berto,1/9/2023,Recife,3400,
2091,HL4379,Televisão,3,Adrielle,Vieira,3/30/2023,Recife,2500,
2094,HL4379,Televisão,3,Thainá,Binello,11/14/2023,Recife,2500,
2103,HL1918,iPhone,1,Victor,Zakhm,8/17/2023,Recife,5300,
2108,HL9962,Android,1,Gabriel,Garcia,12/28/2023,Recife,3400,
2122,HL8851,Notebook,5,Milena,Alcoforado,4/7/2023,Recife,3500,
2126,HL2714,Tablet,4,Arthur,Pereira,7/26/2023,Recife,1600,
2151,HL8851,Notebook,4,Marcos,Nucci,1/3/2023,Recife,3500,
2173,HL4379,Televisão,3,Jonatas,Essaber,10/3/2023,Recife,2500,
2228,HL9962,Android,4,Jackson,Derossi,11/2/2023,Recife,3400,
2235,HL9962,Android,1,Raí­sa,Rodrigues,1/22/2023,Recife,3400,
2238,HL4379,Televisão,3,Adrielle,Vieira,5/13/2023,Recife,2500,
2285,HL4379,Televisão,5,Myllena,Corrêa,8/18/2023,Recife,2500,
2290,HL1918,iPhone,3,Gabrielle,Virí­ssimo,11/2/2023,Recife,5300,
2314,HL1918,iPhone,5,Jeferson,Sone,11/26/2023,Recife,5300,
2334,HL2714,Tablet,4,Pedro,Ronfini,3/24/2023,Recife,1600,
2341,HL1918,iPhone,5,Wilson,Miranda,5/31/2023,Recife,5300,
2343,HL4379,Televisão,4,Daniel,Felippe,7/8/2023,Recife,2500,
2358,HL8851,Notebook,2,Matheus,Miranda,5/16/2023,Recife,3500,
2359,HL4379,Televisão,5,Fernanda,Junior,1/5/2023,Recife,2500,
2369,HL9962,Android,4,Amanda,Felippe,1/19/2023,Recife,3400,
2406,HL7348,SmartWatch,3,Carolina,Figueiredo,3/3/2023,Recife,1400,
2419,HL2714,Tablet,1,Matheus,Gomes,12/16/2023,Recife,1600,
2441,HL8851,Notebook,2,Julia,Leig,7/20/2023,Recife,3500,
2453,HL9962,Android,2,Daniel,Sousa,12/3/2023,Recife,3400,
2465,HL1918,iPhone,3,Rafaela,Gomes,8/27/2023,Recife,5300,
2471,HL1918,iPhone,4,Lucas,Chagas,1/26/2023,Recife,5300,
2479,HL2714,Tablet,2,Felipe,Júnior,1/6/2023,Recife,1600,
2484,HL2714,Tablet,5,Ruan,Lopes,10/30/2023,Recife,1600,
2487,HL7348,SmartWatch,5,Luis,Oliveira,10/5/2023,Recife,1400,
2501,HL8851,Notebook,4,Lorena,Kohn,7/15/2023,Recife,3500,
2505,HL9962,Android,5,Tiago,Pereira,3/8/2023,Recife,3400,
2515,HL1918,iPhone,1,Mariana,Miranda,8/23/2023,Recife,5300,
2524,HL1918,iPhone,1,Joío,Menezes,9/21/2023,Recife,5300,
2561,HL1918,iPhone,3,Bruna,Londero,4/17/2023,Recife,5300,
2563,HL1148,Câmera,3,Gustavo,Thome,8/8/2023,Recife,2100,
2568,HL8851,Notebook,1,Guilherme,Lima,8/6/2023,Recife,3500,
2573,HL4379,Televisão,1,Carlos,Barbosa,2/14/2023,Recife,2500,
2591,HL1918,iPhone,5,Nathalia,Ventura,11/2/2023,Recife,5300,
2604,HL4379,Televisão,5,Felipe,Jorge,12/31/2023,Recife,2500,
2607,HL2714,Tablet,3,Diego,Marchesi,6/9/2023,Recife,1600,
2615,HL1918,iPhone,5,Mariane,Racy,11/7/2023,Recife,5300,
2616,HL1918,iPhone,3,Gustavo,Gomes,11/17/2023,Recife,5300,
2618,HL1918,iPhone,5,Matheus,Silva,9/24/2023,Recife,5300,
2640,HL7348,SmartWatch,3,Caio,Fernandes,5/24/2023,Recife,1400,
2651,HL1148,Câmera,1,Caroline,Cavalcanti,6/23/2023,Recife,2100,
2656,HL8851,Notebook,3,Bianca,Allevato,3/13/2023,Recife,3500,
2682,HL1148,Câmera,4,Victor,Gomes,4/2/2023,Recife,2100,
2683,HL8851,Notebook,2,Victor,Lira,10/9/2023,Recife,3500,
2698,HL1918,iPhone,3,Victor,Gomes,12/24/2023,Recife,5300,
2705,HL2714,Tablet,5,Lucas,Chagas,12/5/2023,Recife,1600,
2716,HL8851,Notebook,1,Carlos,Araujo,4/19/2023,Recife,3500,
2719,HL1148,Câmera,3,Bianca,Allevato,2/19/2023,Recife,2100,
2722,HL1148,Câmera,2,Luis,Garcia,6/9/2023,Recife,2100,
2732,HL1918,iPhone,2,Julia,Silva,2/5/2023,Recife,5300,
2755,HL4379,Televisão,4,Clara,Silveira,12/25/2023,Recife,2500,
2780,HL2714,Tablet,4,Fabio,Ramos,7/18/2023,Recife,1600,
2782,HL8851,Notebook,5,Luiz,Conceií§ío,2/19/2023,Recife,3500,
2786,HL1918,iPhone,5,Daniel,Monteiro,6/14/2023,Recife,5300,
2792,HL9962,Android,4,Ana,Soledade,2/9/2023,Recife,3400,
2815,HL1918,iPhone,5,Sthefeson,Pereira,12/11/2023,Recife,5300,
2817,HL2714,Tablet,1,Rodrigo,Feijo,9/29/2023,Recife,1600,
2819,HL8851,Notebook,2,Breno,Costa,1/25/2023,Recife,3500,
2824,HL1918,iPhone,1,Pedro,Bitencourt,8/5/2023,Recife,5300,
2878,HL1918,iPhone,2,Bernardo,Borges,2/4/2023,Recife,5300,
2895,HL1918,iPhone,1,Deysiane,Bach,3/21/2023,Recife,5300,
2899,HL1918,iPhone,4,Norman,Jimbo,4/5/2023,Recife,5300,
2903,HL9962,Android,1,Gabrielle,Virí­ssimo,9/27/2023,Recife,3400,
2905,HL8851,Notebook,1,Joío,Peí§anha,1/18/2023,Recife,3500,
2916,HL4379,Televisão,1,Mariana,Barrozo,8/10/2023,Recife,2500,
2924,HL7348,SmartWatch,2,Ana,Silva,4/21/2023,Recife,1400,
2949,HL2714,Tablet,4,Sarah,Souza,7/25/2023,Recife,1600,
2959,HL9962,Android,5,Ana,Soledade,11/25/2023,Recife,3400,
2973,HL4379,Televisão,1,Caio,Fernandes,8/17/2023,Recife,2500,
2978,HL7348,SmartWatch,3,Luis,Silva,3/30/2023,Recife,1400,
2983,HL7348,SmartWatch,4,Henrique,Oliveira,12/7/2023,Recife,1400,
2988,HL1918,iPhone,2,Beatriz,Almeida,2/15/2023,Recife,5300,
2990,HL4379,Televisão,2,Lucas,Freire,7/31/2023,Recife,2500,
2991,HL7348,SmartWatch,4,Paulo,Campos,10/30/2023,Recife,1400,
3012,HL8851,Notebook,1,Renan,Cunha,9/19/2023,Recife,3500,
3016,HL4379,Televisão,3,Paola,Abreu,10/1/2023,Recife,2500,
3031,HL1148,Câmera,1,Lucas,Cavalcanti,5/2/2023,Recife,2100,
3053,HL9962,Android,5,Joío,Monteiro,11/14/2023,Recife,3400,
3097,HL9962,Android,5,Carolina,Vasconcelos,2/20/2023,Recife,3400,
3123,HL1148,Câmera,5,Giulia,Lopes,9/29/2023,Recife,2100,
3150,HL1918,iPhone,4,Marina,Perdomo,8/2/2023,Recife,5300,
3173,HL9962,Android,5,Joyce,Souza,6/29/2023,Recife,3400,
3181,HL1918,iPhone,1,Brenno,Santos,2/2/2023,Recife,5300,
3186,HL7348,SmartWatch,3,Caio,Ferreira,3/3/2023,Recife,1400,
3192,HL7348,SmartWatch,3,Rojane,Lima,5/19/2023,Recife,1400,
3200,HL4379,Televisão,1,Fernanda,Junior,4/25/2023,Recife,2500,
3212,HL1918,iPhone,2,Pedro,Xavier,6/22/2023,Recife,5300,
3215,HL4379,Televisão,1,Marina,Aragío,8/8/2023,Recife,2500,
3217,HL2714,Tablet,2,Matheus,Ramos,11/2/2023,Recife,1600,
3249,HL2714,Tablet,3,Aline,Andrade,1/10/2023,Recife,1600,
3271,HL7348,SmartWatch,4,Pedro,Jorge,10/21/2023,Recife,1400,
3295,HL2714,Tablet,5,Ana,Michetti,3/12/2023,Recife,1600,
3306,HL1918,iPhone,2,Rebeca,Reis,7/12/2023,Recife,5300,
3358,HL9962,Android,3,Patrí­cia,Amaral,12/15/2023,Recife,3400,
3368,HL2714,Tablet,3,Viviane,Cunha,12/24/2023,Recife,1600,
3369,HL1918,iPhone,3,Joío,Aires,3/1/2023,Recife,5300,
3376,HL1918,iPhone,3,Carolina,Santos,8/19/2023,Recife,5300,
3385,HL9962,Android,3,Pedro,Santana,6/28/2023,Recife,3400,
3388,HL1918,iPhone,4,Catarina,Teixeira,3/31/2023,Recife,5300,
3391,HL4379,Televisão,3,Gabriel,Azevedo,1/1/2023,Recife,2500,
3438,HL1918,iPhone,3,Elaine,Santos,10/25/2023,Recife,5300,
3470,HL1148,Câmera,4,Rafaela,Rodrigues,1/11/2023,Recife,2100,
3473,HL8851,Notebook,4,Matheus,Figueiredo,3/18/2023,Recife,3500,
3480,HL1918,iPhone,2,Jônatas,Tanaka,8/26/2023,Recife,5300,
3506,HL1918,iPhone,4,Rafaela,Feio,7/18/2023,Recife,5300,
3518,HL4379,Televisão,4,Carlos,Souza,9/3/2023,Recife,2500,
3531,HL4379,Televisão,4,Cí­cero,Lima,6/28/2023,Recife,2500,
3536,HL9962,Android,5,Pedro,Ronfini,3/28/2023,Recife,3400,
3551,HL1918,iPhone,4,Silvio,Fahrnholz,11/23/2023,Recife,5300,
3583,HL4379,Televisão,4,Michelle,Miura,4/23/2023,Recife,2500,
3641,HL7348,SmartWatch,4,Wen,Santos,3/13/2023,Recife,1400,
3648,HL1918,iPhone,1,Matheus,Delgado,7/10/2023,Recife,5300,
3652,HL2714,Tablet,2,Ana,Soledade,5/10/2023,Recife,1600,
3673,HL7348,SmartWatch,1,Diego,Rodrigues,2/12/2023,Recife,1400,
3680,HL9962,Android,1,Isabella,Montanholi,6/28/2023,Recife,3400,
3694,HL4379,Televisão,5,Patrí­cia,Fernandes,7/28/2023,Recife,2500,
3703,HL2714,Tablet,3,Hygor,Essaber,12/21/2023,Recife,1600,
3806,HL1918,iPhone,4,Bernardo,Botelho,3/2/2023,Recife,5300,
3815,HL9962,Android,4,Carlos,Souza,1/26/2023,Recife,3400,
3819,HL4379,Televisão,1,Carlos,Barbosa,6/19/2023,Recife,2500,
3861,HL1918,iPhone,2,Sandy,Figueiredo,11/25/2023,Recife,5300,
3870,HL1918,iPhone,5,Paulo,Campos,10/24/2023,Recife,5300,
3871,HL8851,Notebook,5,Marcelo,Pereira,8/31/2023,Recife,3500,
3874,HL8851,Notebook,5,Bernardo,Soares,4/14/2023,Recife,3500,
3882,HL1918,iPhone,1,Carlos,Mesquita,11/19/2023,Recife,5300,
3893,HL1918,iPhone,3,Raphael,Rezende,3/5/2023,Recife,5300,
3909,HL4379,Televisão,2,Ana,Soledade,6/8/2023,Recife,2500,
3919,HL8851,Notebook,2,Bárbara,Lima,8/28/2023,Recife,3500,
3922,HL1918,iPhone,4,Rodrigo,Mendes,5/24/2023,Recife,5300,
3929,HL1148,Câmera,2,Giovanna,Santos,4/23/2023,Recife,2100,
3941,HL4379,Televisão,5,Bernardo,Ribeiro,7/3/2023,Recife,2500,
3943,HL1918,iPhone,4,Gabriel,Assis,10/27/2023,Recife,5300,
3947,HL1918,iPhone,1,Roberto,Mattos,12/28/2023,Recife,5300,
3952,HL1918,iPhone,5,Raul,Silveira,1/1/2023,Recife,5300,
3953,HL9962,Android,1,Paula,Cavalcanti,9/25/2023,Recife,3400,
3972,HL9962,Android,1,Diogo,Peixoto,4/30/2023,Recife,3400,
3974,HL1918,iPhone,2,Júlio,Freire,11/1/2023,Recife,5300,
4003,HL7348,SmartWatch,3,Luis,Silva,8/8/2023,Recife,1400,
4007,HL8851,Notebook,5,Roberta,Pimenta,9/8/2023,Recife,3500,
4023,HL9962,Android,2,Carlos,Assis,6/30/2023,Recife,3400,
4037,HL1918,iPhone,3,Juliana,Hollander,12/20/2023,Recife,5300,
4038,HL1918,iPhone,5,Isabela,Teixeira,9/3/2023,Recife,5300,
4041,HL7348,SmartWatch,5,Mônica,Rotolo,10/31/2023,Recife,1400,
4043,HL7348,SmartWatch,1,Juliana,Hollander,12/26/2023,Recife,1400,
4085,HL8851,Notebook,1,Felipe,Cavalcanti,9/17/2023,Recife,3500,
4089,HL1918,iPhone,5,Bruna,Soares,9/30/2023,Recife,5300,
4094,HL1148,Câmera,1,Glenda,Santos,2/7/2023,Recife,2100,
4103,HL1918,iPhone,3,Gustavo,Accardo,5/6/2023,Recife,5300,
4105,HL9962,Android,1,Felipe,Mendoní§a,8/25/2023,Recife,3400,
4137,HL1918,iPhone,2,Carolina,Santos,2/19/2023,Recife,5300,
4145,HL1148,Câmera,2,Eduardo,Nunes,5/12/2023,Recife,2100,
4152,HL1148,Câmera,1,Laura,Araujo,10/28/2023,Recife,2100,
4157,HL4379,Televisão,1,Ian,Almeida,10/11/2023,Recife,2500,
4158,HL8851,Notebook,1,Jorge,Carvalho,10/9/2023,Recife,3500,
4168,HL1918,iPhone,3,Hércules,Júnior,8/25/2023,Recife,5300,
4179,HL1148,Câmera,4,Adrielle,Gabriel,8/11/2023,Recife,2100,
4186,HL8851,Notebook,5,Matheus,Tostes,2/15/2023,Recife,3500,
4188,HL1918,iPhone,5,Thales,Santos,3/27/2023,Recife,5300,
4194,HL1148,Câmera,1,Eric,Júnior,5/7/2023,Recife,2100,
4218,HL4379,Televisão,1,Guilherme,Monteiro,5/10/2023,Recife,2500,
4270,HL4379,Televisão,5,Diego,Mello,9/16/2023,Recife,2500,
4276,HL4379,Televisão,4,Daniel,Terra,4/5/2023,Recife,2500,
4278,HL1918,iPhone,5,Guilherme,Vianna,8/3/2023,Recife,5300,
4281,HL9962,Android,1,Mariane,Racy,7/19/2023,Recife,3400,
4287,HL4379,Televisão,4,Giovana,Vilela,10/2/2023,Recife,2500,
4294,HL4379,Televisão,1,Gabrielle,Virí­ssimo,6/2/2023,Recife,2500,
4328,HL2714,Tablet,2,Joío,Ribeiro,12/27/2023,Recife,1600,
4363,HL9962,Android,5,Anna,Silva,4/21/2023,Recife,3400,
4409,HL7348,SmartWatch,1,Pedro,Dalforne,5/4/2023,Recife,1400,
4411,HL7348,SmartWatch,5,Pedro,Macckione,10/5/2023,Recife,1400,
4429,HL9962,Android,4,Larissa,Nauenberg,1/22/2023,Recife,3400,
4444,HL1148,Câmera,4,Bianca,Allevato,8/6/2023,Recife,2100,
4466,HL2714,Tablet,2,Felipe,Paulo,1/19/2023,Recife,1600,
4468,HL1918,iPhone,5,Victoria,Tavares,6/19/2023,Recife,5300,
4471,HL4379,Televisão,5,Marcelo,Magalhíes,9/1/2023,Recife,2500,
4478,HL8851,Notebook,2,Alexandre,Rodriguez,6/3/2023,Recife,3500,
4481,HL1918,iPhone,5,Renan,Ventura,2/17/2023,Recife,5300,
4494,HL1918,iPhone,4,Renan,Nucci,10/27/2023,Recife,5300,
4507,HL2714,Tablet,3,Isabel,Mesquita,11/30/2023,Recife,1600,
4541,HL1918,iPhone,1,Eduardo,Lopes,8/5/2023,Recife,5300,
4557,HL4379,Televisão,1,Amanda,Braga,12/11/2023,Recife,2500,
4576,HL9962,Android,3,Breno,Britto,11/3/2023,Recife,3400,
4587,HL4379,Televisão,4,Raphael,Coelho,1/3/2023,Recife,2500,
4665,HL9962,Android,4,Daniel,Ortiz,10/8/2023,Recife,3400,
4670,HL1918,iPhone,2,Adrielle,Gabriel,7/12/2023,Recife,5300,
4674,HL4379,Televisão,2,Jéssica,Teixeira,10/1/2023,Recife,2500,
4684,HL1918,iPhone,3,Lucas,Assuní§ío,12/17/2023,Recife,5300,
4689,HL2714,Tablet,4,Caroline,Pinto,4/30/2023,Recife,1600,
4695,HL1918,iPhone,5,Guilherme,Monteiro,6/12/2023,Recife,5300,
4705,HL8851,Notebook,3,Carolina,Figueiredo,2/28/2023,Recife,3500,
4716,HL1918,iPhone,2,Rebeca,Reis,8/31/2023,Recife,5300,
4722,HL4379,Televisão,4,Guilherme,Jordao,10/27/2023,Recife,2500,
4765,HL1918,iPhone,4,Pedro,Delgado,2/1/2023,Recife,5300,
4770,HL8851,Notebook,3,Pedro,Cardoso,8/17/2023,Recife,3500,
4794,HL7348,SmartWatch,2,Debora,Silva,10/4/2023,Recife,1400,
4800,HL2714,Tablet,3,Breno,Costa,10/5/2023,Recife,1600,
4809,HL2714,Tablet,4,Nathan,Morelli,4/13/2023,Recife,1600,
4816,HL1918,iPhone,4,Brenno,Santos,11/29/2023,Recife,5300,
4820,HL1148,Câmera,2,Lucas,Neto,8/27/2023,Recife,2100,
4829,HL1918,iPhone,4,Guido,Monteiro,12/17/2023,Recife,5300,
4840,HL9962,Android,3,Anna,Maia,8/1/2023,Recife,3400,
4850,HL4379,Televisão,5,Victor,Firmino,8/22/2023,Recife,2500,
4857,HL1148,Câmera,2,Pedro,Santana,3/29/2023,Recife,2100,
4858,HL1148,Câmera,3,Ruan,Lopes,3/16/2023,Recife,2100,
4860,HL1918,iPhone,2,Lucas,Almeida,11/30/2023,Recife,5300,
4878,HL2714,Tablet,3,Alessandra,Martins,5/30/2023,Recife,1600,
4892,HL9962,Android,3,Marina,Delgado,12/20/2023,Recife,3400,
4894,HL1918,iPhone,5,Rafaela,Feio,4/3/2023,Recife,5300,
4905,HL1918,iPhone,5,Mariane,Racy,9/15/2023,Recife,5300,
4906,HL1918,iPhone,2,Lara,Moreira,1/2/2023,Recife,5300,
4928,HL4379,Televisão,2,Andressa,Chou,7/27/2023,Recife,2500,
4936,HL1918,iPhone,3,Marcela,Johnson,9/10/2023,Recife,5300,
4938,HL1918,iPhone,5,Marina,Aragío,7/17/2023,Recife,5300,
4942,HL4379,Televisão,5,Lucas,Fontoura,8/18/2023,Recife,2500,
4943,HL1918,iPhone,1,Catarina,Teixeira,1/15/2023,Recife,5300,
4973,HL2714,Tablet,3,Pedro,Rodrigues,11/4/2023,Recife,1600,
4978,HL1918,iPhone,5,Roberta,Teixeira,5/6/2023,Recife,5300,
4995,HL1918,iPhone,3,Joyce,Medina,4/9/2023,Recife,5300,
5048,HL8851,Notebook,2,Felipe,Cavalcanti,8/2/2023,Recife,3500,
5049,HL2714,Tablet,5,Lucas,Valim,6/23/2023,Recife,1600,
5059,HL4379,Televisão,3,Caio,Ferreira,9/28/2023,Recife,2500,
5087,HL7348,SmartWatch,5,Victor,Corrêa,12/1/2023,Recife,1400,
5110,HL4379,Televisão,3,Anderson,Barreto,2/14/2023,Recife,2500,
5118,HL1918,iPhone,1,Jônatas,Tanaka,12/29/2023,Recife,5300,
5126,HL1918,iPhone,3,Wilson,Brandío,10/15/2023,Recife,5300,
5131,HL1148,Câmera,1,Paula,Carneiro,6/14/2023,Recife,2100,
5152,HL8851,Notebook,1,Maria,Junior,1/12/2023,Recife,3500,
5158,HL2714,Tablet,5,Beatriz,Rodrigues,12/2/2023,Recife,1600,
5215,HL7348,SmartWatch,3,Paula,Isbelle,7/23/2023,Recife,1400,
5263,HL2714,Tablet,3,Henrique,Oliveira,12/30/2023,Recife,1600,
5272,HL1918,iPhone,4,Priscila,Carvalho,5/21/2023,Recife,5300,
5290,HL4379,Televisão,2,Stela,Mendoní§a,5/28/2023,Recife,2500,
5318,HL1918,iPhone,4,Jorge,Carvalho,12/29/2023,Recife,5300,
5320,HL1918,iPhone,2,Henrique,Silva,7/4/2023,Recife,5300,
5340,HL9962,Android,5,Matheus,Gomes,2/9/2023,Recife,3400,
5359,HL2714,Tablet,2,Wellington,Duarte,4/26/2023,Recife,1600,
5388,HL4379,Televisão,4,William,Mendoní§a,12/30/2023,Recife,2500,
5402,HL4379,Televisão,3,Pedro,Bitencourt,9/17/2023,Recife,2500,
5405,HL4379,Televisão,2,Victor,Magalhíes,10/9/2023,Recife,2500,
5415,HL4379,Televisão,5,Joyce,Souza,11/30/2023,Recife,2500,
5428,HL4379,Televisão,1,Luiza,Cavalcanti,4/26/2023,Recife,2500,
5436,HL7348,SmartWatch,1,Joyce,Medina,5/5/2023,Recife,1400,
5453,HL4379,Televisão,3,Lais,Candido,7/30/2023,Recife,2500,
5465,HL1148,Câmera,5,Mateus,Franco,4/14/2023,Recife,2100,
5508,HL1148,Câmera,5,Sthefeson,Barroso,7/15/2023,Recife,2100,
5532,HL4379,Televisão,4,Manuela,Ferreira,3/7/2023,Recife,2500,
5585,HL1918,iPhone,2,Allan,Guedes,9/20/2023,Recife,5300,
5612,HL8851,Notebook,5,Bárbara,Cavalcante,1/31/2023,Recife,3500,
5647,HL2714,Tablet,1,Bruno,Barcessat,10/5/2023,Recife,1600,
5670,HL4379,Televisão,4,Wilson,Vianna,1/12/2023,Recife,2500,
5672,HL1918,iPhone,4,Danilo,Alves,12/22/2023,Recife,5300,
5692,HL1918,iPhone,5,Isabel,Leite,5/2/2023,Recife,5300,
5713,HL1918,iPhone,1,Luana,Santana,2/14/2023,Recife,5300,
5719,HL9962,Android,1,Tiago,Pereira,7/26/2023,Recife,3400,
5720,HL8851,Notebook,1,Stefan,Nunes,3/11/2023,Recife,3500,
5735,HL4379,Televisão,1,Ana,Silva,8/23/2023,Recife,2500,
5740,HL4379,Televisão,1,Silvio,Fahrnholz,6/14/2023,Recife,2500,
5743,HL4379,Televisão,3,Ylana,Teraoka,6/17/2023,Recife,2500,
5753,HL2714,Tablet,1,Wilson,Meirelles,3/4/2023,Recife,1600,
5790,HL1918,iPhone,4,Joío,Alves,12/29/2023,Recife,5300,
5807,HL1148,Câmera,2,Roberto,Nogueira,6/6/2023,Recife,2100,
5813,HL8851,Notebook,5,Raul,Silveira,12/28/2023,Recife,3500,
5815,HL2714,Tablet,2,Viní­cius,Antunes,12/10/2023,Recife,1600,
5818,HL1918,iPhone,3,Joío,Ribeiro,11/29/2023,Recife,5300,
5826,HL1918,iPhone,1,Pedro,Dalforne,11/19/2023,Recife,5300,
5830,HL4379,Televisão,2,Raissa,Negrelli,8/9/2023,Recife,2500,
5835,HL7348,SmartWatch,1,Myllena,Corrêa,8/2/2023,Recife,1400,
5839,HL1148,Câmera,4,Jéssica,Netto,10/22/2023,Recife,2100,
5849,HL9962,Android,1,Renan,Firmino,9/5/2023,Recife,3400,
5851,HL4379,Televisão,4,Itai,Puntel,5/17/2023,Recife,2500,
5853,HL2714,Tablet,4,Carolina,Siqueira,7/22/2023,Recife,1600,
5864,HL1918,iPhone,2,Gabriel,Rocha,1/9/2023,Recife,5300,
5865,HL1918,iPhone,5,Raphael,Kurtz,7/16/2023,Recife,5300,
5902,HL4379,Televisão,5,Antônio,Soares,10/7/2023,Recife,2500,
5905,HL4379,Televisão,3,Jessica,Ferreira,4/24/2023,Recife,2500,
5914,HL4379,Televisão,4,Maurí­cio,Dias,12/30/2023,Recife,2500,
5915,HL8851,Notebook,3,Rodrigo,Silva,8/5/2023,Recife,3500,
5934,HL1148,Câmera,5,Rebeca,Taylor,12/18/2023,Recife,2100,
5948,HL1918,iPhone,2,Raphael,Kurtz,1/20/2023,Recife,5300,
5990,HL2714,Tablet,5,Antonio,Manhíes,6/5/2023,Recife,1600,
5999,HL1918,iPhone,1,Paula,Isbelle,9/25/2023,Recife,5300,
6004,HL1148,Câmera,5,Amanda,Amaral,5/24/2023,Recife,2100,
6016,HL9962,Android,5,Raissa,Pinheiro,6/5/2023,Recife,3400,
6023,HL1148,Câmera,5,Rodrigo,Feijo,11/22/2023,Recife,2100,
6040,HL1918,iPhone,4,Raissa,Maia,6/23/2023,Recife,5300,
6067,HL1148,Câmera,1,Rogério,Pereira,10/19/2023,Recife,2100,
6082,HL9962,Android,2,Arthur,Pereira,10/8/2023,Recife,3400,
6084,HL4379,Televisão,3,Igor,Lima,2/2/2023,Recife,2500,
6105,HL1918,iPhone,2,Pedro,Santana,7/29/2023,Recife,5300,
6123,HL4379,Televisão,3,Giovana,Vilela,4/16/2023,Recife,2500,
6147,HL1918,iPhone,1,Isabela,Teixeira,8/6/2023,Recife,5300,
6171,HL9962,Android,5,Rebeca,Manhíes,12/23/2023,Recife,3400,
6176,HL1918,iPhone,3,Aline,Mello,8/8/2023,Recife,5300,
6180,HL8851,Notebook,1,Laí­s,Oliveira,8/4/2023,Recife,3500,
6183,HL4379,Televisão,3,Ulisses,Filho,10/18/2023,Recife,2500,
6185,HL1148,Câmera,5,Breno,Caputo,8/8/2023,Recife,2100,
6186,HL9962,Android,3,David,Campelo,6/16/2023,Recife,3400,
6204,HL7348,SmartWatch,3,Raul,Junqueira,5/13/2023,Recife,1400,
6213,HL7348,SmartWatch,4,Fernanda,Silva,7/17/2023,Recife,1400,
6214,HL1148,Câmera,1,Marcela,Gasperi,6/17/2023,Recife,2100,
6227,HL2714,Tablet,5,Lucas,Machado,4/18/2023,Recife,1600,
6246,HL1918,iPhone,4,Joío,Oliveira,7/31/2023,Recife,5300,
6271,HL4379,Televisão,3,Daniel,Terra,1/7/2023,Recife,2500,
6279,HL9962,Android,2,Pedro,Macckione,2/15/2023,Recife,3400,
6285,HL4379,Televisão,5,Fernanda,Rubim,3/18/2023,Recife,2500,
6338,HL4379,Televisão,1,David,Campelo,5/3/2023,Recife,2500,
6371,HL8851,Notebook,4,Lucas,Lemos,9/24/2023,Recife,3500,
6387,HL8851,Notebook,1,Rodrigo,Mendes,6/5/2023,Recife,3500,
6391,HL1148,Câmera,1,Joío,Menezes,6/25/2023,Recife,2100,
6421,HL1918,iPhone,4,Eduardo,Quindeler,1/19/2023,Recife,5300,
6442,HL9962,Android,1,Isabela,Resende,12/31/2023,Recife,3400,
6446,HL4379,Televisão,4,Pedro,Santos,7/30/2023,Recife,2500,
6531,HL7348,SmartWatch,5,Antônio,Soares,1/26/2023,Recife,1400,
6624,HL1918,iPhone,2,Luis,Silva,12/1/2023,Recife,5300,
6634,HL1918,iPhone,1,Ana,Júnior,10/12/2023,Recife,5300,
6637,HL1918,iPhone,2,Victor,Lira,7/23/2023,Recife,5300,
6661,HL4379,Televisão,3,Luiza,Cavalcanti,3/23/2023,Recife,2500,
6663,HL2714,Tablet,4,Thayna,Martins,5/29/2023,Recife,1600,
6664,HL9962,Android,4,Jéssica,Stefanelli,10/5/2023,Recife,3400,
6676,HL2714,Tablet,3,Felipe,Mello,4/27/2023,Recife,1600,
6679,HL1918,iPhone,2,Raphael,Ferman,8/11/2023,Recife,5300,
6686,HL1918,iPhone,4,Lucas,Freire,8/12/2023,Recife,5300,
6687,HL4379,Televisão,4,Raphael,Guedes,7/12/2023,Recife,2500,
6720,HL1918,iPhone,2,Isabel,Mesquita,2/25/2023,Recife,5300,
6722,HL4379,Televisão,1,Desirée,Heimlich,1/22/2023,Recife,2500,
6724,HL9962,Android,1,Pedro,Conceií§ío,4/7/2023,Recife,3400,
6725,HL1918,iPhone,5,Marina,Cormack,5/18/2023,Recife,5300,
6733,HL1918,iPhone,4,Felipe,Mello,10/15/2023,Recife,5300,
6736,HL9962,Android,3,Gustavo,Azevedo,9/29/2023,Recife,3400,
6743,HL1918,iPhone,4,Thales,Andrade,8/28/2023,Recife,5300,
6744,HL2714,Tablet,5,Pedro,Macckione,2/26/2023,Recife,1600,
6748,HL1918,iPhone,1,Roberto,Nogueira,8/14/2023,Recife,5300,
6795,HL4379,Televisão,3,Thales,Fanara,2/18/2023,Recife,2500,
6796,HL8851,Notebook,4,Mateus,Duque,6/23/2023,Recife,3500,
6832,HL9962,Android,5,Natalia,Guedes,8/25/2023,Recife,3400,
6834,HL1918,iPhone,1,Felipe,Júnior,1/24/2023,Recife,5300,
6842,HL2714,Tablet,1,Rebeca,Taylor,9/11/2023,Recife,1600,
6853,HL1918,iPhone,4,Sthefeson,Pereira,12/11/2023,Recife,5300,
6885,HL4379,Televisão,1,Itai,Puntel,10/5/2023,Recife,2500,
6893,HL8851,Notebook,3,Ulisses,Filho,7/12/2023,Recife,3500,
6912,HL2714,Tablet,1,Joío,Peí§anha,5/23/2023,Recife,1600,
6931,HL9962,Android,4,Rogério,Gentile,10/13/2023,Recife,3400,
6951,HL8851,Notebook,4,Rafael,Rocha,8/5/2023,Recife,3500,
6957,HL1148,Câmera,3,Beatriz,Biase,7/12/2023,Recife,2100,
6967,HL7348,SmartWatch,3,Maria,Junior,2/27/2023,Recife,1400,
6977,HL1918,iPhone,1,Carla,Zakhm,12/27/2023,Recife,5300,
6981,HL1918,iPhone,2,Fernanda,Silva,12/10/2023,Recife,5300,
6986,HL1918,iPhone,5,Juliana,Silva,12/28/2023,Recife,5300,
6993,HL1918,iPhone,1,Luana,Santos,7/3/2023,Recife,5300,
7004,HL7348,SmartWatch,4,Julia,Leig,3/10/2023,Recife,1400,
7010,HL4379,Televisão,2,Antonio,Bernhardt,6/4/2023,Recife,2500,
7018,HL1148,Câmera,5,Barbara,Procaci,12/2/2023,Recife,2100,
7027,HL2714,Tablet,1,Raissa,Negrelli,3/27/2023,Recife,1600,
7050,HL4379,Televisão,5,Gustavo,Junior,7/24/2023,Recife,2500,
7061,HL1148,Câmera,1,Ana,Bôas,8/6/2023,Recife,2100,
7068,HL2714,Tablet,4,Bruno,Barcessat,8/28/2023,Recife,1600,
7070,HL1918,iPhone,2,Juan,Fernandes,9/2/2023,Recife,5300,
7087,HL4379,Televisão,2,Breno,Britto,10/15/2023,Recife,2500,
7124,HL1918,iPhone,3,Maria,Costa,8/11/2023,Recife,5300,
7147,HL1918,iPhone,2,Beatriz,Almeida,8/26/2023,Recife,5300,
7172,HL1918,iPhone,4,Diogo,Ressurreií§ío,1/25/2023,Recife,5300,
7179,HL1918,iPhone,3,Cláudio,Aragío,8/26/2023,Recife,5300,
7204,HL1918,iPhone,4,Lucas,Lacerda,5/16/2023,Recife,5300,
7209,HL8851,Notebook,3,Beatriz,Biase,1/9/2023,Recife,3500,
7213,HL4379,Televisão,4,Thales,Fanara,12/19/2023,Recife,2500,
7224,HL7348,SmartWatch,1,Yasmim,Verly,3/9/2023,Recife,1400,
7233,HL4379,Televisão,3,Livia,Cozendey,1/24/2023,Recife,2500,
7250,HL1918,iPhone,5,Lázaro,Villanova,11/4/2023,Recife,5300,
7253,HL2714,Tablet,5,Sthefeson,Pereira,10/29/2023,Recife,1600,
7259,HL1918,iPhone,3,Fernanda,Figueiredo,8/21/2023,Recife,5300,
7260,HL4379,Televisão,5,Jéssica,Stefanelli,5/10/2023,Recife,2500,
7264,HL1918,iPhone,5,Bruna,Brandao,6/16/2023,Recife,5300,
7282,HL1918,iPhone,4,Nina,Magalhíes,8/10/2023,Recife,5300,
7285,HL1918,iPhone,2,Fernanda,Rubim,11/14/2023,Recife,5300,
7293,HL4379,Televisão,5,Ulisses,Filho,4/27/2023,Recife,2500,
7312,HL7348,SmartWatch,3,Gabriel,Silva,12/20/2023,Recife,1400,
7320,HL1148,Câmera,4,Daniel,Valente,9/24/2023,Recife,2100,
7449,HL2714,Tablet,4,Fabio,Boccaletti,3/6/2023,Recife,1600,
7461,HL1148,Câmera,5,Beatriz,Rodrigues,2/27/2023,Recife,2100,
7498,HL2714,Tablet,2,Joío,Fonseca,6/8/2023,Recife,1600,
7503,HL4379,Televisão,1,Mariane,Racy,12/21/2023,Recife,2500,
7513,HL9962,Android,4,Raí­ssa,Oliveira,12/23/2023,Recife,3400,
7518,HL4379,Televisão,3,Luiza,Cavalcanti,11/23/2023,Recife,2500,
7541,HL2714,Tablet,1,Mariane,Ferreira,3/29/2023,Recife,1600,
7547,HL1918,iPhone,1,Pedro,Ferrari,10/11/2023,Recife,5300,
7548,HL1918,iPhone,5,Antônio,Soares,4/12/2023,Recife,5300,
7550,HL4379,Televisão,4,Daniel,Alcoforado,8/9/2023,Recife,2500,
7559,HL4379,Televisão,2,Breno,Quinto,3/19/2023,Recife,2500,
7562,HL7348,SmartWatch,1,Igor,Azevedo,4/12/2023,Recife,1400,
7575,HL8851,Notebook,4,Nathalia,Ventura,7/18/2023,Recife,3500,
7576,HL1918,iPhone,1,Willian,Albino,7/4/2023,Recife,5300,
7584,HL2714,Tablet,1,Pedro,Cardoso,4/10/2023,Recife,1600,
7591,HL1918,iPhone,5,Danilo,Rubim,1/3/2023,Recife,5300,
7643,HL2714,Tablet,4,Joío,Fonseca,7/24/2023,Recife,1600,
7649,HL4379,Televisão,5,Guilherme,Castilho,3/19/2023,Recife,2500,
7691,HL1918,iPhone,1,Thales,Santos,4/16/2023,Recife,5300,
7693,HL2714,Tablet,3,Cláudio,Aragío,4/15/2023,Recife,1600,
7717,HL4379,Televisão,4,Thays,Castro,10/22/2023,Recife,2500,
7725,HL9962,Android,2,José,Carvalho,2/20/2023,Recife,3400,
7761,HL4379,Televisão,5,Guilherme,Rachide,6/24/2023,Recife,2500,
7780,HL4379,Televisão,1,Caio,Vianna,8/25/2023,Recife,2500,
7801,HL7348,SmartWatch,2,Yasser,Calbucci,3/2/2023,Recife,1400,
7815,HL4379,Televisão,3,Raphael,Machado,11/6/2023,Recife,2500,
7833,HL1918,iPhone,4,Amanda,Delgado,1/8/2023,Recife,5300,
7865,HL7348,SmartWatch,5,Bruna,Londero,5/12/2023,Recife,1400,
7902,HL4379,Televisão,1,Maria,Cardoso,7/3/2023,Recife,2500,
7922,HL2714,Tablet,2,Breno,Britto,2/8/2023,Recife,1600,
7936,HL4379,Televisão,3,Fillipe,Almeida,7/24/2023,Recife,2500,
7944,HL1918,iPhone,4,Luiza,Farias,3/22/2023,Recife,5300,
7946,HL1148,Câmera,4,Bruno,Oliveira,2/12/2023,Recife,2100,
8002,HL4379,Televisão,1,Marcelo,Guadagnino,6/19/2023,Recife,2500,
8005,HL1918,iPhone,3,Bernardo,Borges,6/20/2023,Recife,5300,
8019,HL8851,Notebook,3,Giovanna,Santos,4/16/2023,Recife,3500,
8020,HL8851,Notebook,3,Matheus,Tostes,3/21/2023,Recife,3500,
8022,HL7348,SmartWatch,4,Fernanda,Silva,7/20/2023,Recife,1400,
8031,HL1148,Câmera,4,Mayara,Soares,12/10/2023,Recife,2100,
8041,HL8851,Notebook,1,Philipe,Morete,1/16/2023,Recife,3500,
8060,HL8851,Notebook,1,Ana,Leite,12/11/2023,Recife,3500,
8066,HL1918,iPhone,3,Gustavo,Thome,1/28/2023,Recife,5300,
8084,HL2714,Tablet,3,Isabella,Santos,9/24/2023,Recife,1600,
8088,HL9962,Android,3,Bárbara,Cavalcante,10/11/2023,Recife,3400,
8103,HL4379,Televisão,1,Bruno,Mota,5/19/2023,Recife,2500,
8114,HL1918,iPhone,2,Douglas,Rodrigues,4/13/2023,Recife,5300,
8120,HL4379,Televisão,5,Caio,Silva,9/23/2023,Recife,2500,
8131,HL1918,iPhone,1,Jônatas,Tanaka,11/24/2023,Recife,5300,
8155,HL7348,SmartWatch,3,Anna,Maia,2/24/2023,Recife,1400,
8157,HL7348,SmartWatch,5,Pedro,Oliveira,8/6/2023,Recife,1400,
8162,HL1918,iPhone,3,Luí­za,Goulart,6/12/2023,Recife,5300,
8175,HL2714,Tablet,3,Philipe,Morete,5/29/2023,Recife,1600,
8185,HL1918,iPhone,4,David,Vasconcelos,12/30/2023,Recife,5300,
8201,HL8851,Notebook,4,Isabela,Resende,6/26/2023,Recife,3500,
8207,HL1148,Câmera,5,Marcela,Gasperi,6/9/2023,Recife,2100,
8224,HL1918,iPhone,4,Sandy,Figueiredo,6/8/2023,Recife,5300,
8227,HL2714,Tablet,4,Joío,Guadagnino,1/23/2023,Recife,1600,
8229,HL1148,Câmera,5,Caio,Caldas,2/27/2023,Recife,2100,
8252,HL1918,iPhone,3,Michelle,Pereira,3/4/2023,Recife,5300,
8273,HL4379,Televisão,3,Renan,Nascimento,1/6/2023,Recife,2500,
8279,HL1918,iPhone,3,Gustavo,Aragío,8/31/2023,Recife,5300,
8310,HL8851,Notebook,3,Daniel,Ortiz,9/14/2023,Recife,3500,
8357,HL1918,iPhone,2,Lázaro,Nascimento,8/16/2023,Recife,5300,
8362,HL1918,iPhone,5,Joao,Pereira,7/10/2023,Recife,5300,
8385,HL7348,SmartWatch,2,Gustavo,Aragío,8/31/2023,Recife,1400,
8414,HL2714,Tablet,3,Gabriela,Cavalcanti,1/3/2023,Recife,1600,
8421,HL2714,Tablet,1,Eric,Júnior,7/22/2023,Recife,1600,
8422,HL1918,iPhone,3,Catarina,Teixeira,5/11/2023,Recife,5300,
8433,HL1148,Câmera,4,Luí­za,Garcia,9/22/2023,Recife,2100,
8439,HL1918,iPhone,5,Dandara,Reis,3/10/2023,Recife,5300,
8464,HL1148,Câmera,5,Alvaro,Kranz,7/31/2023,Recife,2100,
8496,HL1918,iPhone,3,Kimberly,Sad,5/19/2023,Recife,5300,
8526,HL1918,iPhone,2,Thaí­s,Moura,4/4/2023,Recife,5300,
8527,HL4379,Televisão,3,Bernardo,Ribeiro,7/16/2023,Recife,2500,
8536,HL1148,Câmera,3,Bernardo,Ribeiro,4/29/2023,Recife,2100,
8539,HL7348,SmartWatch,1,Letí­cia,Araujo,5/19/2023,Recife,1400,
8547,HL8851,Notebook,3,Raí­za,Lopes,5/8/2023,Recife,3500,
8552,HL7348,SmartWatch,1,Mônica,Rotolo,9/15/2023,Recife,1400,
8577,HL1918,iPhone,2,Mariana,Barrozo,6/10/2023,Recife,5300,
8601,HL1918,iPhone,1,Victor,Lira,5/5/2023,Recife,5300,
8602,HL2714,Tablet,4,Joío,Bach,6/4/2023,Recife,1600,
8605,HL8851,Notebook,5,Rafael,Ramos,9/18/2023,Recife,3500,
8607,HL7348,SmartWatch,2,Rafael,Portela,6/23/2023,Recife,1400,
8635,HL9962,Android,1,Carlos,Cardoso,10/31/2023,Recife,3400,
8654,HL8851,Notebook,2,Luiza,Procaci,3/17/2023,Recife,3500,
8661,HL7348,SmartWatch,4,Roger,Rosa,5/31/2023,Recife,1400,
8667,HL4379,Televisão,4,Marina,Mesquita,7/24/2023,Recife,2500,
8673,HL1918,iPhone,3,Giulia,Pessanha,11/20/2023,Recife,5300,
8692,HL7348,SmartWatch,5,Pedro,Bitencourt,7/28/2023,Recife,1400,
8723,HL8851,Notebook,1,Luana,Santana,7/28/2023,Recife,3500,
8724,HL4379,Televisão,2,Kim,Ferreira,7/19/2023,Recife,2500,
8725,HL2714,Tablet,3,Livia,Corrêa,5/10/2023,Recife,1600,
8745,HL1918,iPhone,2,Antonio,Bernhardt,7/6/2023,Recife,5300,
8747,HL9962,Android,2,Aline,Andrade,11/18/2023,Recife,3400,
8750,HL1918,iPhone,5,Patrick,Silva,8/9/2023,Recife,5300,
8754,HL2714,Tablet,3,Bruna,Ramos,10/11/2023,Recife,1600,
8778,HL1918,iPhone,5,Maria,Costa,10/31/2023,Recife,5300,
8788,HL4379,Televisão,1,Beatriz,Santos,9/13/2023,Recife,2500,
8789,HL1918,iPhone,4,Ruan,Lopes,6/8/2023,Recife,5300,
8797,HL2714,Tablet,3,Marina,Marins,11/18/2023,Recife,1600,
8806,HL4379,Televisão,1,Luiza,Farias,3/21/2023,Recife,2500,
8814,HL7348,SmartWatch,2,Juliana,Silva,6/21/2023,Recife,1400,
8852,HL4379,Televisão,1,Lázaro,Villanova,9/25/2023,Recife,2500,
8874,HL4379,Televisão,4,Aline,Morais,7/29/2023,Recife,2500,
8877,HL8851,Notebook,3,Lenon,Fernandes,7/20/2023,Recife,3500,
8888,HL4379,Televisão,4,Marianna,Pestana,4/23/2023,Recife,2500,
8894,HL7348,SmartWatch,2,Chan,Santos,5/15/2023,Recife,1400,
8918,HL1148,Câmera,4,Leandro,Rodrigues,6/2/2023,Recife,2100,
8941,HL4379,Televisão,3,Jônatas,Soares,10/9/2023,Recife,2500,
8962,HL7348,SmartWatch,5,Joyce,Souza,3/17/2023,Recife,1400,
8971,HL2714,Tablet,4,Lucas,Machado,6/2/2023,Recife,1600,
8973,HL9962,Android,3,Beatriz,Li,1/7/2023,Recife,3400,
8985,HL4379,Televisão,4,Ana,Júnior,12/3/2023,Recife,2500,
9020,HL1918,iPhone,1,Pedro,Lyra,11/25/2023,Recife,5300,
9052,HL1918,iPhone,3,Joío,Abraí§ado,6/10/2023,Recife,5300,
9069,HL7348,SmartWatch,4,Marcelo,Guadagnino,7/4/2023,Recife,1400,
9083,HL1918,iPhone,2,Giovanna,Santos,1/4/2023,Recife,5300,
9085,HL8851,Notebook,2,Gabrielle,Virí­ssimo,3/24/2023,Recife,3500,
9099,HL9962,Android,5,Jorge,Carvalho,9/8/2023,Recife,3400,
9101,HL4379,Televisão,4,Danilo,Rubim,3/23/2023,Recife,2500,
9134,HL4379,Televisão,3,Beatriz,Li,5/10/2023,Recife,2500,
9137,HL1918,iPhone,4,Rafael,Ramos,2/4/2023,Recife,5300,
9152,HL2714,Tablet,5,Stefan,Nunes,10/22/2023,Recife,1600,
9159,HL1918,iPhone,1,Raul,Junqueira,1/27/2023,Recife,5300,
9182,HL1918,iPhone,3,David,Vasconcelos,9/9/2023,Recife,5300,
9189,HL8851,Notebook,5,Deysiane,Bach,1/29/2023,Recife,3500,
9200,HL1918,iPhone,3,Rafaela,Rodrigues,1/2/2023,Recife,5300,
9207,HL1148,Câmera,2,Patrí­cia,Fernandes,1/20/2023,Recife,2100,
9220,HL8851,Notebook,2,Thaí­s,Pereira,4/19/2023,Recife,3500,
9221,HL4379,Televisão,5,Matheus,Moraes,8/7/2023,Recife,2500,
9246,HL4379,Televisão,2,Hércules,Moreira,9/16/2023,Recife,2500,
9251,HL1148,Câmera,1,Joío,Matheus,6/1/2023,Recife,2100,
9254,HL7348,SmartWatch,1,Gabriel,Almeida,2/23/2023,Recife,1400,
9259,HL9962,Android,4,Fernanda,Junior,11/7/2023,Recife,3400,
9267,HL2714,Tablet,4,Gabriel,Pereira,12/5/2023,Recife,1600,
9269,HL4379,Televisão,5,Dykson,Silva,2/15/2023,Recife,2500,
9286,HL7348,SmartWatch,4,Marina,Correa,6/11/2023,Recife,1400,
9293,HL7348,SmartWatch,4,Bianca,Allevato,3/23/2023,Recife,1400,
9295,HL2714,Tablet,5,Kimberly,Sad,6/8/2023,Recife,1600,
9308,HL4379,Televisão,4,Marina,Mesquita,2/2/2023,Recife,2500,
9322,HL9962,Android,3,Gabrielle,Silva,7/5/2023,Recife,3400,
9327,HL2714,Tablet,5,Priscila,Carvalho,3/8/2023,Recife,1600,
9354,HL1918,iPhone,1,Carolina,Santos,2/18/2023,Recife,5300,
9361,HL1918,iPhone,2,Pedro,Rodrigues,5/29/2023,Recife,5300,
9364,HL1148,Câmera,1,Mariana,Baptista,8/21/2023,Recife,2100,
9394,HL1918,iPhone,3,Rebeca,Manhíes,7/9/2023,Recife,5300,
9438,HL1918,iPhone,4,Andre,Ní³brega,1/23/2023,Recife,5300,
9440,HL1918,iPhone,5,Ana,Felippe,9/27/2023,Recife,5300,
9454,HL4379,Televisão,2,Cí­cero,Lima,11/10/2023,Recife,2500,
9455,HL1148,Câmera,5,Camilla,Guimaríes,1/18/2023,Recife,2100,
9462,HL8851,Notebook,2,Gustavo,Accardo,2/28/2023,Recife,3500,
9469,HL7348,SmartWatch,5,Andressa,Ní³brega,3/28/2023,Recife,1400,
9475,HL1918,iPhone,5,Anderson,Barreto,8/11/2023,Recife,5300,
9493,HL1148,Câmera,5,Jonatas,Passos,7/27/2023,Recife,2100,
9495,HL1918,iPhone,2,Carlos,Barbosa,8/22/2023,Recife,5300,
9502,HL2714,Tablet,2,Bruno,Oliveira,6/27/2023,Recife,1600,
9512,HL4379,Televisão,3,Victor,Corrêa,5/13/2023,Recife,2500,
9513,HL1148,Câmera,3,Julia,Leig,4/12/2023,Recife,2100,
9516,HL7348,SmartWatch,1,Beatriz,Rocha,3/21/2023,Recife,1400,
9525,HL4379,Televisão,3,Marianna,Pestana,3/21/2023,Recife,2500,
9534,HL4379,Televisão,2,Joío,Silva,2/21/2023,Recife,2500,
9543,HL1918,iPhone,3,Camille,Silva,4/15/2023,Recife,5300,
9580,HL1148,Câmera,1,Luí­za,Garcia,10/15/2023,Recife,2100,
9588,HL7348,SmartWatch,4,Juan,Barbosa,2/12/2023,Recife,1400,
9589,HL7348,SmartWatch,1,Pedro,Buraco,11/19/2023,Recife,1400,
9590,HL1148,Câmera,4,Henrique,Villanova,10/28/2023,Recife,2100,
9620,HL4379,Televisão,2,Luí­sa,Fonseca,12/20/2023,Recife,2500,
9637,HL1918,iPhone,4,Rafael,Rocha,3/29/2023,Recife,5300,
9652,HL8851,Notebook,5,Joyce,Souza,11/24/2023,Recife,3500,
9665,HL1148,Câmera,3,Alberto,Silveira,1/18/2023,Recife,2100,
9673,HL4379,Televisão,2,Joío,Tabet,5/22/2023,Recife,2500,
9676,HL1918,iPhone,1,Camilla,Cardeman,4/20/2023,Recife,5300,
9686,HL1918,iPhone,4,Joío,Silva,1/27/2023,Recife,5300,
9773,HL1918,iPhone,3,Giselia,Thiele,9/18/2023,Recife,5300,
9781,HL4379,Televisão,2,Joío,Siqueira,6/16/2023,Recife,2500,
9784,HL1918,iPhone,4,Camilla,Guimaríes,1/29/2023,Recife,5300,
9802,HL1918,iPhone,4,Joío,Menezes,8/17/2023,Recife,5300,
9805,HL4379,Televisão,3,Eric,Carvalho,4/24/2023,Recife,2500,
9821,HL2714,Tablet,2,Priscila,Suzano,5/11/2023,Recife,1600,
9832,HL2714,Tablet,2,Stephanie,Oliveira,7/19/2023,Recife,1600,
9853,HL4379,Televisão,1,Célio,Xavier,3/1/2023,Recife,2500,
9860,HL8851,Notebook,5,Matheus,Delgado,8/9/2023,Recife,3500,
9865,HL4379,Televisão,2,Clara,Silveira,12/2/2023,Recife,2500,
9874,HL2714,Tablet,4,Bianca,Piero,2/25/2023,Recife,1600,
9875,HL7348,SmartWatch,3,Rubens,Netto,11/6/2023,Recife,1400,
9888,HL8851,Notebook,2,Giovanna,Santos,1/3/2023,Recife,3500,
9920,HL1148,Câmera,4,Arthur,Souza,12/8/2023,Recife,2100,
9930,HL1918,iPhone,3,Fillipe,Almeida,10/9/2023,Recife,5300,
9938,HL4379,Televisão,3,Fernanda,Silva,12/18/2023,Recife,2500,
9941,HL2714,Tablet,5,Alvaro,Kranz,11/21/2023,Recife,1600,
9969,HL1918,iPhone,4,Itai,Puntel,11/6/2023,Recife,5300,
9986,HL9962,Android,4,Julia,Leite,4/8/2023,Recife,3400,
9992,HL1918,iPhone,1,Marina,Cormack,12/31/2023,Recife,5300,
